PKT t=7126 TX ua=95 mt=P len=0
PKT t=7135 RX ua=95 mt=R len=7
PKT t=7140 TX ua=95 mt=P len=0
PKT t=7149 RX ua=95 mt=R len=7
PKT t=7154 TX ua=95 mt=P len=0
PKT t=7183 RX ua=95 mt=R len=7
PKT t=7188 TX ua=95 mt=P len=0
PKT t=7197 RX ua=95 mt=R len=7
PKT t=7202 TX ua=95 mt=P len=0
PKT t=7211 RX ua=95 mt=R len=7
PKT t=7216 TX ua=95 mt=P len=0
PKT t=7225 RX ua=95 mt=R len=7
PKT t=7230 TX ua=95 mt=P len=0
PKT t=7239 RX ua=95 mt=R len=7
PKT t=7244 TX ua=95 mt=P len=0
PKT t=7253 RX ua=95 mt=R len=7
PKT t=7258 TX ua=95 mt=P len=0
PKT t=7287 RX ua=95 mt=R len=7
PKT t=7292 TX ua=95 mt=P len=0
PKT t=7301 RX ua=95 mt=R len=7
PKT t=7306 TX ua=95 mt=P len=0
PKT t=7315 RX ua=95 mt=R len=7
PKT t=7320 TX ua=95 mt=P len=0
PKT t=7329 RX ua=95 mt=R len=7
PKT t=7334 TX ua=95 mt=P len=0
PKT t=7343 RX ua=95 mt=R len=7
PKT t=7348 TX ua=95 mt=P len=0
PKT t=7357 RX ua=95 mt=R len=7
PKT t=7362 TX ua=95 mt=T len=7
PKT t=7374 TX ua=95 mt=P len=0
PKT t=7393 RX ua=95 mt=R len=7
PKT t=7398 TX ua=95 mt=P len=0
PKT t=7408 RX ua=95 mt=R len=7
PKT t=7413 TX ua=95 mt=P len=0
PKT t=7423 RX ua=95 mt=R len=7
PKT t=7428 TX ua=95 mt=P len=0
PKT t=7438 RX ua=95 mt=R len=7
PKT t=7443 TX ua=95 mt=P len=0
PKT t=7453 RX ua=95 mt=R len=7
PKT t=7458 TX ua=95 mt=P len=0
PKT t=7490 RX ua=95 mt=R len=7
PKT t=7495 TX ua=95 mt=P len=0
PKT t=7505 RX ua=95 mt=R len=7
PKT t=7510 TX ua=95 mt=P len=0
PKT t=7520 RX ua=95 mt=R len=7
PKT t=7525 TX ua=95 mt=P len=0
PKT t=7535 RX ua=95 mt=R len=7
PKT t=7540 TX ua=95 mt=P len=0
PKT t=7550 RX ua=95 mt=R len=7
PKT t=7555 TX ua=95 mt=P len=0
PKT t=7565 RX ua=95 mt=R len=7
PKT t=7570 TX ua=95 mt=P len=0
PKT t=7599 RX ua=95 mt=R len=7
PKT t=7604 TX ua=95 mt=P len=0
PKT t=7614 RX ua=95 mt=R len=7
PKT t=7619 TX ua=95 mt=T len=7
PKT t=7631 TX ua=95 mt=P len=0
PKT t=7640 RX ua=95 mt=R len=7
PKT t=7645 TX ua=95 mt=P len=0
PKT t=7654 RX ua=95 mt=R len=7
PKT t=7659 TX ua=95 mt=P len=0
PKT t=7668 RX ua=95 mt=R len=7
PKT t=7673 TX ua=95 mt=P len=0
PKT t=7702 RX ua=95 mt=R len=7
PKT t=7707 TX ua=95 mt=P len=0
PKT t=7716 RX ua=95 mt=R len=7
PKT t=7721 TX ua=95 mt=P len=0
PKT t=7730 RX ua=95 mt=R len=7
PKT t=7735 TX ua=95 mt=P len=0
PKT t=7744 RX ua=95 mt=R len=7
PKT t=7749 TX ua=95 mt=P len=0
PKT t=7758 RX ua=95 mt=R len=7
PKT t=7763 TX ua=95 mt=P len=0
PKT t=7772 RX ua=95 mt=R len=7
PKT t=7777 TX ua=95 mt=P len=0
PKT t=7806 RX ua=95 mt=R len=7
PKT t=7811 TX ua=95 mt=P len=0
PKT t=7820 RX ua=95 mt=R len=7
PKT t=7825 TX ua=95 mt=P len=0
PKT t=7834 RX ua=95 mt=R len=7
PKT t=7839 TX ua=95 mt=P len=0
PKT t=7849 RX ua=95 mt=R len=7
PKT t=7854 TX ua=95 mt=P len=0
PKT t=7863 RX ua=95 mt=R len=7
PKT t=7868 TX ua=95 mt=T len=7
PKT t=7880 TX ua=95 mt=P len=0
PKT t=7908 RX ua=95 mt=R len=7
PKT t=7913 TX ua=95 mt=P len=0
PKT t=7922 RX ua=95 mt=R len=7
PKT t=7927 TX ua=95 mt=P len=0
PKT t=7936 RX ua=95 mt=R len=7
PKT t=7941 TX ua=95 mt=P len=0
PKT t=7950 RX ua=95 mt=R len=7
PKT t=7955 TX ua=95 mt=P len=0
PKT t=7964 RX ua=95 mt=R len=7
PKT t=7969 TX ua=95 mt=P len=0
PKT t=7978 RX ua=95 mt=R len=7
PKT t=7983 TX ua=95 mt=P len=0
PKT t=8012 RX ua=95 mt=R len=7
PKT t=8017 TX ua=95 mt=P len=0
PKT t=8026 RX ua=95 mt=R len=7
PKT t=8031 TX ua=95 mt=P len=0
PKT t=8040 RX ua=95 mt=R len=7
PKT t=8045 TX ua=95 mt=P len=0
PKT t=8066 RX ua=95 mt=R len=7
PKT t=8321 TX ua=96 mt=P len=0
PKT t=8579 TX ua=95 mt=P len=0
PKT t=8588 RX ua=95 mt=R len=7
PKT t=8593 TX ua=95 mt=T len=7
PKT t=8605 TX ua=95 mt=P len=0
PKT t=8614 RX ua=95 mt=R len=7
PKT t=8619 TX ua=95 mt=T len=7
PKT t=8631 TX ua=95 mt=P len=0
PKT t=8640 RX ua=95 mt=R len=7
PKT t=8645 TX ua=95 mt=P len=0
PKT t=8654 RX ua=95 mt=R len=7
PKT t=8659 TX ua=95 mt=P len=0
PKT t=8668 RX ua=95 mt=R len=7
PKT t=8673 TX ua=95 mt=P len=0
PKT t=8682 RX ua=95 mt=R len=7
PKT t=8687 TX ua=95 mt=P len=0
PKT t=8716 RX ua=95 mt=R len=7
PKT t=8721 TX ua=95 mt=P len=0
PKT t=8730 RX ua=95 mt=R len=7
PKT t=8735 TX ua=95 mt=P len=0
PKT t=8744 RX ua=95 mt=R len=7
PKT t=8749 TX ua=95 mt=P len=0
PKT t=8758 RX ua=95 mt=R len=7
PKT t=8763 TX ua=95 mt=P len=0
PKT t=8772 RX ua=95 mt=R len=7
PKT t=8777 TX ua=95 mt=P len=0
PKT t=8786 RX ua=95 mt=R len=7
PKT t=8791 TX ua=95 mt=P len=0
PKT t=8820 RX ua=95 mt=R len=7
PKT t=8825 TX ua=95 mt=P len=0
PKT t=8834 RX ua=95 mt=R len=7
PKT t=8839 TX ua=95 mt=P len=0
PKT t=8848 RX ua=95 mt=R len=7
PKT t=8853 TX ua=95 mt=P len=0
PKT t=8862 RX ua=95 mt=R len=7
PKT t=8867 TX ua=95 mt=T len=7
PKT t=8879 TX ua=95 mt=P len=0
PKT t=8888 RX ua=95 mt=R len=7
PKT t=8893 TX ua=95 mt=P len=0
PKT t=8922 RX ua=95 mt=R len=7
PKT t=8927 TX ua=95 mt=P len=0
PKT t=8936 RX ua=95 mt=R len=7
PKT t=8941 TX ua=95 mt=P len=0
PKT t=8950 RX ua=95 mt=R len=7
PKT t=8955 TX ua=95 mt=P len=0
PKT t=8964 RX ua=95 mt=R len=7
PKT t=8969 TX ua=95 mt=P len=0
PKT t=8978 RX ua=95 mt=R len=7
PKT t=8983 TX ua=95 mt=P len=0
PKT t=8992 RX ua=95 mt=R len=7
PKT t=8997 TX ua=95 mt=P len=0
PKT t=9026 RX ua=95 mt=R len=7
PKT t=9031 TX ua=95 mt=P len=0
PKT t=9040 RX ua=95 mt=R len=7
PKT t=9045 TX ua=95 mt=P len=0
PKT t=9066 RX ua=95 mt=R len=7
PKT t=9321 TX ua=96 mt=I len=13
PKT t=9829 TX ua=96 mt=T len=4
PKT t=9840 TX ua=95 mt=P len=0
PKT t=9849 RX ua=95 mt=R len=7
PKT t=9854 TX ua=95 mt=T len=7
PKT t=9866 TX ua=95 mt=P len=0
PKT t=9875 RX ua=95 mt=R len=7
PKT t=9880 TX ua=95 mt=P len=0
PKT t=9889 RX ua=95 mt=R len=7
PKT t=9894 TX ua=95 mt=P len=0
PKT t=9925 RX ua=95 mt=R len=7
PKT t=9930 TX ua=95 mt=P len=0
PKT t=9939 RX ua=95 mt=R len=7
PKT t=9944 TX ua=95 mt=P len=0
PKT t=9953 RX ua=95 mt=R len=7
PKT t=9958 TX ua=95 mt=P len=0
PKT t=9967 RX ua=95 mt=R len=7
PKT t=9972 TX ua=95 mt=P len=0
PKT t=9981 RX ua=95 mt=R len=7
PKT t=9986 TX ua=95 mt=P len=0
PKT t=9995 RX ua=95 mt=R len=7
PKT t=10000 TX ua=95 mt=P len=0
PKT t=10029 RX ua=95 mt=R len=7
PKT t=10034 TX ua=95 mt=P len=0
PKT t=10043 RX ua=95 mt=R len=7
PKT t=10066 TX ua=95 mt=P len=0
PKT t=10075 RX ua=95 mt=R len=7
PKT t=10080 TX ua=95 mt=P len=0
PKT t=10089 RX ua=95 mt=R len=7
PKT t=10094 TX ua=95 mt=P len=0
PKT t=10103 RX ua=95 mt=R len=7
PKT t=10108 TX ua=95 mt=P len=0
PKT t=10141 RX ua=95 mt=R len=7
PKT t=10146 TX ua=95 mt=T len=7
PKT t=10159 TX ua=95 mt=P len=0
PKT t=10168 RX ua=95 mt=R len=7
PKT t=10173 TX ua=95 mt=T len=7
PKT t=10186 TX ua=95 mt=P len=0
PKT t=10195 RX ua=95 mt=R len=7
PKT t=10200 TX ua=95 mt=P len=0
PKT t=10209 RX ua=95 mt=R len=7
PKT t=10214 TX ua=95 mt=P len=0
PKT t=10243 RX ua=95 mt=R len=7
PKT t=10248 TX ua=95 mt=P len=0
PKT t=10257 RX ua=95 mt=R len=7
PKT t=10262 TX ua=95 mt=P len=0
PKT t=10271 RX ua=95 mt=R len=7
PKT t=10276 TX ua=95 mt=P len=0
PKT t=10285 RX ua=95 mt=R len=7
PKT t=10290 TX ua=95 mt=P len=0
PKT t=10299 RX ua=95 mt=R len=7
PKT t=10304 TX ua=95 mt=P len=0
PKT t=10313 RX ua=95 mt=R len=7
PKT t=10318 TX ua=95 mt=P len=0
PKT t=10347 RX ua=95 mt=R len=7
PKT t=10352 TX ua=95 mt=P len=0
PKT t=10361 RX ua=95 mt=R len=7
PKT t=10366 TX ua=95 mt=T len=7
PKT t=10379 TX ua=95 mt=P len=0
PKT t=10388 RX ua=95 mt=R len=7
PKT t=10393 TX ua=95 mt=P len=0
PKT t=10402 RX ua=95 mt=R len=7
PKT t=10407 TX ua=95 mt=P len=0
PKT t=10416 RX ua=95 mt=R len=7
PKT t=10421 TX ua=95 mt=P len=0
PKT t=10450 RX ua=95 mt=R len=7
PKT t=10455 TX ua=95 mt=P len=0
PKT t=10464 RX ua=95 mt=R len=7
PKT t=10469 TX ua=95 mt=P len=0
PKT t=10478 RX ua=95 mt=R len=7
PKT t=10483 TX ua=95 mt=P len=0
PKT t=10492 RX ua=95 mt=R len=7
PKT t=10497 TX ua=95 mt=P len=0
PKT t=10506 RX ua=95 mt=R len=7
PKT t=10511 TX ua=95 mt=P len=0
PKT t=10520 RX ua=95 mt=R len=7
PKT t=10525 TX ua=95 mt=P len=0
PKT t=10554 RX ua=95 mt=R len=7
PKT t=10559 TX ua=95 mt=P len=0
PKT t=10568 RX ua=95 mt=R len=7
PKT t=10573 TX ua=95 mt=P len=0
PKT t=10582 RX ua=95 mt=R len=7
PKT t=10587 TX ua=95 mt=P len=0
PKT t=10596 RX ua=95 mt=R len=7
PKT t=10601 TX ua=95 mt=P len=0
PKT t=10610 RX ua=95 mt=R len=7
PKT t=10615 TX ua=95 mt=T len=7
PKT t=10628 TX ua=95 mt=P len=0
PKT t=10655 RX ua=95 mt=R len=7
PKT t=10660 TX ua=95 mt=P len=0
PKT t=10669 RX ua=95 mt=R len=7
PKT t=10674 TX ua=95 mt=P len=0
PKT t=10683 RX ua=95 mt=R len=7
PKT t=10688 TX ua=95 mt=P len=0
PKT t=10697 RX ua=95 mt=R len=7
PKT t=10702 TX ua=95 mt=P len=0
PKT t=10711 RX ua=95 mt=R len=7
PKT t=10716 TX ua=95 mt=P len=0
PKT t=10725 RX ua=95 mt=R len=7
PKT t=10730 TX ua=95 mt=P len=0
PKT t=10759 RX ua=95 mt=R len=7
PKT t=10764 TX ua=95 mt=P len=0
PKT t=10773 RX ua=95 mt=R len=7
PKT t=10778 TX ua=95 mt=P len=0
PKT t=10787 RX ua=95 mt=R len=7
PKT t=10792 TX ua=95 mt=P len=0
PKT t=10801 RX ua=95 mt=R len=7
PKT t=10806 TX ua=95 mt=P len=0
PKT t=10815 RX ua=95 mt=R len=7
PKT t=10820 TX ua=95 mt=P len=0
PKT t=10829 RX ua=95 mt=R len=7
PKT t=10834 TX ua=95 mt=P len=0
PKT t=10863 RX ua=95 mt=R len=7
PKT t=10868 TX ua=95 mt=T len=7
PKT t=10881 TX ua=95 mt=P len=0
PKT t=10890 RX ua=95 mt=R len=7
PKT t=10895 TX ua=95 mt=P len=0
PKT t=10904 RX ua=95 mt=R len=7
PKT t=10909 TX ua=95 mt=P len=0
PKT t=10918 RX ua=95 mt=R len=7
PKT t=10923 TX ua=95 mt=P len=0
PKT t=10932 RX ua=95 mt=R len=7
PKT t=10937 TX ua=95 mt=P len=0
PKT t=10966 RX ua=95 mt=R len=7
PKT t=10971 TX ua=95 mt=P len=0
PKT t=10980 RX ua=95 mt=R len=7
PKT t=10985 TX ua=95 mt=P len=0
PKT t=10994 RX ua=95 mt=R len=7
PKT t=10999 TX ua=95 mt=P len=0
PKT t=11008 RX ua=95 mt=R len=7
PKT t=11013 TX ua=95 mt=P len=0
PKT t=11022 RX ua=95 mt=R len=7
PKT t=11027 TX ua=95 mt=P len=0
PKT t=11036 RX ua=95 mt=R len=7
PKT t=11041 TX ua=95 mt=P len=0
PKT t=11070 RX ua=95 mt=R len=7
PKT t=11075 TX ua=95 mt=P len=0
PKT t=11084 RX ua=95 mt=R len=7
PKT t=11089 TX ua=95 mt=P len=0
PKT t=11098 RX ua=95 mt=R len=7
PKT t=11103 TX ua=95 mt=P len=0
PKT t=11112 RX ua=95 mt=R len=7
PKT t=11117 TX ua=95 mt=T len=7
PKT t=11129 TX ua=95 mt=P len=0
PKT t=11138 RX ua=95 mt=R len=7
PKT t=11143 TX ua=95 mt=P len=0
PKT t=11172 RX ua=95 mt=R len=7
PKT t=11177 TX ua=95 mt=P len=0
PKT t=11186 RX ua=95 mt=R len=7
PKT t=11191 TX ua=95 mt=P len=0
PKT t=11200 RX ua=95 mt=R len=7
PKT t=11205 TX ua=95 mt=P len=0
PKT t=11214 RX ua=95 mt=R len=7
PKT t=11219 TX ua=95 mt=P len=0
PKT t=11228 RX ua=95 mt=R len=7
PKT t=11233 TX ua=95 mt=P len=0
PKT t=11242 RX ua=95 mt=R len=7
PKT t=11247 TX ua=95 mt=P len=0
PKT t=11276 RX ua=95 mt=R len=7
PKT t=11281 TX ua=95 mt=P len=0
PKT t=11290 RX ua=95 mt=R len=7
PKT t=11295 TX ua=95 mt=P len=0
PKT t=11304 RX ua=95 mt=R len=7
PKT t=11309 TX ua=95 mt=P len=0
PKT t=11318 RX ua=95 mt=R len=7
PKT t=11323 TX ua=95 mt=P len=0
PKT t=11332 RX ua=95 mt=R len=7
PKT t=11337 TX ua=95 mt=P len=0
PKT t=11346 RX ua=95 mt=R len=7
PKT t=11351 TX ua=95 mt=P len=0
PKT t=11380 RX ua=95 mt=R len=7
PKT t=11385 TX ua=95 mt=T len=7
PKT t=11397 TX ua=95 mt=P len=0
PKT t=11407 RX ua=95 mt=R len=7
PKT t=11412 TX ua=95 mt=P len=0
PKT t=11422 RX ua=95 mt=R len=7
PKT t=11427 TX ua=95 mt=P len=0
PKT t=11437 RX ua=95 mt=R len=7
PKT t=11442 TX ua=95 mt=P len=0
PKT t=11452 RX ua=95 mt=R len=7
PKT t=11457 TX ua=95 mt=P len=0
PKT t=11486 RX ua=95 mt=R len=7
PKT t=11491 TX ua=95 mt=P len=0
PKT t=11501 RX ua=95 mt=R len=7
PKT t=11506 TX ua=95 mt=P len=0
PKT t=11516 RX ua=95 mt=R len=7
PKT t=11521 TX ua=95 mt=P len=0
PKT t=11531 RX ua=95 mt=R len=7
PKT t=11536 TX ua=95 mt=P len=0
PKT t=11546 RX ua=95 mt=R len=7
PKT t=11551 TX ua=95 mt=P len=0
PKT t=11561 RX ua=95 mt=R len=7
PKT t=11566 TX ua=95 mt=P len=0
PKT t=11595 RX ua=95 mt=R len=7
PKT t=11600 TX ua=95 mt=P len=0
PKT t=11610 RX ua=95 mt=R len=7
PKT t=11615 TX ua=95 mt=T len=7
PKT t=11627 TX ua=95 mt=P len=0
PKT t=11636 RX ua=95 mt=R len=7
PKT t=11641 TX ua=95 mt=P len=0
PKT t=11650 RX ua=95 mt=R len=7
PKT t=11655 TX ua=95 mt=P len=0
PKT t=11664 RX ua=95 mt=R len=7
PKT t=11669 TX ua=95 mt=P len=0
PKT t=11698 RX ua=95 mt=R len=7
PKT t=11703 TX ua=95 mt=P len=0
PKT t=11712 RX ua=95 mt=R len=7
PKT t=11717 TX ua=95 mt=P len=0
PKT t=11726 RX ua=95 mt=R len=7
PKT t=11731 TX ua=95 mt=P len=0
PKT t=11740 RX ua=95 mt=R len=7
PKT t=11745 TX ua=95 mt=P len=0
PKT t=11754 RX ua=95 mt=R len=7
PKT t=11759 TX ua=95 mt=P len=0
PKT t=11768 RX ua=95 mt=R len=7
PKT t=11773 TX ua=95 mt=P len=0
PKT t=11802 RX ua=95 mt=R len=7
PKT t=11807 TX ua=95 mt=P len=0
PKT t=11816 RX ua=95 mt=R len=7
PKT t=11821 TX ua=95 mt=P len=0
PKT t=11830 RX ua=95 mt=R len=7
PKT t=11835 TX ua=95 mt=P len=0
PKT t=11844 RX ua=95 mt=R len=7
PKT t=11849 TX ua=95 mt=P len=0
PKT t=11858 RX ua=95 mt=R len=7
PKT t=11863 TX ua=95 mt=T len=7
PKT t=11875 TX ua=95 mt=P len=0
PKT t=11903 RX ua=95 mt=R len=7
PKT t=11908 TX ua=95 mt=P len=0
PKT t=11917 RX ua=95 mt=R len=7
PKT t=11922 TX ua=95 mt=P len=0
PKT t=11931 RX ua=95 mt=R len=7
PKT t=11936 TX ua=95 mt=P len=0
PKT t=11945 RX ua=95 mt=R len=7
PKT t=11950 TX ua=95 mt=P len=0
PKT t=11959 RX ua=95 mt=R len=7
PKT t=11964 TX ua=95 mt=P len=0
PKT t=11973 RX ua=95 mt=R len=7
PKT t=11978 TX ua=95 mt=P len=0
PKT t=12010 RX ua=95 mt=R len=7
PKT t=12015 TX ua=95 mt=P len=0
PKT t=12024 RX ua=95 mt=R len=7
PKT t=12029 TX ua=95 mt=P len=0
PKT t=12038 RX ua=95 mt=R len=7
PKT t=12043 TX ua=95 mt=P len=0
PKT t=12066 RX ua=95 mt=R len=7
PKT t=12071 TX ua=95 mt=P len=0
PKT t=12080 RX ua=95 mt=R len=7
PKT t=12085 TX ua=95 mt=P len=0
PKT t=12114 RX ua=95 mt=R len=7
PKT t=12119 TX ua=95 mt=T len=7
PKT t=12131 TX ua=95 mt=P len=0
PKT t=12141 RX ua=95 mt=R len=7
PKT t=12146 TX ua=95 mt=P len=0
PKT t=12155 RX ua=95 mt=R len=7
PKT t=12160 TX ua=95 mt=P len=0
PKT t=12169 RX ua=95 mt=R len=7
PKT t=12174 TX ua=95 mt=P len=0
PKT t=12183 RX ua=95 mt=R len=7
PKT t=12188 TX ua=95 mt=P len=0
PKT t=12217 RX ua=95 mt=R len=7
PKT t=12222 TX ua=95 mt=P len=0
PKT t=12231 RX ua=95 mt=R len=7
PKT t=12236 TX ua=95 mt=P len=0
PKT t=12245 RX ua=95 mt=R len=7
PKT t=12250 TX ua=95 mt=P len=0
PKT t=12259 RX ua=95 mt=R len=7
PKT t=12264 TX ua=95 mt=P len=0
PKT t=12273 RX ua=95 mt=R len=7
PKT t=12278 TX ua=95 mt=P len=0
PKT t=12287 RX ua=95 mt=R len=7
PKT t=12292 TX ua=95 mt=P len=0
PKT t=12321 RX ua=95 mt=R len=7
PKT t=12326 TX ua=95 mt=P len=0
PKT t=12335 RX ua=95 mt=R len=7
PKT t=12340 TX ua=95 mt=P len=0
PKT t=12349 RX ua=95 mt=R len=7
PKT t=12354 TX ua=95 mt=P len=0
PKT t=12363 RX ua=95 mt=R len=7
PKT t=12368 TX ua=95 mt=T len=7
PKT t=12380 TX ua=95 mt=P len=0
PKT t=12389 RX ua=95 mt=R len=7
PKT t=12394 TX ua=95 mt=P len=0
PKT t=12423 RX ua=95 mt=R len=7
PKT t=12428 TX ua=95 mt=P len=0
PKT t=12437 RX ua=95 mt=R len=7
PKT t=12442 TX ua=95 mt=P len=0
PKT t=12451 RX ua=95 mt=R len=7
PKT t=12456 TX ua=95 mt=P len=0
PKT t=12465 RX ua=95 mt=R len=7
PKT t=12470 TX ua=95 mt=P len=0
PKT t=12479 RX ua=95 mt=R len=7
PKT t=12484 TX ua=95 mt=P len=0
PKT t=12493 RX ua=95 mt=R len=7
PKT t=12498 TX ua=95 mt=P len=0
PKT t=12527 RX ua=95 mt=R len=7
PKT t=12532 TX ua=95 mt=P len=0
PKT t=12541 RX ua=95 mt=R len=7
PKT t=12546 TX ua=95 mt=P len=0
PKT t=12555 RX ua=95 mt=R len=7
PKT t=12560 TX ua=95 mt=P len=0
PKT t=12569 RX ua=95 mt=R len=7
PKT t=12574 TX ua=95 mt=P len=0
PKT t=12583 RX ua=95 mt=R len=7
PKT t=12588 TX ua=95 mt=P len=0
PKT t=12597 RX ua=95 mt=R len=7
PKT t=12602 TX ua=95 mt=P len=0
PKT t=12631 RX ua=95 mt=R len=7
PKT t=12636 TX ua=95 mt=T len=7
PKT t=12648 TX ua=95 mt=P len=0
PKT t=12657 RX ua=95 mt=R len=7
PKT t=12662 TX ua=95 mt=P len=0
PKT t=12671 RX ua=95 mt=R len=7
PKT t=12676 TX ua=95 mt=P len=0
PKT t=12685 RX ua=95 mt=R len=7
PKT t=12690 TX ua=95 mt=P len=0
PKT t=12699 RX ua=95 mt=R len=7
PKT t=12704 TX ua=95 mt=P len=0
PKT t=12733 RX ua=95 mt=R len=7
PKT t=12738 TX ua=95 mt=P len=0
PKT t=12747 RX ua=95 mt=R len=7
PKT t=12752 TX ua=95 mt=P len=0
PKT t=12761 RX ua=95 mt=R len=7
PKT t=12766 TX ua=95 mt=P len=0
PKT t=12775 RX ua=95 mt=R len=7
PKT t=12780 TX ua=95 mt=P len=0
PKT t=12789 RX ua=95 mt=R len=7
PKT t=12794 TX ua=95 mt=P len=0
PKT t=12803 RX ua=95 mt=R len=7
PKT t=12808 TX ua=95 mt=P len=0
PKT t=12837 RX ua=95 mt=R len=7
PKT t=12842 TX ua=95 mt=P len=0
PKT t=12851 RX ua=95 mt=R len=7
PKT t=12856 TX ua=95 mt=P len=0
PKT t=12865 RX ua=95 mt=R len=7
PKT t=12870 TX ua=95 mt=T len=7
PKT t=12882 TX ua=95 mt=P len=0
PKT t=12891 RX ua=95 mt=R len=7
PKT t=12896 TX ua=95 mt=P len=0
PKT t=12905 RX ua=95 mt=R len=7
PKT t=12910 TX ua=95 mt=P len=0
PKT t=12939 RX ua=95 mt=R len=7
PKT t=12944 TX ua=95 mt=P len=0
PKT t=12953 RX ua=95 mt=R len=7
PKT t=12958 TX ua=95 mt=P len=0
PKT t=12967 RX ua=95 mt=R len=7
PKT t=12972 TX ua=95 mt=P len=0
PKT t=12981 RX ua=95 mt=R len=7
PKT t=12986 TX ua=95 mt=P len=0
PKT t=12995 RX ua=95 mt=R len=7
PKT t=13000 TX ua=95 mt=P len=0
PKT t=13009 RX ua=95 mt=R len=7
PKT t=13014 TX ua=95 mt=P len=0
PKT t=13043 RX ua=95 mt=R len=7
PKT t=13066 TX ua=95 mt=P len=0
PKT t=13075 RX ua=95 mt=R len=7
PKT t=13080 TX ua=95 mt=P len=0
PKT t=13089 RX ua=95 mt=R len=7
PKT t=13094 TX ua=95 mt=P len=0
PKT t=13103 RX ua=95 mt=R len=7
PKT t=13108 TX ua=95 mt=P len=0
PKT t=13117 RX ua=95 mt=R len=7
PKT t=13122 TX ua=95 mt=T len=7
PKT t=13135 TX ua=95 mt=P len=0
PKT t=13153 RX ua=95 mt=R len=7
PKT t=13158 TX ua=95 mt=P len=0
PKT t=13167 RX ua=95 mt=R len=7
PKT t=13172 TX ua=95 mt=P len=0
PKT t=13181 RX ua=95 mt=R len=7
PKT t=13186 TX ua=95 mt=P len=0
PKT t=13195 RX ua=95 mt=R len=7
PKT t=13200 TX ua=95 mt=P len=0
PKT t=13209 RX ua=95 mt=R len=7
PKT t=13214 TX ua=95 mt=P len=0
PKT t=13223 RX ua=95 mt=R len=7
PKT t=13228 TX ua=95 mt=P len=0
PKT t=13257 RX ua=95 mt=R len=7
PKT t=13262 TX ua=95 mt=P len=0
PKT t=13271 RX ua=95 mt=R len=7
PKT t=13276 TX ua=95 mt=P len=0
PKT t=13285 RX ua=95 mt=R len=7
PKT t=13290 TX ua=95 mt=P len=0
PKT t=13299 RX ua=95 mt=R len=7
PKT t=13304 TX ua=95 mt=P len=0
PKT t=13313 RX ua=95 mt=R len=7
PKT t=13318 TX ua=95 mt=P len=0
PKT t=13327 RX ua=95 mt=R len=7
PKT t=13332 TX ua=95 mt=P len=0
PKT t=13361 RX ua=95 mt=R len=7
PKT t=13366 TX ua=95 mt=T len=7
PKT t=13379 TX ua=95 mt=P len=0
PKT t=13389 RX ua=95 mt=R len=7
PKT t=13394 TX ua=95 mt=P len=0
PKT t=13404 RX ua=95 mt=R len=7
PKT t=13409 TX ua=95 mt=P len=0
PKT t=13419 RX ua=95 mt=R len=7
PKT t=13424 TX ua=95 mt=P len=0
PKT t=13434 RX ua=95 mt=R len=7
PKT t=13439 TX ua=95 mt=P len=0
PKT t=13468 RX ua=95 mt=R len=7
PKT t=13473 TX ua=95 mt=P len=0
PKT t=13483 RX ua=95 mt=R len=7
PKT t=13488 TX ua=95 mt=P len=0
PKT t=13498 RX ua=95 mt=R len=7
PKT t=13503 TX ua=95 mt=P len=0
PKT t=13513 RX ua=95 mt=R len=7
PKT t=13518 TX ua=95 mt=P len=0
PKT t=13528 RX ua=95 mt=R len=7
PKT t=13533 TX ua=95 mt=P len=0
PKT t=13543 RX ua=95 mt=R len=7
PKT t=13548 TX ua=95 mt=P len=0
PKT t=13577 RX ua=95 mt=R len=7
PKT t=13582 TX ua=95 mt=P len=0
PKT t=13592 RX ua=95 mt=R len=7
PKT t=13597 TX ua=95 mt=P len=0
PKT t=13607 RX ua=95 mt=R len=7
PKT t=13612 TX ua=95 mt=T len=7
PKT t=13625 TX ua=95 mt=P len=0
PKT t=13634 RX ua=95 mt=R len=7
PKT t=13639 TX ua=95 mt=P len=0
PKT t=13648 RX ua=95 mt=R len=7
PKT t=13653 TX ua=95 mt=P len=0
PKT t=13682 RX ua=95 mt=R len=7
PKT t=13687 TX ua=95 mt=P len=0
PKT t=13696 RX ua=95 mt=R len=7
PKT t=13701 TX ua=95 mt=P len=0
PKT t=13710 RX ua=95 mt=R len=7
PKT t=13715 TX ua=95 mt=P len=0
PKT t=13724 RX ua=95 mt=R len=7
PKT t=13729 TX ua=95 mt=P len=0
PKT t=13738 RX ua=95 mt=R len=7
PKT t=13743 TX ua=95 mt=P len=0
PKT t=13752 RX ua=95 mt=R len=7
PKT t=13757 TX ua=95 mt=P len=0
PKT t=13786 RX ua=95 mt=R len=7
PKT t=13791 TX ua=95 mt=P len=0
PKT t=13800 RX ua=95 mt=R len=7
PKT t=13805 TX ua=95 mt=P len=0
PKT t=13814 RX ua=95 mt=R len=7
PKT t=13819 TX ua=95 mt=P len=0
PKT t=13828 RX ua=95 mt=R len=7
PKT t=13833 TX ua=95 mt=P len=0
PKT t=13842 RX ua=95 mt=R len=7
PKT t=13847 TX ua=95 mt=P len=0
PKT t=13856 RX ua=95 mt=R len=7
PKT t=13861 TX ua=95 mt=T len=7
PKT t=13874 TX ua=95 mt=P len=0
PKT t=13892 RX ua=95 mt=R len=7
PKT t=13897 TX ua=95 mt=P len=0
PKT t=13906 RX ua=95 mt=R len=7
PKT t=13911 TX ua=95 mt=P len=0
PKT t=13920 RX ua=95 mt=R len=7
PKT t=13925 TX ua=95 mt=P len=0
PKT t=13934 RX ua=95 mt=R len=7
PKT t=13939 TX ua=95 mt=P len=0
PKT t=13948 RX ua=95 mt=R len=7
PKT t=13953 TX ua=95 mt=P len=0
PKT t=13962 RX ua=95 mt=R len=7
PKT t=13967 TX ua=95 mt=P len=0
PKT t=13996 RX ua=95 mt=R len=7
PKT t=14001 TX ua=95 mt=P len=0
PKT t=14011 RX ua=95 mt=R len=7
PKT t=14016 TX ua=95 mt=P len=0
PKT t=14025 RX ua=95 mt=R len=7
PKT t=14030 TX ua=95 mt=P len=0
PKT t=14039 RX ua=95 mt=R len=7
PKT t=14044 TX ua=95 mt=P len=0
PKT t=14066 RX ua=95 mt=R len=7
PKT t=14071 TX ua=95 mt=P len=0
PKT t=14095 RX ua=95 mt=R len=7
PKT t=14100 TX ua=95 mt=P len=0
PKT t=14109 RX ua=95 mt=R len=7
PKT t=14114 TX ua=95 mt=T len=7
PKT t=14126 TX ua=95 mt=P len=0
PKT t=14135 RX ua=95 mt=R len=7
PKT t=14140 TX ua=95 mt=P len=0
PKT t=14149 RX ua=95 mt=R len=7
PKT t=14154 TX ua=95 mt=P len=0
PKT t=14163 RX ua=95 mt=R len=7
PKT t=14168 TX ua=95 mt=P len=0
PKT t=14197 RX ua=95 mt=R len=7
PKT t=14202 TX ua=95 mt=P len=0
PKT t=14211 RX ua=95 mt=R len=7
PKT t=14216 TX ua=95 mt=P len=0
PKT t=14225 RX ua=95 mt=R len=7
PKT t=14230 TX ua=95 mt=P len=0
PKT t=14239 RX ua=95 mt=R len=7
PKT t=14244 TX ua=95 mt=P len=0
PKT t=14253 RX ua=95 mt=R len=7
PKT t=14258 TX ua=95 mt=P len=0
PKT t=14267 RX ua=95 mt=R len=7
PKT t=14272 TX ua=95 mt=P len=0
PKT t=14301 RX ua=95 mt=R len=7
PKT t=14306 TX ua=95 mt=P len=0
PKT t=14315 RX ua=95 mt=R len=7
PKT t=14320 TX ua=95 mt=P len=0
PKT t=14329 RX ua=95 mt=R len=7
PKT t=14334 TX ua=95 mt=P len=0
PKT t=14343 RX ua=95 mt=R len=7
PKT t=14348 TX ua=95 mt=P len=0
PKT t=14357 RX ua=95 mt=R len=7
PKT t=14362 TX ua=95 mt=T len=7
PKT t=14374 TX ua=95 mt=P len=0
PKT t=14402 RX ua=95 mt=R len=7
PKT t=14407 TX ua=95 mt=P len=0
PKT t=14416 RX ua=95 mt=R len=7
PKT t=14421 TX ua=95 mt=P len=0
PKT t=14430 RX ua=95 mt=R len=7
PKT t=14435 TX ua=95 mt=P len=0
PKT t=14444 RX ua=95 mt=R len=7
PKT t=14449 TX ua=95 mt=P len=0
PKT t=14458 RX ua=95 mt=R len=7
PKT t=14463 TX ua=95 mt=P len=0
PKT t=14472 RX ua=95 mt=R len=7
PKT t=14477 TX ua=95 mt=P len=0
PKT t=14507 RX ua=95 mt=R len=7
PKT t=14512 TX ua=95 mt=P len=0
PKT t=14521 RX ua=95 mt=R len=7
PKT t=14526 TX ua=95 mt=P len=0
PKT t=14535 RX ua=95 mt=R len=7
PKT t=14540 TX ua=95 mt=P len=0
PKT t=14549 RX ua=95 mt=R len=7
PKT t=14554 TX ua=95 mt=P len=0
PKT t=14563 RX ua=95 mt=R len=7
PKT t=14568 TX ua=95 mt=P len=0
PKT t=14577 RX ua=95 mt=R len=7
PKT t=14582 TX ua=95 mt=P len=0
PKT t=14611 RX ua=95 mt=R len=7
PKT t=14616 TX ua=95 mt=T len=7
PKT t=14628 TX ua=95 mt=P len=0
PKT t=14637 RX ua=95 mt=R len=7
PKT t=14642 TX ua=95 mt=P len=0
PKT t=14651 RX ua=95 mt=R len=7
PKT t=14656 TX ua=95 mt=P len=0
PKT t=14665 RX ua=95 mt=R len=7
PKT t=14670 TX ua=95 mt=P len=0
PKT t=14679 RX ua=95 mt=R len=7
PKT t=14684 TX ua=95 mt=P len=0
PKT t=14713 RX ua=95 mt=R len=7
PKT t=14718 TX ua=95 mt=P len=0
PKT t=14727 RX ua=95 mt=R len=7
PKT t=14732 TX ua=95 mt=P len=0
PKT t=14741 RX ua=95 mt=R len=7
PKT t=14746 TX ua=95 mt=P len=0
PKT t=14755 RX ua=95 mt=R len=7
PKT t=14760 TX ua=95 mt=P len=0
PKT t=14769 RX ua=95 mt=R len=7
PKT t=14774 TX ua=95 mt=P len=0
PKT t=14783 RX ua=95 mt=R len=7
PKT t=14788 TX ua=95 mt=P len=0
PKT t=14817 RX ua=95 mt=R len=7
PKT t=14822 TX ua=95 mt=P len=0
PKT t=14831 RX ua=95 mt=R len=7
PKT t=14836 TX ua=95 mt=P len=0
PKT t=14845 RX ua=95 mt=R len=7
PKT t=14850 TX ua=95 mt=P len=0
PKT t=14859 RX ua=95 mt=R len=7
PKT t=14864 TX ua=95 mt=T len=7
PKT t=14876 TX ua=95 mt=P len=0
PKT t=14885 RX ua=95 mt=R len=7
PKT t=14890 TX ua=95 mt=P len=0
PKT t=14919 RX ua=95 mt=R len=7
PKT t=14924 TX ua=95 mt=P len=0
PKT t=14933 RX ua=95 mt=R len=7
PKT t=14938 TX ua=95 mt=P len=0
PKT t=14947 RX ua=95 mt=R len=7
PKT t=14952 TX ua=95 mt=P len=0
PKT t=14961 RX ua=95 mt=R len=7
PKT t=14966 TX ua=95 mt=P len=0
PKT t=14975 RX ua=95 mt=R len=7
PKT t=14980 TX ua=95 mt=P len=0
PKT t=14989 RX ua=95 mt=R len=7
PKT t=14994 TX ua=95 mt=P len=0
PKT t=15023 RX ua=95 mt=R len=7
PKT t=15028 TX ua=95 mt=P len=0
PKT t=15037 RX ua=95 mt=R len=7
PKT t=15042 TX ua=95 mt=P len=0
PKT t=15066 RX ua=95 mt=R len=7
PKT t=15071 TX ua=95 mt=P len=0
PKT t=15080 RX ua=95 mt=R len=7
PKT t=15085 TX ua=95 mt=P len=0
PKT t=15094 RX ua=95 mt=R len=7
PKT t=15099 TX ua=95 mt=P len=0
PKT t=15129 RX ua=95 mt=R len=7
PKT t=15134 TX ua=95 mt=T len=7
PKT t=15146 TX ua=95 mt=P len=0
PKT t=15155 RX ua=95 mt=R len=7
PKT t=15160 TX ua=95 mt=P len=0
PKT t=15169 RX ua=95 mt=R len=7
PKT t=15174 TX ua=95 mt=P len=0
PKT t=15183 RX ua=95 mt=R len=7
PKT t=15188 TX ua=95 mt=P len=0
PKT t=15197 RX ua=95 mt=R len=7
PKT t=15202 TX ua=95 mt=P len=0
PKT t=15231 RX ua=95 mt=R len=7
PKT t=15236 TX ua=95 mt=P len=0
PKT t=15245 RX ua=95 mt=R len=7
PKT t=15250 TX ua=95 mt=P len=0
PKT t=15259 RX ua=95 mt=R len=7
PKT t=15264 TX ua=95 mt=P len=0
PKT t=15273 RX ua=95 mt=R len=7
PKT t=15278 TX ua=95 mt=P len=0
PKT t=15287 RX ua=95 mt=R len=7
PKT t=15292 TX ua=95 mt=P len=0
PKT t=15301 RX ua=95 mt=R len=7
PKT t=15306 TX ua=95 mt=P len=0
PKT t=15335 RX ua=95 mt=R len=7
PKT t=15340 TX ua=95 mt=P len=0
PKT t=15349 RX ua=95 mt=R len=7
PKT t=15354 TX ua=95 mt=P len=0
PKT t=15363 RX ua=95 mt=R len=7
PKT t=15368 TX ua=95 mt=T len=7
PKT t=15380 TX ua=95 mt=P len=0
PKT t=15390 RX ua=95 mt=R len=7
PKT t=15395 TX ua=95 mt=P len=0
PKT t=15405 RX ua=95 mt=R len=7
PKT t=15410 TX ua=95 mt=P len=0
PKT t=15439 RX ua=95 mt=R len=7
PKT t=15444 TX ua=95 mt=P len=0
PKT t=15454 RX ua=95 mt=R len=7
PKT t=15459 TX ua=95 mt=P len=0
PKT t=15469 RX ua=95 mt=R len=7
PKT t=15474 TX ua=95 mt=P len=0
PKT t=15484 RX ua=95 mt=R len=7
PKT t=15489 TX ua=95 mt=P len=0
PKT t=15499 RX ua=95 mt=R len=7
PKT t=15504 TX ua=95 mt=P len=0
PKT t=15514 RX ua=95 mt=R len=7
PKT t=15519 TX ua=95 mt=P len=0
PKT t=15548 RX ua=95 mt=R len=7
PKT t=15553 TX ua=95 mt=P len=0
PKT t=15563 RX ua=95 mt=R len=7
PKT t=15568 TX ua=95 mt=P len=0
PKT t=15578 RX ua=95 mt=R len=7
PKT t=15583 TX ua=95 mt=P len=0
PKT t=15593 RX ua=95 mt=R len=7
PKT t=15598 TX ua=95 mt=P len=0
PKT t=15608 RX ua=95 mt=R len=7
PKT t=15613 TX ua=95 mt=T len=7
PKT t=15625 TX ua=95 mt=P len=0
PKT t=15653 RX ua=95 mt=R len=7
PKT t=15658 TX ua=95 mt=P len=0
PKT t=15667 RX ua=95 mt=R len=7
PKT t=15672 TX ua=95 mt=P len=0
PKT t=15681 RX ua=95 mt=R len=7
PKT t=15686 TX ua=95 mt=P len=0
PKT t=15695 RX ua=95 mt=R len=7
PKT t=15700 TX ua=95 mt=P len=0
PKT t=15709 RX ua=95 mt=R len=7
PKT t=15714 TX ua=95 mt=P len=0
PKT t=15723 RX ua=95 mt=R len=7
PKT t=15728 TX ua=95 mt=P len=0
PKT t=15757 RX ua=95 mt=R len=7
PKT t=15762 TX ua=95 mt=P len=0
PKT t=15771 RX ua=95 mt=R len=7
PKT t=15776 TX ua=95 mt=P len=0
PKT t=15785 RX ua=95 mt=R len=7
PKT t=15790 TX ua=95 mt=P len=0
PKT t=15799 RX ua=95 mt=R len=7
PKT t=15804 TX ua=95 mt=P len=0
PKT t=15813 RX ua=95 mt=R len=7
PKT t=15818 TX ua=95 mt=P len=0
PKT t=15827 RX ua=95 mt=R len=7
PKT t=15832 TX ua=95 mt=P len=0
PKT t=15861 RX ua=95 mt=R len=7
PKT t=15866 TX ua=95 mt=T len=7
PKT t=15878 TX ua=95 mt=P len=0
PKT t=15887 RX ua=95 mt=R len=7
PKT t=15892 TX ua=95 mt=P len=0
PKT t=15901 RX ua=95 mt=R len=7
PKT t=15906 TX ua=95 mt=P len=0
PKT t=15915 RX ua=95 mt=R len=7
PKT t=15920 TX ua=95 mt=P len=0
PKT t=15929 RX ua=95 mt=R len=7
PKT t=15934 TX ua=95 mt=P len=0
PKT t=15963 RX ua=95 mt=R len=7
PKT t=15968 TX ua=95 mt=P len=0
PKT t=15977 RX ua=95 mt=R len=7
PKT t=15982 TX ua=95 mt=P len=0
PKT t=15991 RX ua=95 mt=R len=7
PKT t=15996 TX ua=95 mt=P len=0
PKT t=16005 RX ua=95 mt=R len=7
PKT t=16012 TX ua=95 mt=P len=0
PKT t=16021 RX ua=95 mt=R len=7
PKT t=16026 TX ua=95 mt=P len=0
PKT t=16035 RX ua=95 mt=R len=7
PKT t=16040 TX ua=95 mt=P len=0
PKT t=16069 RX ua=95 mt=R len=7
PKT t=16074 TX ua=95 mt=P len=0
PKT t=16083 RX ua=95 mt=R len=7
PKT t=16088 TX ua=95 mt=P len=0
PKT t=16097 RX ua=95 mt=R len=7
PKT t=16102 TX ua=95 mt=P len=0
PKT t=16111 RX ua=95 mt=R len=7
PKT t=16116 TX ua=95 mt=T len=7
PKT t=16128 TX ua=95 mt=P len=0
PKT t=16137 RX ua=95 mt=R len=7
PKT t=16142 TX ua=95 mt=P len=0
PKT t=16175 RX ua=95 mt=R len=7
PKT t=16180 TX ua=95 mt=P len=0
PKT t=16189 RX ua=95 mt=R len=7
PKT t=16194 TX ua=95 mt=P len=0
PKT t=16203 RX ua=95 mt=R len=7
PKT t=16208 TX ua=95 mt=P len=0
PKT t=16217 RX ua=95 mt=R len=7
PKT t=16222 TX ua=95 mt=P len=0
PKT t=16231 RX ua=95 mt=R len=7
PKT t=16236 TX ua=95 mt=P len=0
PKT t=16245 RX ua=95 mt=R len=7
PKT t=16250 TX ua=95 mt=P len=0
PKT t=16279 RX ua=95 mt=R len=7
PKT t=16284 TX ua=95 mt=P len=0
PKT t=16293 RX ua=95 mt=R len=7
PKT t=16298 TX ua=95 mt=P len=0
PKT t=16307 RX ua=95 mt=R len=7
PKT t=16312 TX ua=95 mt=P len=0
PKT t=16321 RX ua=95 mt=R len=7
PKT t=16326 TX ua=95 mt=P len=0
PKT t=16335 RX ua=95 mt=R len=7
PKT t=16340 TX ua=95 mt=P len=0
PKT t=16349 RX ua=95 mt=R len=7
PKT t=16354 TX ua=95 mt=P len=0
PKT t=16383 RX ua=95 mt=R len=7
PKT t=16388 TX ua=95 mt=T len=7
PKT t=16400 TX ua=95 mt=P len=0
PKT t=16409 RX ua=95 mt=R len=7
PKT t=16414 TX ua=95 mt=P len=0
PKT t=16423 RX ua=95 mt=R len=7
PKT t=16428 TX ua=95 mt=P len=0
PKT t=16437 RX ua=95 mt=R len=7
PKT t=16442 TX ua=95 mt=P len=0
PKT t=16451 RX ua=95 mt=R len=7
PKT t=16456 TX ua=95 mt=P len=0
PKT t=16485 RX ua=95 mt=R len=7
PKT t=16490 TX ua=95 mt=P len=0
PKT t=16499 RX ua=95 mt=R len=7
PKT t=16504 TX ua=95 mt=P len=0
PKT t=16513 RX ua=95 mt=R len=7
PKT t=16518 TX ua=95 mt=P len=0
PKT t=16527 RX ua=95 mt=R len=7
PKT t=16532 TX ua=95 mt=P len=0
PKT t=16541 RX ua=95 mt=R len=7
PKT t=16546 TX ua=95 mt=P len=0
PKT t=16555 RX ua=95 mt=R len=7
PKT t=16560 TX ua=95 mt=P len=0
PKT t=16589 RX ua=95 mt=R len=7
PKT t=16594 TX ua=96 mt=P len=0
PKT t=16852 TX ua=95 mt=P len=0
PKT t=16862 RX ua=95 mt=R len=7
PKT t=16867 TX ua=95 mt=T len=7
PKT t=16879 TX ua=95 mt=P len=0
PKT t=16897 RX ua=95 mt=R len=7
PKT t=16902 TX ua=95 mt=P len=0
PKT t=16911 RX ua=95 mt=R len=7
PKT t=16916 TX ua=95 mt=P len=0
PKT t=16925 RX ua=95 mt=R len=7
PKT t=16930 TX ua=95 mt=P len=0
PKT t=16939 RX ua=95 mt=R len=7
PKT t=16944 TX ua=95 mt=P len=0
PKT t=16953 RX ua=95 mt=R len=7
PKT t=16958 TX ua=95 mt=P len=0
PKT t=16967 RX ua=95 mt=R len=7
PKT t=16972 TX ua=95 mt=P len=0
PKT t=17001 RX ua=95 mt=R len=7
PKT t=17006 TX ua=95 mt=P len=0
PKT t=17015 RX ua=95 mt=R len=7
PKT t=17020 TX ua=95 mt=P len=0
PKT t=17029 RX ua=95 mt=R len=7
PKT t=17034 TX ua=95 mt=P len=0
PKT t=17043 RX ua=95 mt=R len=7
PKT t=17066 TX ua=95 mt=P len=0
PKT t=17075 RX ua=95 mt=R len=7
PKT t=17080 TX ua=95 mt=P len=0
PKT t=17109 RX ua=95 mt=R len=7
PKT t=17114 TX ua=95 mt=T len=7
PKT t=17126 TX ua=95 mt=P len=0
PKT t=17135 RX ua=95 mt=R len=7
PKT t=17140 TX ua=95 mt=P len=0
PKT t=17149 RX ua=95 mt=R len=7
PKT t=17154 TX ua=95 mt=P len=0
PKT t=17163 RX ua=95 mt=R len=7
PKT t=17168 TX ua=95 mt=P len=0
PKT t=17177 RX ua=95 mt=R len=7
PKT t=17182 TX ua=95 mt=P len=0
PKT t=17211 RX ua=95 mt=R len=7
PKT t=17216 TX ua=95 mt=P len=0
PKT t=17225 RX ua=95 mt=R len=7
PKT t=17230 TX ua=95 mt=P len=0
PKT t=17239 RX ua=95 mt=R len=7
PKT t=17244 TX ua=95 mt=P len=0
PKT t=17253 RX ua=95 mt=R len=7
PKT t=17258 TX ua=95 mt=P len=0
PKT t=17267 RX ua=95 mt=R len=7
PKT t=17272 TX ua=95 mt=P len=0
PKT t=17281 RX ua=95 mt=R len=7
PKT t=17286 TX ua=95 mt=P len=0
PKT t=17315 RX ua=95 mt=R len=7
PKT t=17320 TX ua=95 mt=P len=0
PKT t=17329 RX ua=95 mt=R len=7
PKT t=17334 TX ua=95 mt=P len=0
PKT t=17343 RX ua=95 mt=R len=7
PKT t=17348 TX ua=95 mt=P len=0
PKT t=17357 RX ua=95 mt=R len=7
PKT t=17362 TX ua=95 mt=T len=7
PKT t=17374 TX ua=95 mt=P len=0
PKT t=17384 RX ua=95 mt=R len=7
PKT t=17389 TX ua=95 mt=P len=0
PKT t=17418 RX ua=95 mt=R len=7
PKT t=17423 TX ua=95 mt=P len=0
PKT t=17433 RX ua=95 mt=R len=7
PKT t=17438 TX ua=95 mt=P len=0
PKT t=17448 RX ua=95 mt=R len=7
PKT t=17453 TX ua=95 mt=P len=0
PKT t=17463 RX ua=95 mt=R len=7
PKT t=17468 TX ua=95 mt=P len=0
PKT t=17478 RX ua=95 mt=R len=7
PKT t=17483 TX ua=95 mt=P len=0
PKT t=17493 RX ua=95 mt=R len=7
PKT t=17498 TX ua=95 mt=P len=0
PKT t=17527 RX ua=95 mt=R len=7
PKT t=17532 TX ua=95 mt=P len=0
PKT t=17542 RX ua=95 mt=R len=7
PKT t=17547 TX ua=95 mt=P len=0
PKT t=17557 RX ua=95 mt=R len=7
PKT t=17562 TX ua=95 mt=P len=0
PKT t=17572 RX ua=95 mt=R len=7
PKT t=17577 TX ua=95 mt=P len=0
PKT t=17587 RX ua=95 mt=R len=7
PKT t=17592 TX ua=95 mt=P len=0
PKT t=17602 RX ua=95 mt=R len=7
PKT t=17607 TX ua=95 mt=P len=0
PKT t=17636 RX ua=95 mt=R len=7
PKT t=17641 TX ua=95 mt=T len=7
PKT t=17653 TX ua=95 mt=P len=0
PKT t=17662 RX ua=95 mt=R len=7
PKT t=17667 TX ua=95 mt=P len=0
PKT t=17676 RX ua=95 mt=R len=7
PKT t=17681 TX ua=95 mt=P len=0
PKT t=17690 RX ua=95 mt=R len=7
PKT t=17695 TX ua=95 mt=P len=0
PKT t=17704 RX ua=95 mt=R len=7
PKT t=17709 TX ua=95 mt=P len=0
PKT t=17738 RX ua=95 mt=R len=7
PKT t=17743 TX ua=95 mt=P len=0
PKT t=17752 RX ua=95 mt=R len=7
PKT t=17757 TX ua=95 mt=P len=0
PKT t=17766 RX ua=95 mt=R len=7
PKT t=17771 TX ua=95 mt=P len=0
PKT t=17780 RX ua=95 mt=R len=7
PKT t=17785 TX ua=95 mt=P len=0
PKT t=17794 RX ua=95 mt=R len=7
PKT t=17799 TX ua=95 mt=P len=0
PKT t=17808 RX ua=95 mt=R len=7
PKT t=17813 TX ua=95 mt=P len=0
PKT t=17842 RX ua=95 mt=R len=7
PKT t=17847 TX ua=95 mt=P len=0
PKT t=17856 RX ua=95 mt=R len=7
PKT t=17861 TX ua=95 mt=T len=7
PKT t=17873 TX ua=95 mt=P len=0
PKT t=17883 RX ua=95 mt=R len=7
PKT t=17888 TX ua=95 mt=P len=0
PKT t=17897 RX ua=95 mt=R len=7
PKT t=17902 TX ua=95 mt=P len=0
PKT t=17911 RX ua=95 mt=R len=7
PKT t=17916 TX ua=95 mt=P len=0
PKT t=17945 RX ua=95 mt=R len=7
PKT t=17950 TX ua=95 mt=P len=0
PKT t=17959 RX ua=95 mt=R len=7
PKT t=17964 TX ua=95 mt=P len=0
PKT t=17973 RX ua=95 mt=R len=7
PKT t=17978 TX ua=95 mt=P len=0
PKT t=17987 RX ua=95 mt=R len=7
PKT t=17992 TX ua=95 mt=P len=0
PKT t=18001 RX ua=95 mt=R len=7
PKT t=18006 TX ua=95 mt=P len=0
PKT t=18015 RX ua=95 mt=R len=7
PKT t=18020 TX ua=95 mt=P len=0
PKT t=18066 RX ua=95 mt=R len=7
PKT t=18071 TX ua=95 mt=P len=0
PKT t=18080 RX ua=95 mt=R len=7
PKT t=18085 TX ua=95 mt=P len=0
PKT t=18094 RX ua=95 mt=R len=7
PKT t=18099 TX ua=95 mt=P len=0
PKT t=18108 RX ua=95 mt=R len=7
PKT t=18113 TX ua=95 mt=T len=7
PKT t=18126 TX ua=95 mt=P len=0
PKT t=18153 RX ua=95 mt=R len=7
PKT t=18158 TX ua=95 mt=T len=7
PKT t=18171 TX ua=95 mt=P len=0
PKT t=18180 RX ua=95 mt=R len=7
PKT t=18185 TX ua=95 mt=P len=0
PKT t=18194 RX ua=95 mt=R len=7
PKT t=18199 TX ua=95 mt=P len=0
PKT t=18208 RX ua=95 mt=R len=7
PKT t=18213 TX ua=95 mt=P len=0
PKT t=18222 RX ua=95 mt=R len=7
PKT t=18227 TX ua=95 mt=P len=0
PKT t=18256 RX ua=95 mt=R len=7
PKT t=18261 TX ua=95 mt=P len=0
PKT t=18270 RX ua=95 mt=R len=7
PKT t=18275 TX ua=95 mt=P len=0
PKT t=18284 RX ua=95 mt=R len=7
PKT t=18289 TX ua=95 mt=P len=0
PKT t=18298 RX ua=95 mt=R len=7
PKT t=18303 TX ua=95 mt=P len=0
PKT t=18312 RX ua=95 mt=R len=7
PKT t=18317 TX ua=95 mt=P len=0
PKT t=18326 RX ua=95 mt=R len=7
PKT t=18331 TX ua=95 mt=P len=0
PKT t=18360 RX ua=95 mt=R len=7
PKT t=18365 TX ua=95 mt=T len=7
PKT t=18378 TX ua=95 mt=P len=0
PKT t=18387 RX ua=95 mt=R len=7
PKT t=18392 TX ua=95 mt=P len=0
PKT t=18401 RX ua=95 mt=R len=7
PKT t=18406 TX ua=95 mt=P len=0
PKT t=18415 RX ua=95 mt=R len=7
PKT t=18420 TX ua=95 mt=P len=0
PKT t=18429 RX ua=95 mt=R len=7
PKT t=18434 TX ua=95 mt=P len=0
PKT t=18463 RX ua=95 mt=R len=7
PKT t=18468 TX ua=95 mt=P len=0
PKT t=18477 RX ua=95 mt=R len=7
PKT t=18482 TX ua=95 mt=P len=0
PKT t=18491 RX ua=95 mt=R len=7
PKT t=18496 TX ua=95 mt=P len=0
PKT t=18505 RX ua=95 mt=R len=7
PKT t=18510 TX ua=95 mt=P len=0
PKT t=18519 RX ua=95 mt=R len=7
PKT t=18524 TX ua=95 mt=P len=0
PKT t=18533 RX ua=95 mt=R len=7
PKT t=18538 TX ua=95 mt=P len=0
PKT t=18567 RX ua=95 mt=R len=7
PKT t=18572 TX ua=95 mt=P len=0
PKT t=18581 RX ua=95 mt=R len=7
PKT t=18586 TX ua=95 mt=P len=0
PKT t=18595 RX ua=95 mt=R len=7
PKT t=18600 TX ua=95 mt=P len=0
PKT t=18609 RX ua=95 mt=R len=7
PKT t=18614 TX ua=95 mt=T len=7
PKT t=18627 TX ua=95 mt=P len=0
PKT t=18636 RX ua=95 mt=R len=7
PKT t=18641 TX ua=95 mt=P len=0
PKT t=18670 RX ua=95 mt=R len=7
PKT t=18675 TX ua=95 mt=P len=0
PKT t=18684 RX ua=95 mt=R len=7
PKT t=18689 TX ua=95 mt=P len=0
PKT t=18698 RX ua=95 mt=R len=7
PKT t=18703 TX ua=95 mt=P len=0
PKT t=18712 RX ua=95 mt=R len=7
PKT t=18717 TX ua=95 mt=P len=0
PKT t=18726 RX ua=95 mt=R len=7
PKT t=18731 TX ua=95 mt=P len=0
PKT t=18740 RX ua=95 mt=R len=7
PKT t=18745 TX ua=95 mt=P len=0
PKT t=18774 RX ua=95 mt=R len=7
PKT t=18779 TX ua=95 mt=P len=0
PKT t=18788 RX ua=95 mt=R len=7
PKT t=18793 TX ua=95 mt=P len=0
PKT t=18802 RX ua=95 mt=R len=7
PKT t=18807 TX ua=95 mt=P len=0
PKT t=18816 RX ua=95 mt=R len=7
PKT t=18821 TX ua=95 mt=P len=0
PKT t=18830 RX ua=95 mt=R len=7
PKT t=18835 TX ua=95 mt=P len=0
PKT t=18844 RX ua=95 mt=R len=7
PKT t=18849 TX ua=95 mt=P len=0
PKT t=18879 RX ua=95 mt=R len=7
PKT t=18883 TX ua=95 mt=T len=7
PKT t=18896 TX ua=95 mt=P len=0
PKT t=18906 RX ua=95 mt=R len=7
PKT t=18911 TX ua=95 mt=P len=0
PKT t=18921 RX ua=95 mt=R len=7
PKT t=18926 TX ua=95 mt=P len=0
PKT t=18935 RX ua=95 mt=R len=7
PKT t=18940 TX ua=95 mt=P len=0
PKT t=18949 RX ua=95 mt=R len=7
PKT t=18954 TX ua=95 mt=P len=0
PKT t=18983 RX ua=95 mt=R len=7
PKT t=18988 TX ua=95 mt=P len=0
PKT t=18997 RX ua=95 mt=R len=7
PKT t=19002 TX ua=95 mt=P len=0
PKT t=19011 RX ua=95 mt=R len=7
PKT t=19016 TX ua=95 mt=P len=0
PKT t=19025 RX ua=95 mt=R len=7
PKT t=19030 TX ua=95 mt=P len=0
PKT t=19039 RX ua=95 mt=R len=7
PKT t=19044 TX ua=95 mt=P len=0
PKT t=19066 RX ua=95 mt=R len=7
PKT t=19071 TX ua=95 mt=P len=0
PKT t=19088 RX ua=95 mt=R len=7
PKT t=19092 TX ua=95 mt=P len=0
PKT t=19101 RX ua=95 mt=R len=7
PKT t=19106 TX ua=95 mt=P len=0
PKT t=19115 RX ua=95 mt=R len=7
PKT t=19120 TX ua=95 mt=T len=7
PKT t=19132 TX ua=95 mt=P len=0
PKT t=19141 RX ua=95 mt=R len=7
PKT t=19146 TX ua=95 mt=P len=0
PKT t=19155 RX ua=95 mt=R len=7
PKT t=19160 TX ua=95 mt=P len=0
PKT t=19189 RX ua=95 mt=R len=7
PKT t=19194 TX ua=95 mt=P len=0
PKT t=19203 RX ua=95 mt=R len=7
PKT t=19208 TX ua=95 mt=P len=0
PKT t=19217 RX ua=95 mt=R len=7
PKT t=19222 TX ua=95 mt=P len=0
PKT t=19231 RX ua=95 mt=R len=7
PKT t=19236 TX ua=95 mt=P len=0
PKT t=19245 RX ua=95 mt=R len=7
PKT t=19250 TX ua=95 mt=P len=0
PKT t=19259 RX ua=95 mt=R len=7
PKT t=19264 TX ua=95 mt=P len=0
PKT t=19293 RX ua=95 mt=R len=7
PKT t=19298 TX ua=95 mt=P len=0
PKT t=19307 RX ua=95 mt=R len=7
PKT t=19312 TX ua=95 mt=P len=0
PKT t=19321 RX ua=95 mt=R len=7
PKT t=19326 TX ua=95 mt=P len=0
PKT t=19335 RX ua=95 mt=R len=7
PKT t=19340 TX ua=95 mt=P len=0
PKT t=19349 RX ua=95 mt=R len=7
PKT t=19354 TX ua=95 mt=P len=0
PKT t=19363 RX ua=95 mt=R len=7
PKT t=19368 TX ua=95 mt=T len=7
PKT t=19380 TX ua=95 mt=P len=0
PKT t=19400 RX ua=95 mt=R len=7
PKT t=19405 TX ua=95 mt=P len=0
PKT t=19415 RX ua=95 mt=R len=7
PKT t=19420 TX ua=95 mt=P len=0
PKT t=19430 RX ua=95 mt=R len=7
PKT t=19435 TX ua=95 mt=P len=0
PKT t=19445 RX ua=95 mt=R len=7
PKT t=19450 TX ua=95 mt=P len=0
PKT t=19460 RX ua=95 mt=R len=7
PKT t=19465 TX ua=95 mt=P len=0
PKT t=19497 RX ua=95 mt=R len=7
PKT t=19502 TX ua=95 mt=P len=0
PKT t=19512 RX ua=95 mt=R len=7
PKT t=19517 TX ua=95 mt=P len=0
PKT t=19527 RX ua=95 mt=R len=7
PKT t=19532 TX ua=95 mt=P len=0
PKT t=19542 RX ua=95 mt=R len=7
PKT t=19547 TX ua=95 mt=P len=0
PKT t=19557 RX ua=95 mt=R len=7
PKT t=19562 TX ua=95 mt=P len=0
PKT t=19572 RX ua=95 mt=R len=7
PKT t=19577 TX ua=95 mt=P len=0
PKT t=19606 RX ua=95 mt=R len=7
PKT t=19611 TX ua=95 mt=T len=7
PKT t=19623 TX ua=95 mt=P len=0
PKT t=19632 RX ua=95 mt=R len=7
PKT t=19637 TX ua=95 mt=P len=0
PKT t=19646 RX ua=95 mt=R len=7
PKT t=19651 TX ua=95 mt=P len=0
PKT t=19660 RX ua=95 mt=R len=7
PKT t=19665 TX ua=95 mt=P len=0
PKT t=19674 RX ua=95 mt=R len=7
PKT t=19679 TX ua=95 mt=P len=0
PKT t=19708 RX ua=95 mt=R len=7
PKT t=19713 TX ua=95 mt=P len=0
PKT t=19722 RX ua=95 mt=R len=7
PKT t=19727 TX ua=95 mt=P len=0
PKT t=19736 RX ua=95 mt=R len=7
PKT t=19741 TX ua=95 mt=P len=0
PKT t=19750 RX ua=95 mt=R len=7
PKT t=19755 TX ua=95 mt=P len=0
PKT t=19764 RX ua=95 mt=R len=7
PKT t=19769 TX ua=95 mt=P len=0
PKT t=19778 RX ua=95 mt=R len=7
PKT t=19783 TX ua=95 mt=P len=0
PKT t=19812 RX ua=95 mt=R len=7
PKT t=19817 TX ua=95 mt=P len=0
PKT t=19826 RX ua=95 mt=R len=7
PKT t=19831 TX ua=95 mt=P len=0
PKT t=19840 RX ua=95 mt=R len=7
PKT t=19845 TX ua=95 mt=P len=0
PKT t=19854 RX ua=95 mt=R len=7
PKT t=19859 TX ua=95 mt=T len=7
PKT t=19871 TX ua=95 mt=P len=0
PKT t=19880 RX ua=95 mt=R len=7
PKT t=19885 TX ua=95 mt=P len=0
PKT t=19914 RX ua=95 mt=R len=7
PKT t=19919 TX ua=95 mt=P len=0
PKT t=19928 RX ua=95 mt=R len=7
PKT t=19933 TX ua=95 mt=P len=0
PKT t=19942 RX ua=95 mt=R len=7
PKT t=19947 TX ua=95 mt=P len=0
PKT t=19956 RX ua=95 mt=R len=7
PKT t=19961 TX ua=95 mt=P len=0
PKT t=19971 RX ua=95 mt=R len=7
PKT t=19976 TX ua=95 mt=P len=0
PKT t=19985 RX ua=95 mt=R len=7
PKT t=19990 TX ua=95 mt=P len=0
PKT t=20019 RX ua=95 mt=R len=7
PKT t=20024 TX ua=95 mt=P len=0
PKT t=20034 RX ua=95 mt=R len=7
PKT t=20039 TX ua=95 mt=P len=0
PKT t=20066 RX ua=95 mt=R len=7
PKT t=20071 TX ua=95 mt=P len=0
PKT t=20080 RX ua=95 mt=R len=7
PKT t=20085 TX ua=95 mt=P len=0
PKT t=20118 RX ua=95 mt=R len=7
PKT t=20123 TX ua=95 mt=T len=7
PKT t=20135 TX ua=95 mt=P len=0
PKT t=20144 RX ua=95 mt=R len=7
PKT t=20149 TX ua=95 mt=P len=0
PKT t=20158 RX ua=95 mt=R len=7
PKT t=20163 TX ua=95 mt=P len=0
PKT t=20173 RX ua=95 mt=R len=7
PKT t=20177 TX ua=95 mt=P len=0
PKT t=20186 RX ua=95 mt=R len=7
PKT t=20191 TX ua=95 mt=P len=0
PKT t=20220 RX ua=95 mt=R len=7
PKT t=20225 TX ua=95 mt=P len=0
PKT t=20234 RX ua=95 mt=R len=7
PKT t=20239 TX ua=95 mt=P len=0
PKT t=20248 RX ua=95 mt=R len=7
PKT t=20253 TX ua=95 mt=P len=0
PKT t=20262 RX ua=95 mt=R len=7
PKT t=20267 TX ua=95 mt=P len=0
PKT t=20276 RX ua=95 mt=R len=7
PKT t=20281 TX ua=95 mt=P len=0
PKT t=20290 RX ua=95 mt=R len=7
PKT t=20295 TX ua=95 mt=P len=0
PKT t=20324 RX ua=95 mt=R len=7
PKT t=20329 TX ua=95 mt=P len=0
PKT t=20338 RX ua=95 mt=R len=7
PKT t=20343 TX ua=95 mt=P len=0
PKT t=20352 RX ua=95 mt=R len=7
PKT t=20357 TX ua=95 mt=P len=0
PKT t=20366 RX ua=95 mt=R len=7
PKT t=20371 TX ua=95 mt=T len=7
PKT t=20383 TX ua=95 mt=P len=0
PKT t=20392 RX ua=95 mt=R len=7
PKT t=20397 TX ua=95 mt=P len=0
PKT t=20426 RX ua=95 mt=R len=7
PKT t=20431 TX ua=95 mt=P len=0
PKT t=20440 RX ua=95 mt=R len=7
PKT t=20445 TX ua=95 mt=P len=0
PKT t=20454 RX ua=95 mt=R len=7
PKT t=20459 TX ua=95 mt=P len=0
PKT t=20468 RX ua=95 mt=R len=7
PKT t=20473 TX ua=95 mt=P len=0
PKT t=20482 RX ua=95 mt=R len=7
PKT t=20487 TX ua=95 mt=P len=0
PKT t=20496 RX ua=95 mt=R len=7
PKT t=20501 TX ua=95 mt=P len=0
PKT t=20530 RX ua=95 mt=R len=7
PKT t=20535 TX ua=95 mt=P len=0
PKT t=20544 RX ua=95 mt=R len=7
PKT t=20549 TX ua=95 mt=P len=0
PKT t=20558 RX ua=95 mt=R len=7
PKT t=20563 TX ua=95 mt=P len=0
PKT t=20572 RX ua=95 mt=R len=7
PKT t=20577 TX ua=95 mt=P len=0
PKT t=20586 RX ua=95 mt=R len=7
PKT t=20591 TX ua=95 mt=P len=0
PKT t=20600 RX ua=95 mt=R len=7
PKT t=20605 TX ua=95 mt=P len=0
PKT t=20634 RX ua=95 mt=R len=7
PKT t=20639 TX ua=95 mt=T len=7
PKT t=20651 TX ua=95 mt=P len=0
PKT t=20660 RX ua=95 mt=R len=7
PKT t=20665 TX ua=95 mt=P len=0
PKT t=20674 RX ua=95 mt=R len=7
PKT t=20679 TX ua=95 mt=P len=0
PKT t=20688 RX ua=95 mt=R len=7
PKT t=20693 TX ua=95 mt=P len=0
PKT t=20702 RX ua=95 mt=R len=7
PKT t=20707 TX ua=95 mt=P len=0
PKT t=20736 RX ua=95 mt=R len=7
PKT t=20741 TX ua=95 mt=P len=0
PKT t=20750 RX ua=95 mt=R len=7
PKT t=20755 TX ua=95 mt=P len=0
PKT t=20764 RX ua=95 mt=R len=7
PKT t=20769 TX ua=95 mt=P len=0
PKT t=20778 RX ua=95 mt=R len=7
PKT t=20783 TX ua=95 mt=P len=0
PKT t=20792 RX ua=95 mt=R len=7
PKT t=20797 TX ua=95 mt=P len=0
PKT t=20806 RX ua=95 mt=R len=7
PKT t=20811 TX ua=95 mt=P len=0
PKT t=20840 RX ua=95 mt=R len=7
PKT t=20845 TX ua=95 mt=P len=0
PKT t=20854 RX ua=95 mt=R len=7
PKT t=20859 TX ua=95 mt=T len=7
PKT t=20871 TX ua=95 mt=P len=0
PKT t=20880 RX ua=95 mt=R len=7
PKT t=20885 TX ua=95 mt=P len=0
PKT t=20894 RX ua=95 mt=R len=7
PKT t=20899 TX ua=95 mt=P len=0
PKT t=20908 RX ua=95 mt=R len=7
PKT t=20913 TX ua=95 mt=P len=0
PKT t=20942 RX ua=95 mt=R len=7
PKT t=20947 TX ua=95 mt=P len=0
PKT t=20956 RX ua=95 mt=R len=7
PKT t=20961 TX ua=95 mt=P len=0
PKT t=20970 RX ua=95 mt=R len=7
PKT t=20975 TX ua=95 mt=P len=0
PKT t=20984 RX ua=95 mt=R len=7
PKT t=20989 TX ua=95 mt=P len=0
PKT t=20998 RX ua=95 mt=R len=7
PKT t=21003 TX ua=95 mt=P len=0
PKT t=21013 RX ua=95 mt=R len=7
PKT t=21018 TX ua=95 mt=P len=0
PKT t=21066 RX ua=95 mt=R len=7
PKT t=21071 TX ua=95 mt=P len=0
PKT t=21080 RX ua=95 mt=R len=7
PKT t=21085 TX ua=95 mt=P len=0
PKT t=21094 RX ua=95 mt=R len=7
PKT t=21099 TX ua=95 mt=P len=0
PKT t=21108 RX ua=95 mt=R len=7
PKT t=21113 TX ua=95 mt=T len=7
PKT t=21126 TX ua=95 mt=P len=0
PKT t=21148 RX ua=95 mt=R len=7
PKT t=21153 TX ua=95 mt=P len=0
PKT t=21162 RX ua=95 mt=R len=7
PKT t=21167 TX ua=95 mt=P len=0
PKT t=21176 RX ua=95 mt=R len=7
PKT t=21181 TX ua=95 mt=P len=0
PKT t=21190 RX ua=95 mt=R len=7
PKT t=21195 TX ua=95 mt=P len=0
PKT t=21204 RX ua=95 mt=R len=7
PKT t=21209 TX ua=95 mt=P len=0
PKT t=21218 RX ua=95 mt=R len=7
PKT t=21223 TX ua=95 mt=P len=0
PKT t=21252 RX ua=95 mt=R len=7
PKT t=21257 TX ua=95 mt=P len=0
PKT t=21266 RX ua=95 mt=R len=7
PKT t=21271 TX ua=95 mt=P len=0
PKT t=21280 RX ua=95 mt=R len=7
PKT t=21285 TX ua=95 mt=P len=0
PKT t=21295 RX ua=95 mt=R len=7
PKT t=21300 TX ua=95 mt=P len=0
PKT t=21309 RX ua=95 mt=R len=7
PKT t=21314 TX ua=95 mt=P len=0
PKT t=21323 RX ua=95 mt=R len=7
PKT t=21328 TX ua=95 mt=P len=0
PKT t=21357 RX ua=95 mt=R len=7
PKT t=21362 TX ua=95 mt=T len=7
PKT t=21375 TX ua=95 mt=P len=0
PKT t=21385 RX ua=95 mt=R len=7
PKT t=21390 TX ua=95 mt=P len=0
PKT t=21400 RX ua=95 mt=R len=7
PKT t=21405 TX ua=95 mt=P len=0
PKT t=21415 RX ua=95 mt=R len=7
PKT t=21420 TX ua=95 mt=P len=0
PKT t=21430 RX ua=95 mt=R len=7
PKT t=21435 TX ua=95 mt=P len=0
PKT t=21464 RX ua=95 mt=R len=7
PKT t=21469 TX ua=95 mt=P len=0
PKT t=21479 RX ua=95 mt=R len=7
PKT t=21484 TX ua=95 mt=P len=0
PKT t=21494 RX ua=95 mt=R len=7
PKT t=21499 TX ua=95 mt=P len=0
PKT t=21509 RX ua=95 mt=R len=7
PKT t=21514 TX ua=95 mt=P len=0
PKT t=21524 RX ua=95 mt=R len=7
PKT t=21529 TX ua=95 mt=P len=0
PKT t=21539 RX ua=95 mt=R len=7
PKT t=21544 TX ua=95 mt=P len=0
PKT t=21573 RX ua=95 mt=R len=7
PKT t=21578 TX ua=95 mt=P len=0
PKT t=21588 RX ua=95 mt=R len=7
PKT t=21593 TX ua=95 mt=P len=0
PKT t=21603 RX ua=95 mt=R len=7
PKT t=21608 TX ua=95 mt=P len=0
PKT t=21618 RX ua=95 mt=R len=7
PKT t=21623 TX ua=95 mt=T len=7
PKT t=21636 TX ua=95 mt=P len=0
PKT t=21645 RX ua=95 mt=R len=7
PKT t=21650 TX ua=95 mt=P len=0
PKT t=21679 RX ua=95 mt=R len=7
PKT t=21684 TX ua=95 mt=P len=0
PKT t=21693 RX ua=95 mt=R len=7
PKT t=21698 TX ua=95 mt=P len=0
PKT t=21707 RX ua=95 mt=R len=7
PKT t=21712 TX ua=95 mt=P len=0
PKT t=21721 RX ua=95 mt=R len=7
PKT t=21726 TX ua=95 mt=P len=0
PKT t=21735 RX ua=95 mt=R len=7
PKT t=21740 TX ua=95 mt=P len=0
PKT t=21749 RX ua=95 mt=R len=7
PKT t=21754 TX ua=95 mt=P len=0
PKT t=21783 RX ua=95 mt=R len=7
PKT t=21788 TX ua=95 mt=P len=0
PKT t=21797 RX ua=95 mt=R len=7
PKT t=21802 TX ua=95 mt=P len=0
PKT t=21811 RX ua=95 mt=R len=7
PKT t=21816 TX ua=95 mt=P len=0
PKT t=21825 RX ua=95 mt=R len=7
PKT t=21830 TX ua=95 mt=P len=0
PKT t=21839 RX ua=95 mt=R len=7
PKT t=21844 TX ua=95 mt=P len=0
PKT t=21853 RX ua=95 mt=R len=7
PKT t=21858 TX ua=95 mt=P len=0
PKT t=21887 RX ua=95 mt=R len=7
PKT t=21892 TX ua=95 mt=T len=7
PKT t=21905 TX ua=95 mt=P len=0
PKT t=21914 RX ua=95 mt=R len=7
PKT t=21919 TX ua=95 mt=P len=0
PKT t=21928 RX ua=95 mt=R len=7
PKT t=21933 TX ua=95 mt=P len=0
PKT t=21942 RX ua=95 mt=R len=7
PKT t=21947 TX ua=95 mt=P len=0
PKT t=21956 RX ua=95 mt=R len=7
PKT t=21961 TX ua=95 mt=P len=0
PKT t=21990 RX ua=95 mt=R len=7
PKT t=21995 TX ua=95 mt=P len=0
PKT t=22004 RX ua=95 mt=R len=7
PKT t=22009 TX ua=95 mt=P len=0
PKT t=22018 RX ua=95 mt=R len=7
PKT t=22023 TX ua=95 mt=P len=0
PKT t=22032 RX ua=95 mt=R len=7
PKT t=22037 TX ua=95 mt=P len=0
PKT t=22046 RX ua=95 mt=R len=7
PKT t=22066 TX ua=95 mt=P len=0
PKT t=22089 RX ua=95 mt=R len=7
PKT t=22094 TX ua=95 mt=P len=0
PKT t=22103 RX ua=95 mt=R len=7
PKT t=22108 TX ua=95 mt=P len=0
PKT t=22118 RX ua=95 mt=R len=7
PKT t=22123 TX ua=95 mt=T len=7
PKT t=22135 TX ua=95 mt=P len=0
PKT t=22144 RX ua=95 mt=R len=7
PKT t=22149 TX ua=95 mt=P len=0
PKT t=22158 RX ua=95 mt=R len=7
PKT t=22163 TX ua=95 mt=P len=0
PKT t=22196 RX ua=95 mt=R len=7
PKT t=22201 TX ua=95 mt=P len=0
PKT t=22210 RX ua=95 mt=R len=7
PKT t=22215 TX ua=95 mt=P len=0
PKT t=22224 RX ua=95 mt=R len=7
PKT t=22229 TX ua=95 mt=P len=0
PKT t=22238 RX ua=95 mt=R len=7
PKT t=22243 TX ua=95 mt=P len=0
PKT t=22252 RX ua=95 mt=R len=7
PKT t=22257 TX ua=95 mt=P len=0
PKT t=22266 RX ua=95 mt=R len=7
PKT t=22271 TX ua=95 mt=P len=0
PKT t=22301 RX ua=95 mt=R len=7
PKT t=22306 TX ua=95 mt=P len=0
PKT t=22315 RX ua=95 mt=R len=7
PKT t=22320 TX ua=95 mt=P len=0
PKT t=22329 RX ua=95 mt=R len=7
PKT t=22334 TX ua=95 mt=P len=0
PKT t=22343 RX ua=95 mt=R len=7
PKT t=22348 TX ua=95 mt=P len=0
PKT t=22357 RX ua=95 mt=R len=7
PKT t=22362 TX ua=95 mt=T len=7
PKT t=22374 TX ua=95 mt=P len=0
PKT t=22402 RX ua=95 mt=R len=7
PKT t=22407 TX ua=95 mt=P len=0
PKT t=22416 RX ua=95 mt=R len=7
PKT t=22421 TX ua=95 mt=P len=0
PKT t=22430 RX ua=95 mt=R len=7
PKT t=22435 TX ua=95 mt=P len=0
PKT t=22444 RX ua=95 mt=R len=7
PKT t=22449 TX ua=95 mt=P len=0
PKT t=22458 RX ua=95 mt=R len=7
PKT t=22463 TX ua=95 mt=P len=0
PKT t=22472 RX ua=95 mt=R len=7
PKT t=22477 TX ua=95 mt=P len=0
PKT t=22506 RX ua=95 mt=R len=7
PKT t=22511 TX ua=95 mt=P len=0
PKT t=22520 RX ua=95 mt=R len=7
PKT t=22525 TX ua=95 mt=P len=0
PKT t=22534 RX ua=95 mt=R len=7
PKT t=22539 TX ua=95 mt=P len=0
PKT t=22548 RX ua=95 mt=R len=7
PKT t=22553 TX ua=95 mt=P len=0
PKT t=22562 RX ua=95 mt=R len=7
PKT t=22567 TX ua=95 mt=P len=0
PKT t=22576 RX ua=95 mt=R len=7
PKT t=22581 TX ua=95 mt=P len=0
PKT t=22610 RX ua=95 mt=R len=7
PKT t=22615 TX ua=95 mt=T len=7
PKT t=22627 TX ua=95 mt=P len=0
PKT t=22636 RX ua=95 mt=R len=7
PKT t=22641 TX ua=95 mt=P len=0
PKT t=22650 RX ua=95 mt=R len=7
PKT t=22655 TX ua=95 mt=P len=0
PKT t=22664 RX ua=95 mt=R len=7
PKT t=22669 TX ua=95 mt=P len=0
PKT t=22678 RX ua=95 mt=R len=7
PKT t=22683 TX ua=95 mt=P len=0
PKT t=22712 RX ua=95 mt=R len=7
PKT t=22717 TX ua=95 mt=P len=0
PKT t=22726 RX ua=95 mt=R len=7
PKT t=22731 TX ua=95 mt=P len=0
PKT t=22740 RX ua=95 mt=R len=7
PKT t=22745 TX ua=95 mt=P len=0
PKT t=22754 RX ua=95 mt=R len=7
PKT t=22759 TX ua=95 mt=P len=0
PKT t=22768 RX ua=95 mt=R len=7
PKT t=22773 TX ua=95 mt=P len=0
PKT t=22782 RX ua=95 mt=R len=7
PKT t=22787 TX ua=95 mt=P len=0
PKT t=22816 RX ua=95 mt=R len=7
PKT t=22821 TX ua=95 mt=P len=0
PKT t=22830 RX ua=95 mt=R len=7
PKT t=22835 TX ua=95 mt=P len=0
PKT t=22844 RX ua=95 mt=R len=7
PKT t=22849 TX ua=95 mt=P len=0
PKT t=22858 RX ua=95 mt=R len=7
PKT t=22863 TX ua=95 mt=T len=7
PKT t=22875 TX ua=95 mt=P len=0
PKT t=22884 RX ua=95 mt=R len=7
PKT t=22889 TX ua=95 mt=P len=0
PKT t=22918 RX ua=95 mt=R len=7
PKT t=22923 TX ua=95 mt=P len=0
PKT t=22932 RX ua=95 mt=R len=7
PKT t=22937 TX ua=95 mt=P len=0
PKT t=22946 RX ua=95 mt=R len=7
PKT t=22951 TX ua=95 mt=P len=0
PKT t=22960 RX ua=95 mt=R len=7
PKT t=22965 TX ua=95 mt=P len=0
PKT t=22974 RX ua=95 mt=R len=7
PKT t=22979 TX ua=95 mt=P len=0
PKT t=22988 RX ua=95 mt=R len=7
PKT t=22993 TX ua=95 mt=P len=0
PKT t=23023 RX ua=95 mt=R len=7
PKT t=23028 TX ua=95 mt=P len=0
PKT t=23037 RX ua=95 mt=R len=7
PKT t=23042 TX ua=95 mt=P len=0
PKT t=23066 RX ua=95 mt=R len=7
PKT t=23071 TX ua=95 mt=P len=0
PKT t=23080 RX ua=95 mt=R len=7
PKT t=23085 TX ua=95 mt=P len=0
PKT t=23094 RX ua=95 mt=R len=7
PKT t=23099 TX ua=95 mt=P len=0
PKT t=23128 RX ua=95 mt=R len=7
PKT t=23133 TX ua=95 mt=T len=7
PKT t=23145 TX ua=95 mt=P len=0
PKT t=23154 RX ua=95 mt=R len=7
PKT t=23159 TX ua=95 mt=P len=0
PKT t=23168 RX ua=95 mt=R len=7
PKT t=23173 TX ua=95 mt=P len=0
PKT t=23182 RX ua=95 mt=R len=7
PKT t=23187 TX ua=95 mt=P len=0
PKT t=23196 RX ua=95 mt=R len=7
PKT t=23201 TX ua=95 mt=P len=0
PKT t=23230 RX ua=95 mt=R len=7
PKT t=23235 TX ua=95 mt=P len=0
PKT t=23244 RX ua=95 mt=R len=7
PKT t=23249 TX ua=95 mt=P len=0
PKT t=23258 RX ua=95 mt=R len=7
PKT t=23263 TX ua=95 mt=P len=0
PKT t=23272 RX ua=95 mt=R len=7
PKT t=23277 TX ua=95 mt=P len=0
PKT t=23286 RX ua=95 mt=R len=7
PKT t=23291 TX ua=95 mt=P len=0
PKT t=23300 RX ua=95 mt=R len=7
PKT t=23305 TX ua=95 mt=P len=0
PKT t=23335 RX ua=95 mt=R len=7
PKT t=23340 TX ua=95 mt=P len=0
PKT t=23349 RX ua=95 mt=R len=7
PKT t=23354 TX ua=95 mt=P len=0
PKT t=23363 RX ua=95 mt=R len=7
PKT t=23368 TX ua=95 mt=T len=7
PKT t=23380 TX ua=95 mt=P len=0
PKT t=23390 RX ua=95 mt=R len=7
PKT t=23395 TX ua=95 mt=P len=0
PKT t=23405 RX ua=95 mt=R len=7
PKT t=23410 TX ua=95 mt=P len=0
PKT t=23439 RX ua=95 mt=R len=7
PKT t=23444 TX ua=95 mt=P len=0
PKT t=23454 RX ua=95 mt=R len=7
PKT t=23459 TX ua=95 mt=P len=0
PKT t=23469 RX ua=95 mt=R len=7
PKT t=23474 TX ua=95 mt=P len=0
PKT t=23484 RX ua=95 mt=R len=7
PKT t=23489 TX ua=95 mt=P len=0
PKT t=23499 RX ua=95 mt=R len=7
PKT t=23504 TX ua=95 mt=P len=0
PKT t=23514 RX ua=95 mt=R len=7
PKT t=23519 TX ua=95 mt=P len=0
PKT t=23548 RX ua=95 mt=R len=7
PKT t=23553 TX ua=95 mt=P len=0
PKT t=23563 RX ua=95 mt=R len=7
PKT t=23568 TX ua=95 mt=P len=0
PKT t=23578 RX ua=95 mt=R len=7
PKT t=23583 TX ua=95 mt=P len=0
PKT t=23593 RX ua=95 mt=R len=7
PKT t=23598 TX ua=95 mt=P len=0
PKT t=23608 RX ua=95 mt=R len=7
PKT t=23613 TX ua=95 mt=T len=7
PKT t=23625 TX ua=95 mt=P len=0
PKT t=23654 RX ua=95 mt=R len=7
PKT t=23659 TX ua=95 mt=P len=0
PKT t=23668 RX ua=95 mt=R len=7
PKT t=23673 TX ua=95 mt=P len=0
PKT t=23682 RX ua=95 mt=R len=7
PKT t=23687 TX ua=95 mt=P len=0
PKT t=23696 RX ua=95 mt=R len=7
PKT t=23701 TX ua=95 mt=P len=0
PKT t=23710 RX ua=95 mt=R len=7
PKT t=23715 TX ua=95 mt=P len=0
PKT t=23724 RX ua=95 mt=R len=7
PKT t=23729 TX ua=95 mt=P len=0
PKT t=23758 RX ua=95 mt=R len=7
PKT t=23763 TX ua=95 mt=P len=0
PKT t=23772 RX ua=95 mt=R len=7
PKT t=23777 TX ua=95 mt=P len=0
PKT t=23786 RX ua=95 mt=R len=7
PKT t=23791 TX ua=95 mt=P len=0
PKT t=23800 RX ua=95 mt=R len=7
PKT t=23805 TX ua=95 mt=P len=0
PKT t=23814 RX ua=95 mt=R len=7
PKT t=23819 TX ua=95 mt=P len=0
PKT t=23828 RX ua=95 mt=R len=7
PKT t=23833 TX ua=95 mt=P len=0
PKT t=23862 RX ua=95 mt=R len=7
PKT t=23867 TX ua=95 mt=T len=7
PKT t=23879 TX ua=95 mt=P len=0
PKT t=23888 RX ua=95 mt=R len=7
PKT t=23893 TX ua=95 mt=P len=0
PKT t=23902 RX ua=95 mt=R len=7
PKT t=23907 TX ua=95 mt=P len=0
PKT t=23916 RX ua=95 mt=R len=7
PKT t=23921 TX ua=95 mt=P len=0
PKT t=23930 RX ua=95 mt=R len=7
PKT t=23935 TX ua=95 mt=P len=0
PKT t=23964 RX ua=95 mt=R len=7
PKT t=23969 TX ua=95 mt=P len=0
PKT t=23978 RX ua=95 mt=R len=7
PKT t=23983 TX ua=95 mt=P len=0
PKT t=23992 RX ua=95 mt=R len=7
PKT t=23997 TX ua=95 mt=P len=0
PKT t=24006 RX ua=95 mt=R len=7
PKT t=24011 TX ua=95 mt=P len=0
PKT t=24020 RX ua=95 mt=R len=7
PKT t=24025 TX ua=95 mt=P len=0
PKT t=24034 RX ua=95 mt=R len=7
PKT t=24039 TX ua=95 mt=P len=0
PKT t=24068 RX ua=95 mt=R len=7
PKT t=24073 TX ua=95 mt=P len=0
PKT t=24082 RX ua=95 mt=R len=7
PKT t=24087 TX ua=95 mt=P len=0
PKT t=24096 RX ua=95 mt=R len=7
PKT t=24101 TX ua=95 mt=P len=0
PKT t=24110 RX ua=95 mt=R len=7
PKT t=24115 TX ua=95 mt=T len=7
PKT t=24127 TX ua=95 mt=P len=0
PKT t=24136 RX ua=95 mt=R len=7
PKT t=24141 TX ua=95 mt=P len=0
PKT t=24170 RX ua=95 mt=R len=7
PKT t=24175 TX ua=95 mt=P len=0
PKT t=24184 RX ua=95 mt=R len=7
PKT t=24189 TX ua=95 mt=P len=0
PKT t=24198 RX ua=95 mt=R len=7
PKT t=24203 TX ua=95 mt=P len=0
PKT t=24212 RX ua=95 mt=R len=7
PKT t=24217 TX ua=95 mt=P len=0
PKT t=24226 RX ua=95 mt=R len=7
PKT t=24231 TX ua=95 mt=P len=0
PKT t=24240 RX ua=95 mt=R len=7
PKT t=24245 TX ua=95 mt=P len=0
PKT t=24274 RX ua=95 mt=R len=7
PKT t=24279 TX ua=95 mt=P len=0
PKT t=24288 RX ua=95 mt=R len=7
PKT t=24293 TX ua=95 mt=P len=0
PKT t=24302 RX ua=95 mt=R len=7
PKT t=24307 TX ua=95 mt=P len=0
PKT t=24316 RX ua=95 mt=R len=7
PKT t=24321 TX ua=95 mt=P len=0
PKT t=24330 RX ua=95 mt=R len=7
PKT t=24335 TX ua=95 mt=P len=0
PKT t=24344 RX ua=95 mt=R len=7
PKT t=24349 TX ua=95 mt=P len=0
PKT t=24378 RX ua=95 mt=R len=7
PKT t=24383 TX ua=95 mt=T len=7
PKT t=24395 TX ua=95 mt=P len=0
PKT t=24404 RX ua=95 mt=R len=7
PKT t=24409 TX ua=95 mt=P len=0
PKT t=24418 RX ua=95 mt=R len=7
PKT t=24423 TX ua=95 mt=P len=0
PKT t=24432 RX ua=95 mt=R len=7
PKT t=24437 TX ua=95 mt=P len=0
PKT t=24446 RX ua=95 mt=R len=7
PKT t=24451 TX ua=95 mt=P len=0
PKT t=24480 RX ua=95 mt=R len=7
PKT t=24485 TX ua=95 mt=P len=0
PKT t=24494 RX ua=95 mt=R len=7
PKT t=24499 TX ua=95 mt=P len=0
PKT t=24508 RX ua=95 mt=R len=7
PKT t=24513 TX ua=95 mt=P len=0
PKT t=24522 RX ua=95 mt=R len=7
PKT t=24527 TX ua=95 mt=P len=0
PKT t=24536 RX ua=95 mt=R len=7
PKT t=24541 TX ua=95 mt=P len=0
PKT t=24550 RX ua=95 mt=R len=7
PKT t=24555 TX ua=95 mt=P len=0
PKT t=24584 RX ua=95 mt=R len=7
PKT t=24589 TX ua=95 mt=P len=0
PKT t=24598 RX ua=95 mt=R len=7
PKT t=24603 TX ua=95 mt=P len=0
PKT t=24612 RX ua=95 mt=R len=7
PKT t=24617 TX ua=95 mt=T len=7
PKT t=24629 TX ua=95 mt=P len=0
PKT t=24638 RX ua=95 mt=R len=7
PKT t=24643 TX ua=95 mt=P len=0
PKT t=24652 RX ua=95 mt=R len=7
PKT t=24657 TX ua=95 mt=P len=0
PKT t=24686 RX ua=95 mt=R len=7
PKT t=24691 TX ua=95 mt=P len=0
PKT t=24700 RX ua=95 mt=R len=7
PKT t=24705 TX ua=95 mt=P len=0
PKT t=24714 RX ua=95 mt=R len=7
PKT t=24719 TX ua=95 mt=P len=0
PKT t=24728 RX ua=95 mt=R len=7
PKT t=24733 TX ua=95 mt=P len=0
PKT t=24742 RX ua=95 mt=R len=7
PKT t=24747 TX ua=95 mt=P len=0
PKT t=24756 RX ua=95 mt=R len=7
PKT t=24761 TX ua=95 mt=P len=0
PKT t=24790 RX ua=95 mt=R len=7
PKT t=24795 TX ua=95 mt=P len=0
PKT t=24804 RX ua=95 mt=R len=7
PKT t=24809 TX ua=95 mt=P len=0
PKT t=24818 RX ua=95 mt=R len=7
PKT t=24823 TX ua=95 mt=P len=0
PKT t=24832 RX ua=95 mt=R len=7
PKT t=24837 TX ua=95 mt=P len=0
PKT t=24846 RX ua=95 mt=R len=7
PKT t=24851 TX ua=95 mt=P len=0
PKT t=24860 RX ua=95 mt=R len=7
PKT t=24865 TX ua=95 mt=T len=7
PKT t=24877 TX ua=95 mt=P len=0
PKT t=24896 RX ua=95 mt=R len=7
PKT t=24901 TX ua=95 mt=P len=0
PKT t=24910 RX ua=95 mt=R len=7
PKT t=24915 TX ua=95 mt=P len=0
PKT t=24924 RX ua=95 mt=R len=7
PKT t=24929 TX ua=95 mt=P len=0
PKT t=24938 RX ua=95 mt=R len=7
PKT t=24943 TX ua=95 mt=P len=0
PKT t=24952 RX ua=95 mt=R len=7
PKT t=24957 TX ua=95 mt=P len=0
PKT t=24966 RX ua=95 mt=R len=7
PKT t=24971 TX ua=95 mt=P len=0
PKT t=25000 RX ua=95 mt=R len=7
PKT t=25005 TX ua=95 mt=P len=0
PKT t=25015 RX ua=95 mt=R len=7
PKT t=25020 TX ua=95 mt=P len=0
PKT t=25029 RX ua=95 mt=R len=7
PKT t=25034 TX ua=95 mt=P len=0
PKT t=25043 RX ua=95 mt=R len=7
PKT t=25066 TX ua=95 mt=P len=0
PKT t=25099 RX ua=95 mt=R len=7
PKT t=25104 TX ua=95 mt=P len=0
PKT t=25113 RX ua=95 mt=R len=7
PKT t=25118 TX ua=95 mt=T len=7
PKT t=25130 TX ua=95 mt=P len=0
PKT t=25139 RX ua=95 mt=R len=7
PKT t=25144 TX ua=95 mt=P len=0
PKT t=25153 RX ua=95 mt=R len=7
PKT t=25158 TX ua=95 mt=P len=0
PKT t=25167 RX ua=95 mt=R len=7
PKT t=25172 TX ua=95 mt=P len=0
PKT t=25201 RX ua=95 mt=R len=7
PKT t=25206 TX ua=95 mt=P len=0
PKT t=25215 RX ua=95 mt=R len=7
PKT t=25220 TX ua=95 mt=P len=0
PKT t=25229 RX ua=95 mt=R len=7
PKT t=25234 TX ua=95 mt=P len=0
PKT t=25243 RX ua=95 mt=R len=7
PKT t=25248 TX ua=95 mt=P len=0
PKT t=25257 RX ua=95 mt=R len=7
PKT t=25262 TX ua=95 mt=P len=0
PKT t=25271 RX ua=95 mt=R len=7
PKT t=25276 TX ua=95 mt=P len=0
PKT t=25305 RX ua=95 mt=R len=7
PKT t=25310 TX ua=95 mt=P len=0
PKT t=25319 RX ua=95 mt=R len=7
PKT t=25324 TX ua=95 mt=P len=0
PKT t=25333 RX ua=95 mt=R len=7
PKT t=25338 TX ua=95 mt=P len=0
PKT t=25347 RX ua=95 mt=R len=7
PKT t=25352 TX ua=95 mt=P len=0
PKT t=25361 RX ua=95 mt=R len=7
PKT t=25366 TX ua=95 mt=T len=7
PKT t=25378 TX ua=95 mt=P len=0
PKT t=25406 RX ua=95 mt=R len=7
PKT t=25411 TX ua=95 mt=P len=0
PKT t=25421 RX ua=95 mt=R len=7
PKT t=25426 TX ua=95 mt=P len=0
PKT t=25436 RX ua=95 mt=R len=7
PKT t=25441 TX ua=95 mt=P len=0
PKT t=25451 RX ua=95 mt=R len=7
PKT t=25456 TX ua=95 mt=P len=0
PKT t=25466 RX ua=95 mt=R len=7
PKT t=25471 TX ua=95 mt=P len=0
PKT t=25481 RX ua=95 mt=R len=7
PKT t=25486 TX ua=95 mt=P len=0
PKT t=25515 RX ua=95 mt=R len=7
PKT t=25520 TX ua=95 mt=P len=0
PKT t=25530 RX ua=95 mt=R len=7
PKT t=25535 TX ua=95 mt=P len=0
PKT t=25545 RX ua=95 mt=R len=7
PKT t=25550 TX ua=95 mt=P len=0
PKT t=25560 RX ua=95 mt=R len=7
PKT t=25565 TX ua=95 mt=P len=0
PKT t=25575 RX ua=95 mt=R len=7
PKT t=25580 TX ua=95 mt=P len=0
PKT t=25590 RX ua=95 mt=R len=7
PKT t=25595 TX ua=95 mt=P len=0
PKT t=25624 RX ua=95 mt=R len=7
PKT t=25629 TX ua=95 mt=T len=7
PKT t=25641 TX ua=95 mt=P len=0
PKT t=25650 RX ua=95 mt=R len=7
PKT t=25655 TX ua=95 mt=P len=0
PKT t=25664 RX ua=95 mt=R len=7
PKT t=25669 TX ua=95 mt=P len=0
PKT t=25678 RX ua=95 mt=R len=7
PKT t=25683 TX ua=95 mt=P len=0
PKT t=25692 RX ua=95 mt=R len=7
PKT t=25697 TX ua=95 mt=P len=0
PKT t=25726 RX ua=95 mt=R len=7
PKT t=25731 TX ua=95 mt=P len=0
PKT t=25740 RX ua=95 mt=R len=7
PKT t=25745 TX ua=95 mt=P len=0
PKT t=25754 RX ua=95 mt=R len=7
PKT t=25759 TX ua=95 mt=P len=0
PKT t=25768 RX ua=95 mt=R len=7
PKT t=25773 TX ua=95 mt=P len=0
PKT t=25782 RX ua=95 mt=R len=7
PKT t=25787 TX ua=95 mt=P len=0
PKT t=25796 RX ua=95 mt=R len=7
PKT t=25801 TX ua=95 mt=P len=0
PKT t=25830 RX ua=95 mt=R len=7
PKT t=25835 TX ua=95 mt=P len=0
PKT t=25844 RX ua=95 mt=R len=7
PKT t=25849 TX ua=95 mt=P len=0
PKT t=25858 RX ua=95 mt=R len=7
PKT t=25863 TX ua=95 mt=T len=7
PKT t=25875 TX ua=95 mt=P len=0
PKT t=25884 RX ua=95 mt=R len=7
PKT t=25889 TX ua=95 mt=P len=0
PKT t=25898 RX ua=95 mt=R len=7
PKT t=25903 TX ua=95 mt=P len=0
PKT t=25932 RX ua=95 mt=R len=7
PKT t=25937 TX ua=95 mt=P len=0
PKT t=25947 RX ua=95 mt=R len=7
PKT t=25952 TX ua=95 mt=P len=0
PKT t=25961 RX ua=95 mt=R len=7
PKT t=25966 TX ua=95 mt=P len=0
PKT t=25975 RX ua=95 mt=R len=7
PKT t=25980 TX ua=95 mt=P len=0
PKT t=25989 RX ua=95 mt=R len=7
PKT t=25994 TX ua=95 mt=P len=0
PKT t=26003 RX ua=95 mt=R len=7
PKT t=26008 TX ua=95 mt=P len=0
PKT t=26037 RX ua=95 mt=R len=7
PKT t=26042 TX ua=95 mt=P len=0
PKT t=26066 RX ua=95 mt=R len=7
PKT t=26071 TX ua=95 mt=P len=0
PKT t=26080 RX ua=95 mt=R len=7
PKT t=26085 TX ua=95 mt=P len=0
PKT t=26094 RX ua=95 mt=R len=7
PKT t=26099 TX ua=95 mt=P len=0
PKT t=26108 RX ua=95 mt=R len=7
PKT t=26113 TX ua=95 mt=T len=7
PKT t=26126 TX ua=95 mt=P len=0
PKT t=26144 RX ua=95 mt=R len=7
PKT t=26149 TX ua=95 mt=T len=7
PKT t=26162 TX ua=95 mt=P len=0
PKT t=26171 RX ua=95 mt=R len=7
PKT t=26176 TX ua=95 mt=P len=0
PKT t=26185 RX ua=95 mt=R len=7
PKT t=26190 TX ua=95 mt=P len=0
PKT t=26199 RX ua=95 mt=R len=7
PKT t=26204 TX ua=95 mt=P len=0
PKT t=26213 RX ua=95 mt=R len=7
PKT t=26218 TX ua=95 mt=P len=0
PKT t=26247 RX ua=95 mt=R len=7
PKT t=26252 TX ua=95 mt=P len=0
PKT t=26261 RX ua=95 mt=R len=7
PKT t=26266 TX ua=95 mt=P len=0
PKT t=26275 RX ua=95 mt=R len=7
PKT t=26280 TX ua=95 mt=P len=0
PKT t=26289 RX ua=95 mt=R len=7
PKT t=26294 TX ua=95 mt=P len=0
PKT t=26303 RX ua=95 mt=R len=7
PKT t=26308 TX ua=95 mt=P len=0
PKT t=26317 RX ua=95 mt=R len=7
PKT t=26322 TX ua=95 mt=P len=0
PKT t=26351 RX ua=95 mt=R len=7
PKT t=26356 TX ua=95 mt=P len=0
PKT t=26365 RX ua=95 mt=R len=7
PKT t=26370 TX ua=95 mt=T len=7
PKT t=26383 TX ua=95 mt=P len=0
PKT t=26392 RX ua=95 mt=R len=7
PKT t=26397 TX ua=95 mt=P len=0
PKT t=26406 RX ua=95 mt=R len=7
PKT t=26411 TX ua=95 mt=P len=0
PKT t=26420 RX ua=95 mt=R len=7
PKT t=26425 TX ua=95 mt=P len=0
PKT t=26454 RX ua=95 mt=R len=7
PKT t=26459 TX ua=95 mt=P len=0
PKT t=26468 RX ua=95 mt=R len=7
PKT t=26473 TX ua=95 mt=P len=0
PKT t=26482 RX ua=95 mt=R len=7
PKT t=26487 TX ua=95 mt=P len=0
PKT t=26496 RX ua=95 mt=R len=7
PKT t=26501 TX ua=95 mt=P len=0
PKT t=26510 RX ua=95 mt=R len=7
PKT t=26515 TX ua=95 mt=P len=0
PKT t=26524 RX ua=95 mt=R len=7
PKT t=26529 TX ua=95 mt=P len=0
PKT t=26558 RX ua=95 mt=R len=7
PKT t=26563 TX ua=95 mt=P len=0
PKT t=26572 RX ua=95 mt=R len=7
PKT t=26577 TX ua=95 mt=P len=0
PKT t=26586 RX ua=95 mt=R len=7
PKT t=26591 TX ua=95 mt=P len=0
PKT t=26600 RX ua=95 mt=R len=7
PKT t=26605 TX ua=95 mt=P len=0
PKT t=26614 RX ua=95 mt=R len=7
PKT t=26619 TX ua=95 mt=T len=7
PKT t=26632 TX ua=95 mt=P len=0
PKT t=26659 RX ua=95 mt=R len=7
PKT t=26664 TX ua=95 mt=P len=0
PKT t=26673 RX ua=95 mt=R len=7
PKT t=26678 TX ua=95 mt=P len=0
PKT t=26688 RX ua=95 mt=R len=7
PKT t=26693 TX ua=95 mt=P len=0
PKT t=26702 RX ua=95 mt=R len=7
PKT t=26707 TX ua=95 mt=P len=0
PKT t=26716 RX ua=95 mt=R len=7
PKT t=26721 TX ua=95 mt=P len=0
PKT t=26730 RX ua=95 mt=R len=7
PKT t=26735 TX ua=95 mt=P len=0
PKT t=26764 RX ua=95 mt=R len=7
PKT t=26769 TX ua=95 mt=P len=0
PKT t=26778 RX ua=95 mt=R len=7
PKT t=26783 TX ua=95 mt=P len=0
PKT t=26792 RX ua=95 mt=R len=7
PKT t=26797 TX ua=95 mt=P len=0
PKT t=26806 RX ua=95 mt=R len=7
PKT t=26811 TX ua=95 mt=P len=0
PKT t=26820 RX ua=95 mt=R len=7
PKT t=26825 TX ua=95 mt=P len=0
PKT t=26834 RX ua=95 mt=R len=7
PKT t=26839 TX ua=95 mt=P len=0
PKT t=26868 RX ua=95 mt=R len=7
PKT t=26873 TX ua=95 mt=T len=7
PKT t=26886 TX ua=95 mt=P len=0
PKT t=26895 RX ua=95 mt=R len=7
PKT t=26900 TX ua=95 mt=P len=0
PKT t=26909 RX ua=95 mt=R len=7
PKT t=26914 TX ua=95 mt=P len=0
PKT t=26923 RX ua=95 mt=R len=7
PKT t=26928 TX ua=95 mt=P len=0
PKT t=26937 RX ua=95 mt=R len=7
PKT t=26942 TX ua=95 mt=P len=0
PKT t=26971 RX ua=95 mt=R len=7
PKT t=26976 TX ua=95 mt=P len=0
PKT t=26985 RX ua=95 mt=R len=7
PKT t=26990 TX ua=95 mt=P len=0
PKT t=26999 RX ua=95 mt=R len=7
PKT t=27004 TX ua=95 mt=P len=0
PKT t=27013 RX ua=95 mt=R len=7
PKT t=27018 TX ua=95 mt=P len=0
PKT t=27027 RX ua=95 mt=R len=7
PKT t=27032 TX ua=95 mt=P len=0
PKT t=27041 RX ua=95 mt=R len=7
PKT t=27046 TX ua=95 mt=P len=0
PKT t=27075 RX ua=95 mt=R len=7
PKT t=27080 TX ua=95 mt=P len=0
PKT t=27089 RX ua=95 mt=R len=7
PKT t=27094 TX ua=95 mt=P len=0
PKT t=27103 RX ua=95 mt=R len=7
PKT t=27108 TX ua=95 mt=P len=0
PKT t=27117 RX ua=95 mt=R len=7
PKT t=27122 TX ua=95 mt=T len=7
PKT t=27134 TX ua=95 mt=P len=0
PKT t=27143 RX ua=95 mt=R len=7
PKT t=27148 TX ua=95 mt=P len=0
PKT t=27177 RX ua=95 mt=R len=7
PKT t=27182 TX ua=95 mt=P len=0
PKT t=27191 RX ua=95 mt=R len=7
PKT t=27196 TX ua=95 mt=P len=0
PKT t=27205 RX ua=95 mt=R len=7
PKT t=27210 TX ua=95 mt=P len=0
PKT t=27219 RX ua=95 mt=R len=7
PKT t=27224 TX ua=95 mt=P len=0
PKT t=27233 RX ua=95 mt=R len=7
PKT t=27238 TX ua=95 mt=P len=0
PKT t=27247 RX ua=95 mt=R len=7
PKT t=27252 TX ua=95 mt=P len=0
PKT t=27281 RX ua=95 mt=R len=7
PKT t=27286 TX ua=95 mt=P len=0
PKT t=27295 RX ua=95 mt=R len=7
PKT t=27300 TX ua=95 mt=P len=0
PKT t=27309 RX ua=95 mt=R len=7
PKT t=27314 TX ua=95 mt=P len=0
PKT t=27323 RX ua=95 mt=R len=7
PKT t=27328 TX ua=95 mt=P len=0
PKT t=27337 RX ua=95 mt=R len=7
PKT t=27342 TX ua=95 mt=P len=0
PKT t=27351 RX ua=95 mt=R len=7
PKT t=27356 TX ua=95 mt=P len=0
PKT t=27385 RX ua=95 mt=R len=7
PKT t=27390 TX ua=95 mt=T len=7
PKT t=27402 TX ua=95 mt=P len=0
PKT t=27412 RX ua=95 mt=R len=7
PKT t=27417 TX ua=95 mt=P len=0
PKT t=27427 RX ua=95 mt=R len=7
PKT t=27432 TX ua=95 mt=P len=0
PKT t=27442 RX ua=95 mt=R len=7
PKT t=27447 TX ua=95 mt=P len=0
PKT t=27457 RX ua=95 mt=R len=7
PKT t=27462 TX ua=95 mt=P len=0
PKT t=27491 RX ua=95 mt=R len=7
PKT t=27496 TX ua=95 mt=P len=0
PKT t=27506 RX ua=95 mt=R len=7
PKT t=27511 TX ua=95 mt=P len=0
PKT t=27521 RX ua=95 mt=R len=7
PKT t=27526 TX ua=95 mt=P len=0
PKT t=27536 RX ua=95 mt=R len=7
PKT t=27541 TX ua=95 mt=P len=0
PKT t=27551 RX ua=95 mt=R len=7
PKT t=27556 TX ua=95 mt=P len=0
PKT t=27566 RX ua=95 mt=R len=7
PKT t=27571 TX ua=95 mt=P len=0
PKT t=27600 RX ua=95 mt=R len=7
PKT t=27605 TX ua=95 mt=P len=0
PKT t=27615 RX ua=95 mt=R len=7
PKT t=27620 TX ua=95 mt=T len=7
PKT t=27632 TX ua=95 mt=P len=0
PKT t=27641 RX ua=95 mt=R len=7
PKT t=27646 TX ua=95 mt=P len=0
PKT t=27655 RX ua=95 mt=R len=7
PKT t=27660 TX ua=95 mt=P len=0
PKT t=27669 RX ua=95 mt=R len=7
PKT t=27674 TX ua=95 mt=P len=0
PKT t=27703 RX ua=95 mt=R len=7
PKT t=27708 TX ua=95 mt=P len=0
PKT t=27717 RX ua=95 mt=R len=7
PKT t=27722 TX ua=95 mt=P len=0
PKT t=27731 RX ua=95 mt=R len=7
PKT t=27736 TX ua=95 mt=P len=0
PKT t=27745 RX ua=95 mt=R len=7
PKT t=27750 TX ua=95 mt=P len=0
PKT t=27759 RX ua=95 mt=R len=7
PKT t=27764 TX ua=95 mt=P len=0
PKT t=27773 RX ua=95 mt=R len=7
PKT t=27778 TX ua=95 mt=P len=0
PKT t=27807 RX ua=95 mt=R len=7
PKT t=27812 TX ua=95 mt=P len=0
PKT t=27821 RX ua=95 mt=R len=7
PKT t=27826 TX ua=95 mt=P len=0
PKT t=27835 RX ua=95 mt=R len=7
PKT t=27840 TX ua=95 mt=P len=0
PKT t=27849 RX ua=95 mt=R len=7
PKT t=27854 TX ua=95 mt=P len=0
PKT t=27863 RX ua=95 mt=R len=7
PKT t=27868 TX ua=95 mt=T len=7
PKT t=27880 TX ua=95 mt=P len=0
PKT t=27908 RX ua=95 mt=R len=7
PKT t=27913 TX ua=95 mt=P len=0
PKT t=27922 RX ua=95 mt=R len=7
PKT t=27927 TX ua=95 mt=P len=0
PKT t=27936 RX ua=95 mt=R len=7
PKT t=27941 TX ua=95 mt=P len=0
PKT t=27950 RX ua=95 mt=R len=7
PKT t=27955 TX ua=95 mt=P len=0
PKT t=27964 RX ua=95 mt=R len=7
PKT t=27969 TX ua=95 mt=P len=0
PKT t=27978 RX ua=95 mt=R len=7
PKT t=27983 TX ua=95 mt=P len=0
PKT t=28012 RX ua=95 mt=R len=7
PKT t=28018 TX ua=95 mt=P len=0
PKT t=28027 RX ua=95 mt=R len=7
PKT t=28032 TX ua=95 mt=P len=0
PKT t=28041 RX ua=95 mt=R len=7
PKT t=28046 TX ua=95 mt=P len=0
PKT t=28066 RX ua=95 mt=R len=7
PKT t=28321 TX ua=96 mt=P len=0
PKT t=28579 TX ua=95 mt=P len=0
PKT t=28588 RX ua=95 mt=R len=7
PKT t=28593 TX ua=95 mt=T len=7
PKT t=28605 TX ua=95 mt=P len=0
PKT t=28614 RX ua=95 mt=R len=7
PKT t=28619 TX ua=95 mt=T len=7
PKT t=28631 TX ua=95 mt=P len=0
PKT t=28640 RX ua=95 mt=R len=7
PKT t=28645 TX ua=95 mt=P len=0
PKT t=28654 RX ua=95 mt=R len=7
PKT t=28659 TX ua=95 mt=P len=0
PKT t=28668 RX ua=95 mt=R len=7
PKT t=28673 TX ua=95 mt=P len=0
PKT t=28682 RX ua=95 mt=R len=7
PKT t=28687 TX ua=95 mt=P len=0
PKT t=28716 RX ua=95 mt=R len=7
PKT t=28721 TX ua=95 mt=P len=0
PKT t=28730 RX ua=95 mt=R len=7
PKT t=28735 TX ua=95 mt=P len=0
PKT t=28744 RX ua=95 mt=R len=7
PKT t=28749 TX ua=95 mt=P len=0
PKT t=28758 RX ua=95 mt=R len=7
PKT t=28763 TX ua=95 mt=P len=0
PKT t=28772 RX ua=95 mt=R len=7
PKT t=28777 TX ua=95 mt=P len=0
PKT t=28786 RX ua=95 mt=R len=7
PKT t=28791 TX ua=95 mt=P len=0
PKT t=28820 RX ua=95 mt=R len=7
PKT t=28825 TX ua=95 mt=P len=0
PKT t=28834 RX ua=95 mt=R len=7
PKT t=28839 TX ua=95 mt=P len=0
PKT t=28848 RX ua=95 mt=R len=7
PKT t=28853 TX ua=95 mt=P len=0
PKT t=28862 RX ua=95 mt=R len=7
PKT t=28867 TX ua=95 mt=T len=7
PKT t=28879 TX ua=95 mt=P len=0
PKT t=28888 RX ua=95 mt=R len=7
PKT t=28893 TX ua=95 mt=P len=0
PKT t=28922 RX ua=95 mt=R len=7
PKT t=28927 TX ua=95 mt=P len=0
PKT t=28936 RX ua=95 mt=R len=7
PKT t=28941 TX ua=95 mt=P len=0
PKT t=28950 RX ua=95 mt=R len=7
PKT t=28955 TX ua=95 mt=P len=0
PKT t=28964 RX ua=95 mt=R len=7
PKT t=28969 TX ua=95 mt=P len=0
PKT t=28978 RX ua=95 mt=R len=7
PKT t=28983 TX ua=95 mt=P len=0
PKT t=28992 RX ua=95 mt=R len=7
PKT t=28997 TX ua=95 mt=P len=0
PKT t=29026 RX ua=95 mt=R len=7
PKT t=29031 TX ua=95 mt=P len=0
PKT t=29040 RX ua=95 mt=R len=7
PKT t=29045 TX ua=95 mt=P len=0
PKT t=29066 RX ua=95 mt=R len=7
PKT t=29321 TX ua=96 mt=P len=0
PKT t=29579 TX ua=95 mt=P len=0
PKT t=29588 RX ua=95 mt=R len=7
PKT t=29593 TX ua=95 mt=T len=7
PKT t=29606 TX ua=95 mt=P len=0
PKT t=29628 RX ua=95 mt=R len=7
PKT t=29633 TX ua=95 mt=T len=7
PKT t=29646 TX ua=95 mt=P len=0
PKT t=29655 RX ua=95 mt=R len=7
PKT t=29660 TX ua=95 mt=P len=0
PKT t=29669 RX ua=95 mt=R len=7
PKT t=29674 TX ua=95 mt=P len=0
PKT t=29683 RX ua=95 mt=R len=7
PKT t=29688 TX ua=95 mt=P len=0
PKT t=29697 RX ua=95 mt=R len=7
PKT t=29702 TX ua=95 mt=P len=0
PKT t=29731 RX ua=95 mt=R len=7
PKT t=29736 TX ua=95 mt=P len=0
PKT t=29745 RX ua=95 mt=R len=7
PKT t=29750 TX ua=95 mt=P len=0
PKT t=29759 RX ua=95 mt=R len=7
PKT t=29764 TX ua=95 mt=P len=0
PKT t=29773 RX ua=95 mt=R len=7
PKT t=29778 TX ua=95 mt=P len=0
PKT t=29787 RX ua=95 mt=R len=7
PKT t=29792 TX ua=95 mt=P len=0
PKT t=29801 RX ua=95 mt=R len=7
PKT t=29806 TX ua=95 mt=P len=0
PKT t=29835 RX ua=95 mt=R len=7
PKT t=29840 TX ua=95 mt=P len=0
PKT t=29849 RX ua=95 mt=R len=7
PKT t=29854 TX ua=95 mt=P len=0
PKT t=29863 RX ua=95 mt=R len=7
PKT t=29868 TX ua=95 mt=T len=7
PKT t=29881 TX ua=95 mt=P len=0
PKT t=29890 RX ua=95 mt=R len=7
PKT t=29895 TX ua=95 mt=P len=0
PKT t=29904 RX ua=95 mt=R len=7
PKT t=29909 TX ua=95 mt=P len=0
PKT t=29938 RX ua=95 mt=R len=7
PKT t=29943 TX ua=95 mt=P len=0
PKT t=29952 RX ua=95 mt=R len=7
PKT t=29957 TX ua=95 mt=P len=0
PKT t=29967 RX ua=95 mt=R len=7
PKT t=29972 TX ua=95 mt=P len=0
PKT t=29981 RX ua=95 mt=R len=7
PKT t=29986 TX ua=95 mt=P len=0
PKT t=29995 RX ua=95 mt=R len=7
PKT t=30000 TX ua=95 mt=P len=0
PKT t=30009 RX ua=95 mt=R len=7
PKT t=30014 TX ua=95 mt=P len=0
PKT t=30043 RX ua=95 mt=R len=7
PKT t=30066 TX ua=95 mt=P len=0
PKT t=30075 RX ua=95 mt=R len=7
PKT t=30080 TX ua=95 mt=P len=0
PKT t=30089 RX ua=95 mt=R len=7
PKT t=30094 TX ua=95 mt=P len=0
PKT t=30103 RX ua=95 mt=R len=7
PKT t=30108 TX ua=95 mt=P len=0
PKT t=30117 RX ua=95 mt=R len=7
PKT t=30122 TX ua=95 mt=T len=7
PKT t=30134 TX ua=95 mt=P len=0
PKT t=30153 RX ua=95 mt=R len=7
PKT t=30158 TX ua=95 mt=P len=0
PKT t=30167 RX ua=95 mt=R len=7
PKT t=30172 TX ua=95 mt=P len=0
PKT t=30181 RX ua=95 mt=R len=7
PKT t=30186 TX ua=95 mt=P len=0
PKT t=30195 RX ua=95 mt=R len=7
PKT t=30200 TX ua=95 mt=P len=0
PKT t=30209 RX ua=95 mt=R len=7
PKT t=30214 TX ua=95 mt=P len=0
PKT t=30223 RX ua=95 mt=R len=7
PKT t=30228 TX ua=95 mt=P len=0
PKT t=30257 RX ua=95 mt=R len=7
PKT t=30262 TX ua=95 mt=P len=0
PKT t=30271 RX ua=95 mt=R len=7
PKT t=30276 TX ua=95 mt=P len=0
PKT t=30285 RX ua=95 mt=R len=7
PKT t=30290 TX ua=95 mt=P len=0
PKT t=30299 RX ua=95 mt=R len=7
PKT t=30304 TX ua=95 mt=P len=0
PKT t=30313 RX ua=95 mt=R len=7
PKT t=30318 TX ua=95 mt=P len=0
PKT t=30327 RX ua=95 mt=R len=7
PKT t=30332 TX ua=95 mt=P len=0
PKT t=30361 RX ua=95 mt=R len=7
PKT t=30366 TX ua=95 mt=T len=7
PKT t=30378 TX ua=95 mt=P len=0
PKT t=30387 RX ua=95 mt=R len=7
PKT t=30392 TX ua=95 mt=P len=0
PKT t=30401 RX ua=95 mt=R len=7
PKT t=30406 TX ua=95 mt=P len=0
PKT t=30415 RX ua=95 mt=R len=7
PKT t=30420 TX ua=95 mt=P len=0
PKT t=30429 RX ua=95 mt=R len=7
PKT t=30434 TX ua=95 mt=P len=0
PKT t=30463 RX ua=95 mt=R len=7
PKT t=30468 TX ua=95 mt=P len=0
PKT t=30477 RX ua=95 mt=R len=7
PKT t=30482 TX ua=95 mt=P len=0
PKT t=30491 RX ua=95 mt=R len=7
PKT t=30496 TX ua=95 mt=P len=0
PKT t=30505 RX ua=95 mt=R len=7
PKT t=30510 TX ua=95 mt=P len=0
PKT t=30519 RX ua=95 mt=R len=7
PKT t=30524 TX ua=95 mt=P len=0
PKT t=30533 RX ua=95 mt=R len=7
PKT t=30538 TX ua=95 mt=P len=0
PKT t=30567 RX ua=95 mt=R len=7
PKT t=30572 TX ua=95 mt=P len=0
PKT t=30581 RX ua=95 mt=R len=7
PKT t=30586 TX ua=95 mt=P len=0
PKT t=30595 RX ua=95 mt=R len=7
PKT t=30600 TX ua=95 mt=P len=0
PKT t=30609 RX ua=95 mt=R len=7
PKT t=30614 TX ua=95 mt=T len=7
PKT t=30626 TX ua=95 mt=P len=0
PKT t=30635 RX ua=95 mt=R len=7
PKT t=30640 TX ua=95 mt=P len=0
PKT t=30669 RX ua=95 mt=R len=7
PKT t=30674 TX ua=95 mt=P len=0
PKT t=30683 RX ua=95 mt=R len=7
PKT t=30688 TX ua=95 mt=P len=0
PKT t=30697 RX ua=95 mt=R len=7
PKT t=30702 TX ua=95 mt=P len=0
PKT t=30711 RX ua=95 mt=R len=7
PKT t=30716 TX ua=95 mt=P len=0
PKT t=30725 RX ua=95 mt=R len=7
PKT t=30730 TX ua=95 mt=P len=0
PKT t=30739 RX ua=95 mt=R len=7
PKT t=30744 TX ua=95 mt=P len=0
PKT t=30773 RX ua=95 mt=R len=7
PKT t=30778 TX ua=95 mt=P len=0
PKT t=30787 RX ua=95 mt=R len=7
PKT t=30792 TX ua=95 mt=P len=0
PKT t=30801 RX ua=95 mt=R len=7
PKT t=30806 TX ua=95 mt=P len=0
PKT t=30815 RX ua=95 mt=R len=7
PKT t=30820 TX ua=95 mt=P len=0
PKT t=30829 RX ua=95 mt=R len=7
PKT t=30834 TX ua=95 mt=P len=0
PKT t=30843 RX ua=95 mt=R len=7
PKT t=30848 TX ua=95 mt=P len=0
PKT t=30877 RX ua=95 mt=R len=7
PKT t=30882 TX ua=95 mt=T len=7
PKT t=30894 TX ua=95 mt=P len=0
PKT t=30903 RX ua=95 mt=R len=7
PKT t=30908 TX ua=95 mt=P len=0
PKT t=30917 RX ua=95 mt=R len=7
PKT t=30922 TX ua=95 mt=P len=0
PKT t=30931 RX ua=95 mt=R len=7
PKT t=30936 TX ua=95 mt=P len=0
PKT t=30945 RX ua=95 mt=R len=7
PKT t=30950 TX ua=95 mt=P len=0
PKT t=30979 RX ua=95 mt=R len=7
PKT t=30984 TX ua=95 mt=P len=0
PKT t=30993 RX ua=95 mt=R len=7
PKT t=30998 TX ua=95 mt=P len=0
PKT t=31007 RX ua=95 mt=R len=7
PKT t=31012 TX ua=95 mt=P len=0
PKT t=31021 RX ua=95 mt=R len=7
PKT t=31026 TX ua=95 mt=P len=0
PKT t=31035 RX ua=95 mt=R len=7
PKT t=31040 TX ua=95 mt=P len=0
PKT t=31066 RX ua=95 mt=R len=7
PKT t=31071 TX ua=95 mt=P len=0
PKT t=31083 RX ua=95 mt=R len=7
PKT t=31088 TX ua=95 mt=P len=0
PKT t=31097 RX ua=95 mt=R len=7
PKT t=31102 TX ua=95 mt=P len=0
PKT t=31111 RX ua=95 mt=R len=7
PKT t=31116 TX ua=95 mt=T len=7
PKT t=31128 TX ua=95 mt=P len=0
PKT t=31137 RX ua=95 mt=R len=7
PKT t=31142 TX ua=95 mt=P len=0
PKT t=31151 RX ua=95 mt=R len=7
PKT t=31156 TX ua=95 mt=P len=0
PKT t=31185 RX ua=95 mt=R len=7
PKT t=31190 TX ua=95 mt=P len=0
PKT t=31199 RX ua=95 mt=R len=7
PKT t=31204 TX ua=95 mt=P len=0
PKT t=31213 RX ua=95 mt=R len=7
PKT t=31218 TX ua=95 mt=P len=0
PKT t=31227 RX ua=95 mt=R len=7
PKT t=31232 TX ua=95 mt=P len=0
PKT t=31241 RX ua=95 mt=R len=7
PKT t=31246 TX ua=95 mt=P len=0
PKT t=31255 RX ua=95 mt=R len=7
PKT t=31260 TX ua=95 mt=P len=0
PKT t=31289 RX ua=95 mt=R len=7
PKT t=31294 TX ua=95 mt=P len=0
PKT t=31303 RX ua=95 mt=R len=7
PKT t=31308 TX ua=95 mt=P len=0
PKT t=31317 RX ua=95 mt=R len=7
PKT t=31322 TX ua=95 mt=P len=0
PKT t=31331 RX ua=95 mt=R len=7
PKT t=31336 TX ua=95 mt=P len=0
PKT t=31345 RX ua=95 mt=R len=7
PKT t=31350 TX ua=95 mt=P len=0
PKT t=31359 RX ua=95 mt=R len=7
PKT t=31364 TX ua=95 mt=T len=7
PKT t=31376 TX ua=95 mt=P len=0
PKT t=31395 RX ua=95 mt=R len=7
PKT t=31400 TX ua=95 mt=P len=0
PKT t=31410 RX ua=95 mt=R len=7
PKT t=31415 TX ua=95 mt=P len=0
PKT t=31425 RX ua=95 mt=R len=7
PKT t=31430 TX ua=95 mt=P len=0
PKT t=31440 RX ua=95 mt=R len=7
PKT t=31445 TX ua=95 mt=P len=0
PKT t=31455 RX ua=95 mt=R len=7
PKT t=31460 TX ua=95 mt=P len=0
PKT t=31493 RX ua=95 mt=R len=7
PKT t=31498 TX ua=95 mt=P len=0
PKT t=31508 RX ua=95 mt=R len=7
PKT t=31513 TX ua=95 mt=P len=0
PKT t=31523 RX ua=95 mt=R len=7
PKT t=31528 TX ua=95 mt=P len=0
PKT t=31538 RX ua=95 mt=R len=7
PKT t=31543 TX ua=95 mt=P len=0
PKT t=31553 RX ua=95 mt=R len=7
PKT t=31558 TX ua=95 mt=P len=0
PKT t=31568 RX ua=95 mt=R len=7
PKT t=31573 TX ua=95 mt=P len=0
PKT t=31602 RX ua=95 mt=R len=7
PKT t=31607 TX ua=95 mt=P len=0
PKT t=31617 RX ua=95 mt=R len=7
PKT t=31622 TX ua=95 mt=T len=7
PKT t=31634 TX ua=95 mt=P len=0
PKT t=31643 RX ua=95 mt=R len=7
PKT t=31648 TX ua=95 mt=P len=0
PKT t=31657 RX ua=95 mt=R len=7
PKT t=31662 TX ua=95 mt=P len=0
PKT t=31671 RX ua=95 mt=R len=7
PKT t=31676 TX ua=95 mt=P len=0
PKT t=31705 RX ua=95 mt=R len=7
PKT t=31710 TX ua=95 mt=P len=0
PKT t=31719 RX ua=95 mt=R len=7
PKT t=31724 TX ua=95 mt=P len=0
PKT t=31733 RX ua=95 mt=R len=7
PKT t=31738 TX ua=95 mt=P len=0
PKT t=31747 RX ua=95 mt=R len=7
PKT t=31752 TX ua=95 mt=P len=0
PKT t=31761 RX ua=95 mt=R len=7
PKT t=31766 TX ua=95 mt=P len=0
PKT t=31775 RX ua=95 mt=R len=7
PKT t=31780 TX ua=95 mt=P len=0
PKT t=31809 RX ua=95 mt=R len=7
PKT t=31814 TX ua=95 mt=P len=0
PKT t=31823 RX ua=95 mt=R len=7
PKT t=31828 TX ua=95 mt=P len=0
PKT t=31837 RX ua=95 mt=R len=7
PKT t=31842 TX ua=95 mt=P len=0
PKT t=31851 RX ua=95 mt=R len=7
PKT t=31856 TX ua=95 mt=P len=0
PKT t=31865 RX ua=95 mt=R len=7
PKT t=31870 TX ua=95 mt=T len=7
PKT t=31882 TX ua=95 mt=P len=0
PKT t=31910 RX ua=95 mt=R len=7
PKT t=31915 TX ua=95 mt=P len=0
PKT t=31924 RX ua=95 mt=R len=7
PKT t=31929 TX ua=95 mt=P len=0
PKT t=31938 RX ua=95 mt=R len=7
PKT t=31943 TX ua=95 mt=P len=0
PKT t=31952 RX ua=95 mt=R len=7
PKT t=31957 TX ua=95 mt=P len=0
PKT t=31966 RX ua=95 mt=R len=7
PKT t=31971 TX ua=95 mt=P len=0
PKT t=31980 RX ua=95 mt=R len=7
PKT t=31985 TX ua=95 mt=P len=0
PKT t=32014 RX ua=95 mt=R len=7
PKT t=32020 TX ua=95 mt=P len=0
PKT t=32029 RX ua=95 mt=R len=7
PKT t=32034 TX ua=95 mt=P len=0
PKT t=32043 RX ua=95 mt=R len=7
PKT t=32066 TX ua=95 mt=P len=0
PKT t=32075 RX ua=95 mt=R len=7
PKT t=32080 TX ua=95 mt=P len=0
PKT t=32113 RX ua=95 mt=R len=7
PKT t=32118 TX ua=95 mt=T len=7
PKT t=32130 TX ua=95 mt=P len=0
PKT t=32139 RX ua=95 mt=R len=7
PKT t=32144 TX ua=95 mt=P len=0
PKT t=32153 RX ua=95 mt=R len=7
PKT t=32158 TX ua=95 mt=P len=0
PKT t=32167 RX ua=95 mt=R len=7
PKT t=32172 TX ua=95 mt=P len=0
PKT t=32181 RX ua=95 mt=R len=7
PKT t=32186 TX ua=95 mt=P len=0
PKT t=32220 RX ua=95 mt=R len=7
PKT t=32225 TX ua=95 mt=P len=0
PKT t=32234 RX ua=95 mt=R len=7
PKT t=32239 TX ua=95 mt=P len=0
PKT t=32248 RX ua=95 mt=R len=7
PKT t=32253 TX ua=95 mt=P len=0
PKT t=32262 RX ua=95 mt=R len=7
PKT t=32267 TX ua=95 mt=P len=0
PKT t=32276 RX ua=95 mt=R len=7
PKT t=32281 TX ua=95 mt=P len=0
PKT t=32315 RX ua=95 mt=R len=7
PKT t=32320 TX ua=95 mt=P len=0
PKT t=32329 RX ua=95 mt=R len=7
PKT t=32334 TX ua=95 mt=P len=0
PKT t=32343 RX ua=95 mt=R len=7
PKT t=32348 TX ua=95 mt=P len=0
PKT t=32357 RX ua=95 mt=R len=7
PKT t=32362 TX ua=95 mt=T len=7
PKT t=32374 TX ua=95 mt=P len=0
PKT t=32383 RX ua=95 mt=R len=7
PKT t=32388 TX ua=95 mt=P len=0
PKT t=32417 RX ua=95 mt=R len=7
PKT t=32422 TX ua=95 mt=P len=0
PKT t=32431 RX ua=95 mt=R len=7
PKT t=32436 TX ua=95 mt=P len=0
PKT t=32445 RX ua=95 mt=R len=7
PKT t=32450 TX ua=95 mt=P len=0
PKT t=32459 RX ua=95 mt=R len=7
PKT t=32464 TX ua=95 mt=P len=0
PKT t=32473 RX ua=95 mt=R len=7
PKT t=32478 TX ua=95 mt=P len=0
PKT t=32487 RX ua=95 mt=R len=7
PKT t=32492 TX ua=95 mt=P len=0
PKT t=32521 RX ua=95 mt=R len=7
PKT t=32526 TX ua=95 mt=P len=0
PKT t=32535 RX ua=95 mt=R len=7
PKT t=32540 TX ua=95 mt=P len=0
PKT t=32549 RX ua=95 mt=R len=7
PKT t=32554 TX ua=95 mt=P len=0
PKT t=32563 RX ua=95 mt=R len=7
PKT t=32568 TX ua=95 mt=P len=0
PKT t=32577 RX ua=95 mt=R len=7
PKT t=32582 TX ua=95 mt=P len=0
PKT t=32591 RX ua=95 mt=R len=7
PKT t=32596 TX ua=95 mt=P len=0
PKT t=32625 RX ua=95 mt=R len=7
PKT t=32630 TX ua=95 mt=T len=7
PKT t=32642 TX ua=95 mt=P len=0
PKT t=32651 RX ua=95 mt=R len=7
PKT t=32656 TX ua=95 mt=P len=0
PKT t=32665 RX ua=95 mt=R len=7
PKT t=32670 TX ua=95 mt=P len=0
PKT t=32679 RX ua=95 mt=R len=7
PKT t=32684 TX ua=95 mt=P len=0
PKT t=32693 RX ua=95 mt=R len=7
PKT t=32698 TX ua=95 mt=P len=0
PKT t=32727 RX ua=95 mt=R len=7
PKT t=32732 TX ua=95 mt=P len=0
PKT t=32741 RX ua=95 mt=R len=7
PKT t=32746 TX ua=95 mt=P len=0
PKT t=32755 RX ua=95 mt=R len=7
PKT t=32760 TX ua=95 mt=P len=0
PKT t=32769 RX ua=95 mt=R len=7
PKT t=32774 TX ua=95 mt=P len=0
PKT t=32783 RX ua=95 mt=R len=7
PKT t=32788 TX ua=95 mt=P len=0
PKT t=32797 RX ua=95 mt=R len=7
PKT t=32802 TX ua=95 mt=P len=0
PKT t=32831 RX ua=95 mt=R len=7
PKT t=32836 TX ua=95 mt=P len=0
PKT t=32845 RX ua=95 mt=R len=7
PKT t=32850 TX ua=95 mt=P len=0
PKT t=32859 RX ua=95 mt=R len=7
PKT t=32864 TX ua=95 mt=T len=7
PKT t=32876 TX ua=95 mt=P len=0
PKT t=32885 RX ua=95 mt=R len=7
PKT t=32890 TX ua=95 mt=P len=0
PKT t=32899 RX ua=95 mt=R len=7
PKT t=32904 TX ua=95 mt=P len=0
PKT t=32933 RX ua=95 mt=R len=7
PKT t=32938 TX ua=95 mt=P len=0
PKT t=32947 RX ua=95 mt=R len=7
PKT t=32952 TX ua=95 mt=P len=0
PKT t=32961 RX ua=95 mt=R len=7
PKT t=32966 TX ua=95 mt=P len=0
PKT t=32975 RX ua=95 mt=R len=7
PKT t=32980 TX ua=95 mt=P len=0
PKT t=32989 RX ua=95 mt=R len=7
PKT t=32994 TX ua=95 mt=P len=0
PKT t=33003 RX ua=95 mt=R len=7
PKT t=33008 TX ua=95 mt=P len=0
PKT t=33037 RX ua=95 mt=R len=7
PKT t=33042 TX ua=95 mt=P len=0
PKT t=33066 RX ua=95 mt=R len=7
PKT t=33071 TX ua=95 mt=P len=0
PKT t=33080 RX ua=95 mt=R len=7
PKT t=33085 TX ua=95 mt=P len=0
PKT t=33094 RX ua=95 mt=R len=7
PKT t=33099 TX ua=95 mt=P len=0
PKT t=33108 RX ua=95 mt=R len=7
PKT t=33113 TX ua=95 mt=T len=7
PKT t=33125 TX ua=95 mt=P len=0
PKT t=33144 RX ua=95 mt=R len=7
PKT t=33149 TX ua=95 mt=P len=0
PKT t=33158 RX ua=95 mt=R len=7
PKT t=33163 TX ua=95 mt=P len=0
PKT t=33172 RX ua=95 mt=R len=7
PKT t=33177 TX ua=95 mt=P len=0
PKT t=33186 RX ua=95 mt=R len=7
PKT t=33191 TX ua=95 mt=P len=0
PKT t=33200 RX ua=95 mt=R len=7
PKT t=33205 TX ua=95 mt=P len=0
PKT t=33214 RX ua=95 mt=R len=7
PKT t=33219 TX ua=95 mt=P len=0
PKT t=33248 RX ua=95 mt=R len=7
PKT t=33253 TX ua=95 mt=P len=0
PKT t=33262 RX ua=95 mt=R len=7
PKT t=33267 TX ua=95 mt=P len=0
PKT t=33276 RX ua=95 mt=R len=7
PKT t=33281 TX ua=95 mt=P len=0
PKT t=33290 RX ua=95 mt=R len=7
PKT t=33295 TX ua=95 mt=P len=0
PKT t=33304 RX ua=95 mt=R len=7
PKT t=33309 TX ua=95 mt=P len=0
PKT t=33318 RX ua=95 mt=R len=7
PKT t=33323 TX ua=95 mt=P len=0
PKT t=33353 RX ua=95 mt=R len=7
PKT t=33358 TX ua=95 mt=P len=0
PKT t=33367 RX ua=95 mt=R len=7
PKT t=33372 TX ua=95 mt=T len=7
PKT t=33384 TX ua=95 mt=P len=0
PKT t=33394 RX ua=95 mt=R len=7
PKT t=33399 TX ua=95 mt=P len=0
PKT t=33409 RX ua=95 mt=R len=7
PKT t=33414 TX ua=95 mt=P len=0
PKT t=33424 RX ua=95 mt=R len=7
PKT t=33429 TX ua=95 mt=P len=0
PKT t=33458 RX ua=95 mt=R len=7
PKT t=33463 TX ua=95 mt=P len=0
PKT t=33473 RX ua=95 mt=R len=7
PKT t=33478 TX ua=95 mt=P len=0
PKT t=33488 RX ua=95 mt=R len=7
PKT t=33493 TX ua=95 mt=P len=0
PKT t=33503 RX ua=95 mt=R len=7
PKT t=33508 TX ua=95 mt=P len=0
PKT t=33518 RX ua=95 mt=R len=7
PKT t=33523 TX ua=95 mt=P len=0
PKT t=33533 RX ua=95 mt=R len=7
PKT t=33538 TX ua=95 mt=P len=0
PKT t=33567 RX ua=95 mt=R len=7
PKT t=33572 TX ua=95 mt=P len=0
PKT t=33582 RX ua=95 mt=R len=7
PKT t=33587 TX ua=95 mt=P len=0
PKT t=33597 RX ua=95 mt=R len=7
PKT t=33602 TX ua=95 mt=P len=0
PKT t=33612 RX ua=95 mt=R len=7
PKT t=33617 TX ua=95 mt=T len=7
PKT t=33629 TX ua=95 mt=P len=0
PKT t=33638 RX ua=95 mt=R len=7
PKT t=33643 TX ua=95 mt=P len=0
PKT t=33672 RX ua=95 mt=R len=7
PKT t=33677 TX ua=95 mt=P len=0
PKT t=33686 RX ua=95 mt=R len=7
PKT t=33691 TX ua=95 mt=P len=0
PKT t=33700 RX ua=95 mt=R len=7
PKT t=33705 TX ua=95 mt=P len=0
PKT t=33714 RX ua=95 mt=R len=7
PKT t=33719 TX ua=95 mt=P len=0
PKT t=33728 RX ua=95 mt=R len=7
PKT t=33733 TX ua=95 mt=P len=0
PKT t=33742 RX ua=95 mt=R len=7
PKT t=33747 TX ua=95 mt=P len=0
PKT t=33776 RX ua=95 mt=R len=7
PKT t=33781 TX ua=95 mt=P len=0
PKT t=33791 RX ua=95 mt=R len=7
PKT t=33796 TX ua=95 mt=P len=0
PKT t=33805 RX ua=95 mt=R len=7
PKT t=33810 TX ua=95 mt=P len=0
PKT t=33819 RX ua=95 mt=R len=7
PKT t=33824 TX ua=95 mt=P len=0
PKT t=33833 RX ua=95 mt=R len=7
PKT t=33838 TX ua=95 mt=P len=0
PKT t=33847 RX ua=95 mt=R len=7
PKT t=33852 TX ua=95 mt=P len=0
PKT t=33881 RX ua=95 mt=R len=7
PKT t=33886 TX ua=95 mt=T len=7
PKT t=33898 TX ua=95 mt=P len=0
PKT t=33907 RX ua=95 mt=R len=7
PKT t=33912 TX ua=95 mt=P len=0
PKT t=33921 RX ua=95 mt=R len=7
PKT t=33926 TX ua=95 mt=P len=0
PKT t=33935 RX ua=95 mt=R len=7
PKT t=33940 TX ua=95 mt=P len=0
PKT t=33949 RX ua=95 mt=R len=7
PKT t=33954 TX ua=95 mt=P len=0
PKT t=33983 RX ua=95 mt=R len=7
PKT t=33988 TX ua=95 mt=P len=0
PKT t=33997 RX ua=95 mt=R len=7
PKT t=34002 TX ua=95 mt=P len=0
PKT t=34011 RX ua=95 mt=R len=7
PKT t=34016 TX ua=95 mt=P len=0
PKT t=34025 RX ua=95 mt=R len=7
PKT t=34030 TX ua=95 mt=P len=0
PKT t=34039 RX ua=95 mt=R len=7
PKT t=34044 TX ua=95 mt=P len=0
PKT t=34066 RX ua=95 mt=R len=7
PKT t=34071 TX ua=95 mt=P len=0
PKT t=34087 RX ua=95 mt=R len=7
PKT t=34092 TX ua=95 mt=P len=0
PKT t=34101 RX ua=95 mt=R len=7
PKT t=34106 TX ua=95 mt=P len=0
PKT t=34115 RX ua=95 mt=R len=7
PKT t=34120 TX ua=95 mt=T len=7
PKT t=34133 TX ua=95 mt=P len=0
PKT t=34143 RX ua=95 mt=R len=7
PKT t=34148 TX ua=95 mt=T len=7
PKT t=34161 TX ua=95 mt=P len=0
PKT t=34188 RX ua=95 mt=R len=7
PKT t=34193 TX ua=95 mt=P len=0
PKT t=34202 RX ua=95 mt=R len=7
PKT t=34207 TX ua=95 mt=P len=0
PKT t=34216 RX ua=95 mt=R len=7
PKT t=34221 TX ua=95 mt=P len=0
PKT t=34230 RX ua=95 mt=R len=7
PKT t=34235 TX ua=95 mt=P len=0
PKT t=34244 RX ua=95 mt=R len=7
PKT t=34249 TX ua=95 mt=P len=0
PKT t=34258 RX ua=95 mt=R len=7
PKT t=34263 TX ua=95 mt=P len=0
PKT t=34292 RX ua=95 mt=R len=7
PKT t=34297 TX ua=95 mt=P len=0
PKT t=34306 RX ua=95 mt=R len=7
PKT t=34311 TX ua=95 mt=P len=0
PKT t=34320 RX ua=95 mt=R len=7
PKT t=34325 TX ua=95 mt=P len=0
PKT t=34334 RX ua=95 mt=R len=7
PKT t=34339 TX ua=95 mt=P len=0
PKT t=34348 RX ua=95 mt=R len=7
PKT t=34353 TX ua=95 mt=P len=0
PKT t=34362 RX ua=95 mt=R len=7
PKT t=34367 TX ua=95 mt=T len=7
PKT t=34380 TX ua=95 mt=P len=0
PKT t=34399 RX ua=95 mt=R len=7
PKT t=34404 TX ua=95 mt=P len=0
PKT t=34413 RX ua=95 mt=R len=7
PKT t=34418 TX ua=95 mt=P len=0
PKT t=34427 RX ua=95 mt=R len=7
PKT t=34432 TX ua=95 mt=P len=0
PKT t=34441 RX ua=95 mt=R len=7
PKT t=34446 TX ua=95 mt=P len=0
PKT t=34455 RX ua=95 mt=R len=7
PKT t=34460 TX ua=95 mt=P len=0
PKT t=34469 RX ua=95 mt=R len=7
PKT t=34474 TX ua=95 mt=P len=0
PKT t=34503 RX ua=95 mt=R len=7
PKT t=34508 TX ua=95 mt=P len=0
PKT t=34517 RX ua=95 mt=R len=7
PKT t=34522 TX ua=95 mt=P len=0
PKT t=34531 RX ua=95 mt=R len=7
PKT t=34536 TX ua=95 mt=P len=0
PKT t=34545 RX ua=95 mt=R len=7
PKT t=34550 TX ua=95 mt=P len=0
PKT t=34559 RX ua=95 mt=R len=7
PKT t=34564 TX ua=95 mt=P len=0
PKT t=34573 RX ua=95 mt=R len=7
PKT t=34578 TX ua=95 mt=P len=0
PKT t=34607 RX ua=95 mt=R len=7
PKT t=34612 TX ua=95 mt=T len=7
PKT t=34625 TX ua=95 mt=P len=0
PKT t=34634 RX ua=95 mt=R len=7
PKT t=34639 TX ua=95 mt=P len=0
PKT t=34648 RX ua=95 mt=R len=7
PKT t=34653 TX ua=95 mt=P len=0
PKT t=34662 RX ua=95 mt=R len=7
PKT t=34667 TX ua=95 mt=P len=0
PKT t=34676 RX ua=95 mt=R len=7
PKT t=34681 TX ua=95 mt=P len=0
PKT t=34710 RX ua=95 mt=R len=7
PKT t=34715 TX ua=95 mt=P len=0
PKT t=34724 RX ua=95 mt=R len=7
PKT t=34729 TX ua=95 mt=P len=0
PKT t=34738 RX ua=95 mt=R len=7
PKT t=34743 TX ua=95 mt=P len=0
PKT t=34752 RX ua=95 mt=R len=7
PKT t=34757 TX ua=95 mt=P len=0
PKT t=34766 RX ua=95 mt=R len=7
PKT t=34771 TX ua=95 mt=P len=0
PKT t=34780 RX ua=95 mt=R len=7
PKT t=34785 TX ua=95 mt=P len=0
PKT t=34814 RX ua=95 mt=R len=7
PKT t=34819 TX ua=95 mt=P len=0
PKT t=34828 RX ua=95 mt=R len=7
PKT t=34833 TX ua=95 mt=P len=0
PKT t=34842 RX ua=95 mt=R len=7
PKT t=34847 TX ua=95 mt=P len=0
PKT t=34856 RX ua=95 mt=R len=7
PKT t=34861 TX ua=95 mt=T len=7
PKT t=34874 TX ua=95 mt=P len=0
PKT t=34883 RX ua=95 mt=R len=7
PKT t=34888 TX ua=95 mt=P len=0
PKT t=34917 RX ua=95 mt=R len=7
PKT t=34922 TX ua=95 mt=P len=0
PKT t=34931 RX ua=95 mt=R len=7
PKT t=34936 TX ua=95 mt=P len=0
PKT t=34945 RX ua=95 mt=R len=7
PKT t=34950 TX ua=95 mt=P len=0
PKT t=34959 RX ua=95 mt=R len=7
PKT t=34964 TX ua=95 mt=P len=0
PKT t=34973 RX ua=95 mt=R len=7
PKT t=34978 TX ua=95 mt=P len=0
PKT t=34987 RX ua=95 mt=R len=7
PKT t=34992 TX ua=95 mt=P len=0
PKT t=35021 RX ua=95 mt=R len=7
PKT t=35026 TX ua=95 mt=P len=0
PKT t=35035 RX ua=95 mt=R len=7
PKT t=35040 TX ua=95 mt=P len=0
PKT t=35066 RX ua=95 mt=R len=7
PKT t=35071 TX ua=95 mt=P len=0
PKT t=35080 RX ua=95 mt=R len=7
PKT t=35085 TX ua=95 mt=P len=0
PKT t=35094 RX ua=95 mt=R len=7
PKT t=35099 TX ua=95 mt=P len=0
PKT t=35128 RX ua=95 mt=R len=7
PKT t=35133 TX ua=95 mt=T len=7
PKT t=35145 TX ua=95 mt=P len=0
PKT t=35154 RX ua=95 mt=R len=7
PKT t=35159 TX ua=95 mt=P len=0
PKT t=35168 RX ua=95 mt=R len=7
PKT t=35173 TX ua=95 mt=P len=0
PKT t=35182 RX ua=95 mt=R len=7
PKT t=35187 TX ua=95 mt=P len=0
PKT t=35196 RX ua=95 mt=R len=7
PKT t=35201 TX ua=95 mt=P len=0
PKT t=35230 RX ua=95 mt=R len=7
PKT t=35235 TX ua=95 mt=P len=0
PKT t=35244 RX ua=95 mt=R len=7
PKT t=35249 TX ua=95 mt=P len=0
PKT t=35258 RX ua=95 mt=R len=7
PKT t=35263 TX ua=95 mt=P len=0
PKT t=35272 RX ua=95 mt=R len=7
PKT t=35277 TX ua=95 mt=P len=0
PKT t=35286 RX ua=95 mt=R len=7
PKT t=35291 TX ua=95 mt=P len=0
PKT t=35300 RX ua=95 mt=R len=7
PKT t=35305 TX ua=95 mt=P len=0
PKT t=35334 RX ua=95 mt=R len=7
PKT t=35339 TX ua=95 mt=P len=0
PKT t=35348 RX ua=95 mt=R len=7
PKT t=35353 TX ua=95 mt=P len=0
PKT t=35362 RX ua=95 mt=R len=7
PKT t=35367 TX ua=95 mt=T len=7
PKT t=35379 TX ua=95 mt=P len=0
PKT t=35389 RX ua=95 mt=R len=7
PKT t=35394 TX ua=95 mt=P len=0
PKT t=35404 RX ua=95 mt=R len=7
PKT t=35409 TX ua=95 mt=P len=0
PKT t=35438 RX ua=95 mt=R len=7
PKT t=35443 TX ua=95 mt=P len=0
PKT t=35453 RX ua=95 mt=R len=7
PKT t=35458 TX ua=95 mt=P len=0
PKT t=35468 RX ua=95 mt=R len=7
PKT t=35473 TX ua=95 mt=P len=0
PKT t=35483 RX ua=95 mt=R len=7
PKT t=35488 TX ua=95 mt=P len=0
PKT t=35498 RX ua=95 mt=R len=7
PKT t=35503 TX ua=95 mt=P len=0
PKT t=35513 RX ua=95 mt=R len=7
PKT t=35518 TX ua=95 mt=P len=0
PKT t=35547 RX ua=95 mt=R len=7
PKT t=35552 TX ua=95 mt=P len=0
PKT t=35562 RX ua=95 mt=R len=7
PKT t=35567 TX ua=95 mt=P len=0
PKT t=35577 RX ua=95 mt=R len=7
PKT t=35582 TX ua=95 mt=P len=0
PKT t=35592 RX ua=95 mt=R len=7
PKT t=35597 TX ua=95 mt=P len=0
PKT t=35607 RX ua=95 mt=R len=7
PKT t=35612 TX ua=95 mt=T len=7
PKT t=35624 TX ua=95 mt=P len=0
PKT t=35652 RX ua=95 mt=R len=7
PKT t=35657 TX ua=95 mt=P len=0
PKT t=35666 RX ua=95 mt=R len=7
PKT t=35671 TX ua=95 mt=P len=0
PKT t=35681 RX ua=95 mt=R len=7
PKT t=35685 TX ua=95 mt=P len=0
PKT t=35694 RX ua=95 mt=R len=7
PKT t=35699 TX ua=95 mt=P len=0
PKT t=35708 RX ua=95 mt=R len=7
PKT t=35713 TX ua=95 mt=P len=0
PKT t=35722 RX ua=95 mt=R len=7
PKT t=35727 TX ua=95 mt=P len=0
PKT t=35756 RX ua=95 mt=R len=7
PKT t=35761 TX ua=95 mt=P len=0
PKT t=35770 RX ua=95 mt=R len=7
PKT t=35775 TX ua=95 mt=P len=0
PKT t=35784 RX ua=95 mt=R len=7
PKT t=35789 TX ua=95 mt=P len=0
PKT t=35798 RX ua=95 mt=R len=7
PKT t=35803 TX ua=95 mt=P len=0
PKT t=35812 RX ua=95 mt=R len=7
PKT t=35817 TX ua=95 mt=P len=0
PKT t=35826 RX ua=95 mt=R len=7
PKT t=35831 TX ua=95 mt=P len=0
PKT t=35860 RX ua=95 mt=R len=7
PKT t=35865 TX ua=95 mt=T len=7
PKT t=35877 TX ua=95 mt=P len=0
PKT t=35886 RX ua=95 mt=R len=7
PKT t=35891 TX ua=95 mt=P len=0
PKT t=35900 RX ua=95 mt=R len=7
PKT t=35905 TX ua=95 mt=P len=0
PKT t=35914 RX ua=95 mt=R len=7
PKT t=35919 TX ua=95 mt=P len=0
PKT t=35928 RX ua=95 mt=R len=7
PKT t=35933 TX ua=95 mt=P len=0
PKT t=35962 RX ua=95 mt=R len=7
PKT t=35967 TX ua=95 mt=P len=0
PKT t=35976 RX ua=95 mt=R len=7
PKT t=35981 TX ua=95 mt=P len=0
PKT t=35990 RX ua=95 mt=R len=7
PKT t=35995 TX ua=95 mt=P len=0
PKT t=36004 RX ua=95 mt=R len=7
PKT t=36009 TX ua=95 mt=P len=0
PKT t=36022 RX ua=95 mt=R len=7
PKT t=36027 TX ua=95 mt=P len=0
PKT t=36036 RX ua=95 mt=R len=7
PKT t=36041 TX ua=95 mt=P len=0
PKT t=36070 RX ua=95 mt=R len=7
PKT t=36075 TX ua=95 mt=P len=0
PKT t=36084 RX ua=95 mt=R len=7
PKT t=36089 TX ua=95 mt=P len=0
PKT t=36098 RX ua=95 mt=R len=7
PKT t=36103 TX ua=95 mt=P len=0
PKT t=36112 RX ua=95 mt=R len=7
PKT t=36117 TX ua=95 mt=T len=7
PKT t=36129 TX ua=95 mt=P len=0
PKT t=36138 RX ua=95 mt=R len=7
PKT t=36143 TX ua=95 mt=P len=0
PKT t=36172 RX ua=95 mt=R len=7
PKT t=36177 TX ua=95 mt=P len=0
PKT t=36186 RX ua=95 mt=R len=7
PKT t=36191 TX ua=95 mt=P len=0
PKT t=36200 RX ua=95 mt=R len=7
PKT t=36205 TX ua=95 mt=P len=0
PKT t=36214 RX ua=95 mt=R len=7
PKT t=36219 TX ua=95 mt=P len=0
PKT t=36228 RX ua=95 mt=R len=7
PKT t=36233 TX ua=95 mt=P len=0
PKT t=36242 RX ua=95 mt=R len=7
PKT t=36247 TX ua=95 mt=P len=0
PKT t=36276 RX ua=95 mt=R len=7
PKT t=36281 TX ua=95 mt=P len=0
PKT t=36290 RX ua=95 mt=R len=7
PKT t=36295 TX ua=95 mt=P len=0
PKT t=36304 RX ua=95 mt=R len=7
PKT t=36309 TX ua=95 mt=P len=0
PKT t=36318 RX ua=95 mt=R len=7
PKT t=36323 TX ua=95 mt=P len=0
PKT t=36332 RX ua=95 mt=R len=7
PKT t=36337 TX ua=95 mt=P len=0
PKT t=36346 RX ua=95 mt=R len=7
PKT t=36351 TX ua=95 mt=P len=0
PKT t=36380 RX ua=95 mt=R len=7
PKT t=36385 TX ua=95 mt=T len=7
PKT t=36397 TX ua=95 mt=P len=0
PKT t=36406 RX ua=95 mt=R len=7
PKT t=36411 TX ua=95 mt=P len=0
PKT t=36420 RX ua=95 mt=R len=7
PKT t=36425 TX ua=95 mt=P len=0
PKT t=36434 RX ua=95 mt=R len=7
PKT t=36439 TX ua=95 mt=P len=0
PKT t=36448 RX ua=95 mt=R len=7
PKT t=36453 TX ua=95 mt=P len=0
PKT t=36482 RX ua=95 mt=R len=7
PKT t=36487 TX ua=95 mt=P len=0
PKT t=36496 RX ua=95 mt=R len=7
PKT t=36501 TX ua=95 mt=P len=0
PKT t=36510 RX ua=95 mt=R len=7
PKT t=36515 TX ua=95 mt=P len=0
PKT t=36524 RX ua=95 mt=R len=7
PKT t=36529 TX ua=95 mt=P len=0
PKT t=36538 RX ua=95 mt=R len=7
PKT t=36543 TX ua=95 mt=P len=0
PKT t=36552 RX ua=95 mt=R len=7
PKT t=36557 TX ua=95 mt=P len=0
PKT t=36586 RX ua=95 mt=R len=7
PKT t=36591 TX ua=95 mt=P len=0
PKT t=36600 RX ua=95 mt=R len=7
PKT t=36605 TX ua=95 mt=P len=0
PKT t=36614 RX ua=95 mt=R len=7
PKT t=36619 TX ua=95 mt=T len=7
PKT t=36631 TX ua=95 mt=P len=0
PKT t=36640 RX ua=95 mt=R len=7
PKT t=36645 TX ua=95 mt=P len=0
PKT t=36654 RX ua=95 mt=R len=7
PKT t=36659 TX ua=95 mt=P len=0
PKT t=36688 RX ua=95 mt=R len=7
PKT t=36693 TX ua=95 mt=P len=0
PKT t=36702 RX ua=95 mt=R len=7
PKT t=36707 TX ua=95 mt=P len=0
PKT t=36716 RX ua=95 mt=R len=7
PKT t=36721 TX ua=95 mt=P len=0
PKT t=36730 RX ua=95 mt=R len=7
PKT t=36735 TX ua=95 mt=P len=0
PKT t=36744 RX ua=95 mt=R len=7
PKT t=36749 TX ua=95 mt=P len=0
PKT t=36758 RX ua=95 mt=R len=7
PKT t=36763 TX ua=95 mt=P len=0
PKT t=36792 RX ua=95 mt=R len=7
PKT t=36797 TX ua=95 mt=P len=0
PKT t=36806 RX ua=95 mt=R len=7
PKT t=36811 TX ua=95 mt=P len=0
PKT t=36820 RX ua=95 mt=R len=7
PKT t=36825 TX ua=95 mt=P len=0
PKT t=36834 RX ua=95 mt=R len=7
PKT t=36839 TX ua=95 mt=P len=0
PKT t=36849 RX ua=95 mt=R len=7
PKT t=36854 TX ua=95 mt=P len=0
PKT t=36863 RX ua=95 mt=R len=7
PKT t=36868 TX ua=95 mt=T len=7
PKT t=36880 TX ua=95 mt=P len=0
PKT t=36901 RX ua=95 mt=R len=7
PKT t=36906 TX ua=95 mt=P len=0
PKT t=36915 RX ua=95 mt=R len=7
PKT t=36920 TX ua=95 mt=P len=0
PKT t=36929 RX ua=95 mt=R len=7
PKT t=36934 TX ua=95 mt=P len=0
PKT t=36943 RX ua=95 mt=R len=7
PKT t=36948 TX ua=95 mt=P len=0
PKT t=36957 RX ua=95 mt=R len=7
PKT t=36962 TX ua=95 mt=P len=0
PKT t=36971 RX ua=95 mt=R len=7
PKT t=36976 TX ua=95 mt=P len=0
PKT t=37006 RX ua=95 mt=R len=7
PKT t=37011 TX ua=95 mt=P len=0
PKT t=37020 RX ua=95 mt=R len=7
PKT t=37025 TX ua=95 mt=P len=0
PKT t=37034 RX ua=95 mt=R len=7
PKT t=37039 TX ua=95 mt=P len=0
PKT t=37066 RX ua=95 mt=R len=7
PKT t=37071 TX ua=95 mt=P len=0
PKT t=37105 RX ua=95 mt=R len=7
PKT t=37110 TX ua=95 mt=T len=7
PKT t=37123 TX ua=95 mt=P len=0
PKT t=37132 RX ua=95 mt=R len=7
PKT t=37137 TX ua=95 mt=P len=0
PKT t=37146 RX ua=95 mt=R len=7
PKT t=37151 TX ua=95 mt=P len=0
PKT t=37160 RX ua=95 mt=R len=7
PKT t=37165 TX ua=95 mt=P len=0
PKT t=37174 RX ua=95 mt=R len=7
PKT t=37179 TX ua=95 mt=P len=0
PKT t=37208 RX ua=95 mt=R len=7
PKT t=37213 TX ua=95 mt=P len=0
PKT t=37222 RX ua=95 mt=R len=7
PKT t=37227 TX ua=95 mt=P len=0
PKT t=37236 RX ua=95 mt=R len=7
PKT t=37241 TX ua=95 mt=P len=0
PKT t=37250 RX ua=95 mt=R len=7
PKT t=37255 TX ua=95 mt=P len=0
PKT t=37264 RX ua=95 mt=R len=7
PKT t=37269 TX ua=95 mt=P len=0
PKT t=37278 RX ua=95 mt=R len=7
PKT t=37283 TX ua=95 mt=P len=0
