PKT t=7338 RX ua=95 mt=R len=7
PKT t=7343 TX ua=95 mt=P len=0
PKT t=7352 RX ua=95 mt=R len=7
PKT t=7357 TX ua=95 mt=T len=7
PKT t=7369 TX ua=95 mt=P len=0
PKT t=7397 RX ua=95 mt=R len=7
PKT t=7402 TX ua=95 mt=P len=0
PKT t=7412 RX ua=95 mt=R len=7
PKT t=7417 TX ua=95 mt=P len=0
PKT t=7427 RX ua=95 mt=R len=7
PKT t=7432 TX ua=95 mt=P len=0
PKT t=7442 RX ua=95 mt=R len=7
PKT t=7447 TX ua=95 mt=P len=0
PKT t=7457 RX ua=95 mt=R len=7
PKT t=7462 TX ua=95 mt=P len=0
PKT t=7472 RX ua=95 mt=R len=7
PKT t=7477 TX ua=95 mt=P len=0
PKT t=7506 RX ua=95 mt=R len=7
PKT t=7511 TX ua=95 mt=P len=0
PKT t=7521 RX ua=95 mt=R len=7
PKT t=7526 TX ua=95 mt=P len=0
PKT t=7536 RX ua=95 mt=R len=7
PKT t=7541 TX ua=95 mt=P len=0
PKT t=7551 RX ua=95 mt=R len=7
PKT t=7556 TX ua=95 mt=P len=0
PKT t=7566 RX ua=95 mt=R len=7
PKT t=7571 TX ua=95 mt=P len=0
PKT t=7581 RX ua=95 mt=R len=7
PKT t=7586 TX ua=95 mt=P len=0
PKT t=7615 RX ua=95 mt=R len=7
PKT t=7620 TX ua=95 mt=T len=7
PKT t=7632 TX ua=95 mt=P len=0
PKT t=7641 RX ua=95 mt=R len=7
PKT t=7646 TX ua=95 mt=P len=0
PKT t=7655 RX ua=95 mt=R len=7
PKT t=7660 TX ua=95 mt=P len=0
PKT t=7669 RX ua=95 mt=R len=7
PKT t=7674 TX ua=95 mt=P len=0
PKT t=7683 RX ua=95 mt=R len=7
PKT t=7688 TX ua=95 mt=P len=0
PKT t=7717 RX ua=95 mt=R len=7
PKT t=7722 TX ua=95 mt=P len=0
PKT t=7731 RX ua=95 mt=R len=7
PKT t=7736 TX ua=95 mt=P len=0
PKT t=7745 RX ua=95 mt=R len=7
PKT t=7750 TX ua=95 mt=P len=0
PKT t=7759 RX ua=95 mt=R len=7
PKT t=7764 TX ua=95 mt=P len=0
PKT t=7773 RX ua=95 mt=R len=7
PKT t=7778 TX ua=95 mt=P len=0
PKT t=7787 RX ua=95 mt=R len=7
PKT t=7792 TX ua=95 mt=P len=0
PKT t=7821 RX ua=95 mt=R len=7
PKT t=7826 TX ua=95 mt=P len=0
PKT t=7835 RX ua=95 mt=R len=7
PKT t=7840 TX ua=95 mt=P len=0
PKT t=7849 RX ua=95 mt=R len=7
PKT t=7854 TX ua=95 mt=T len=7
PKT t=7866 TX ua=95 mt=P len=0
PKT t=7875 RX ua=95 mt=R len=7
PKT t=7880 TX ua=95 mt=P len=0
PKT t=7889 RX ua=95 mt=R len=7
PKT t=7894 TX ua=95 mt=P len=0
PKT t=7923 RX ua=95 mt=R len=7
PKT t=7928 TX ua=95 mt=P len=0
PKT t=7937 RX ua=95 mt=R len=7
PKT t=7942 TX ua=95 mt=P len=0
PKT t=7951 RX ua=95 mt=R len=7
PKT t=7956 TX ua=95 mt=P len=0
PKT t=7965 RX ua=95 mt=R len=7
PKT t=7970 TX ua=95 mt=P len=0
PKT t=7979 RX ua=95 mt=R len=7
PKT t=7984 TX ua=95 mt=P len=0
PKT t=7993 RX ua=95 mt=R len=7
PKT t=7998 TX ua=95 mt=P len=0
PKT t=8027 RX ua=95 mt=R len=7
PKT t=8032 TX ua=95 mt=P len=0
PKT t=8041 RX ua=95 mt=R len=7
PKT t=8046 TX ua=95 mt=P len=0
PKT t=8055 RX ua=95 mt=R len=7
PKT t=8060 TX ua=95 mt=P len=0
PKT t=8069 RX ua=95 mt=R len=7
PKT t=8074 TX ua=95 mt=P len=0
PKT t=8083 RX ua=95 mt=R len=7
PKT t=8088 TX ua=95 mt=P len=0
PKT t=8097 RX ua=95 mt=R len=7
PKT t=8102 TX ua=95 mt=T len=7
PKT t=8114 TX ua=95 mt=P len=0
PKT t=8137 RX ua=95 mt=R len=7
PKT t=8142 TX ua=95 mt=P len=0
PKT t=8151 RX ua=95 mt=R len=7
PKT t=8156 TX ua=95 mt=P len=0
PKT t=8165 RX ua=95 mt=R len=7
PKT t=8170 TX ua=95 mt=P len=0
PKT t=8179 RX ua=95 mt=R len=7
PKT t=8184 TX ua=95 mt=P len=0
PKT t=8193 RX ua=95 mt=R len=7
PKT t=8198 TX ua=95 mt=P len=0
PKT t=8231 RX ua=95 mt=R len=7
PKT t=8236 TX ua=95 mt=P len=0
PKT t=8245 RX ua=95 mt=R len=7
PKT t=8250 TX ua=95 mt=P len=0
PKT t=8259 RX ua=95 mt=R len=7
PKT t=8264 TX ua=95 mt=P len=0
PKT t=8273 RX ua=95 mt=R len=7
PKT t=8278 TX ua=95 mt=P len=0
PKT t=8287 RX ua=95 mt=R len=7
PKT t=8292 TX ua=95 mt=P len=0
PKT t=8301 RX ua=95 mt=R len=7
PKT t=8306 TX ua=95 mt=P len=0
PKT t=8335 RX ua=95 mt=R len=7
PKT t=8340 TX ua=95 mt=P len=0
PKT t=8349 RX ua=95 mt=R len=7
PKT t=8354 TX ua=95 mt=T len=7
PKT t=8366 TX ua=95 mt=P len=0
PKT t=8375 RX ua=95 mt=R len=7
PKT t=8380 TX ua=95 mt=P len=0
PKT t=8389 RX ua=95 mt=R len=7
PKT t=8394 TX ua=95 mt=P len=0
PKT t=8403 RX ua=95 mt=R len=7
PKT t=8408 TX ua=95 mt=P len=0
PKT t=8437 RX ua=95 mt=R len=7
PKT t=8442 TX ua=95 mt=P len=0
PKT t=8451 RX ua=95 mt=R len=7
PKT t=8456 TX ua=95 mt=P len=0
PKT t=8465 RX ua=95 mt=R len=7
PKT t=8470 TX ua=95 mt=P len=0
PKT t=8479 RX ua=95 mt=R len=7
PKT t=8484 TX ua=95 mt=P len=0
PKT t=8493 RX ua=95 mt=R len=7
PKT t=8498 TX ua=95 mt=P len=0
PKT t=8507 RX ua=95 mt=R len=7
PKT t=8512 TX ua=95 mt=P len=0
PKT t=8541 RX ua=95 mt=R len=7
PKT t=8546 TX ua=95 mt=P len=0
PKT t=8555 RX ua=95 mt=R len=7
PKT t=8560 TX ua=95 mt=P len=0
PKT t=8569 RX ua=95 mt=R len=7
PKT t=8574 TX ua=95 mt=P len=0
PKT t=8583 RX ua=95 mt=R len=7
PKT t=8588 TX ua=95 mt=P len=0
PKT t=8597 RX ua=95 mt=R len=7
PKT t=8602 TX ua=95 mt=T len=7
PKT t=8614 TX ua=95 mt=P len=0
PKT t=8642 RX ua=95 mt=R len=7
PKT t=8647 TX ua=95 mt=P len=0
PKT t=8656 RX ua=95 mt=R len=7
PKT t=8661 TX ua=95 mt=P len=0
PKT t=8670 RX ua=95 mt=R len=7
PKT t=8675 TX ua=95 mt=P len=0
PKT t=8684 RX ua=95 mt=R len=7
PKT t=8689 TX ua=95 mt=P len=0
PKT t=8698 RX ua=95 mt=R len=7
PKT t=8703 TX ua=95 mt=P len=0
PKT t=8712 RX ua=95 mt=R len=7
PKT t=8717 TX ua=95 mt=P len=0
PKT t=8746 RX ua=95 mt=R len=7
PKT t=8751 TX ua=95 mt=P len=0
PKT t=8760 RX ua=95 mt=R len=7
PKT t=8765 TX ua=95 mt=P len=0
PKT t=8774 RX ua=95 mt=R len=7
PKT t=8779 TX ua=95 mt=P len=0
PKT t=8788 RX ua=95 mt=R len=7
PKT t=8793 TX ua=95 mt=P len=0
PKT t=8802 RX ua=95 mt=R len=7
PKT t=8807 TX ua=95 mt=P len=0
PKT t=8816 RX ua=95 mt=R len=7
PKT t=8821 TX ua=95 mt=P len=0
PKT t=8850 RX ua=95 mt=R len=7
PKT t=8855 TX ua=95 mt=T len=7
PKT t=8867 TX ua=95 mt=P len=0
PKT t=8876 RX ua=95 mt=R len=7
PKT t=8881 TX ua=95 mt=P len=0
PKT t=8890 RX ua=95 mt=R len=7
PKT t=8895 TX ua=95 mt=P len=0
PKT t=8904 RX ua=95 mt=R len=7
PKT t=8909 TX ua=95 mt=P len=0
PKT t=8918 RX ua=95 mt=R len=7
PKT t=8923 TX ua=95 mt=P len=0
PKT t=8952 RX ua=95 mt=R len=7
PKT t=8957 TX ua=95 mt=P len=0
PKT t=8966 RX ua=95 mt=R len=7
PKT t=8971 TX ua=95 mt=P len=0
PKT t=8980 RX ua=95 mt=R len=7
PKT t=8985 TX ua=95 mt=P len=0
PKT t=8994 RX ua=95 mt=R len=7
PKT t=8999 TX ua=95 mt=P len=0
PKT t=9008 RX ua=95 mt=R len=7
PKT t=9013 TX ua=95 mt=P len=0
PKT t=9022 RX ua=95 mt=R len=7
PKT t=9027 TX ua=95 mt=P len=0
PKT t=9056 RX ua=95 mt=R len=7
PKT t=9061 TX ua=95 mt=P len=0
PKT t=9070 RX ua=95 mt=R len=7
PKT t=9075 TX ua=95 mt=P len=0
PKT t=9084 RX ua=95 mt=R len=7
PKT t=9089 TX ua=95 mt=P len=0
PKT t=9098 RX ua=95 mt=R len=7
PKT t=9103 TX ua=95 mt=T len=7
PKT t=9115 TX ua=95 mt=P len=0
PKT t=9124 RX ua=95 mt=R len=7
PKT t=9129 TX ua=95 mt=P len=0
PKT t=9158 RX ua=95 mt=R len=7
PKT t=9163 TX ua=95 mt=P len=0
PKT t=9172 RX ua=95 mt=R len=7
PKT t=9177 TX ua=95 mt=P len=0
PKT t=9186 RX ua=95 mt=R len=7
PKT t=9191 TX ua=95 mt=P len=0
PKT t=9200 RX ua=95 mt=R len=7
PKT t=9205 TX ua=95 mt=P len=0
PKT t=9214 RX ua=95 mt=R len=7
PKT t=9219 TX ua=95 mt=P len=0
PKT t=9228 RX ua=95 mt=R len=7
PKT t=9233 TX ua=95 mt=P len=0
PKT t=9262 RX ua=95 mt=R len=7
PKT t=9267 TX ua=95 mt=P len=0
PKT t=9276 RX ua=95 mt=R len=7
PKT t=9281 TX ua=95 mt=P len=0
PKT t=9290 RX ua=95 mt=R len=7
PKT t=9295 TX ua=95 mt=P len=0
PKT t=9304 RX ua=95 mt=R len=7
PKT t=9309 TX ua=95 mt=P len=0
PKT t=9318 RX ua=95 mt=R len=7
PKT t=9323 TX ua=95 mt=P len=0
PKT t=9332 RX ua=95 mt=R len=7
PKT t=9337 TX ua=95 mt=P len=0
PKT t=9366 RX ua=95 mt=R len=7
PKT t=9371 TX ua=95 mt=T len=7
PKT t=9383 TX ua=95 mt=P len=0
PKT t=9393 RX ua=95 mt=R len=7
PKT t=9398 TX ua=95 mt=P len=0
PKT t=9408 RX ua=95 mt=R len=7
PKT t=9413 TX ua=95 mt=P len=0
PKT t=9423 RX ua=95 mt=R len=7
PKT t=9428 TX ua=95 mt=P len=0
PKT t=9438 RX ua=95 mt=R len=7
PKT t=9443 TX ua=95 mt=P len=0
PKT t=9472 RX ua=95 mt=R len=7
PKT t=9477 TX ua=95 mt=P len=0
PKT t=9488 RX ua=95 mt=R len=7
PKT t=9493 TX ua=95 mt=P len=0
PKT t=9503 RX ua=95 mt=R len=7
PKT t=9508 TX ua=95 mt=P len=0
PKT t=9518 RX ua=95 mt=R len=7
PKT t=9523 TX ua=95 mt=P len=0
PKT t=9533 RX ua=95 mt=R len=7
PKT t=9538 TX ua=95 mt=P len=0
PKT t=9571 RX ua=95 mt=R len=7
PKT t=9576 TX ua=95 mt=P len=0
PKT t=9586 RX ua=95 mt=R len=7
PKT t=9591 TX ua=95 mt=P len=0
PKT t=9601 RX ua=95 mt=R len=7
PKT t=9606 TX ua=95 mt=T len=7
PKT t=9618 TX ua=95 mt=P len=0
PKT t=9627 RX ua=95 mt=R len=7
PKT t=9632 TX ua=95 mt=P len=0
PKT t=9641 RX ua=95 mt=R len=7
PKT t=9646 TX ua=95 mt=P len=0
PKT t=9675 RX ua=95 mt=R len=7
PKT t=9680 TX ua=95 mt=P len=0
PKT t=9689 RX ua=95 mt=R len=7
PKT t=9694 TX ua=95 mt=P len=0
PKT t=9703 RX ua=95 mt=R len=7
PKT t=9708 TX ua=95 mt=P len=0
PKT t=9717 RX ua=95 mt=R len=7
PKT t=9722 TX ua=95 mt=P len=0
PKT t=9731 RX ua=95 mt=R len=7
PKT t=9736 TX ua=95 mt=P len=0
PKT t=9745 RX ua=95 mt=R len=7
PKT t=9750 TX ua=95 mt=P len=0
PKT t=9779 RX ua=95 mt=R len=7
PKT t=9784 TX ua=95 mt=P len=0
PKT t=9793 RX ua=95 mt=R len=7
PKT t=9798 TX ua=95 mt=P len=0
PKT t=9808 RX ua=95 mt=R len=7
PKT t=9813 TX ua=95 mt=P len=0
PKT t=9822 RX ua=95 mt=R len=7
PKT t=9827 TX ua=95 mt=P len=0
PKT t=9836 RX ua=95 mt=R len=7
PKT t=9841 TX ua=95 mt=P len=0
PKT t=9850 RX ua=95 mt=R len=7
PKT t=9855 TX ua=95 mt=T len=7
PKT t=9867 TX ua=95 mt=P len=0
PKT t=9886 RX ua=95 mt=R len=7
PKT t=9891 TX ua=95 mt=P len=0
PKT t=9900 RX ua=95 mt=R len=7
PKT t=9905 TX ua=95 mt=P len=0
PKT t=9914 RX ua=95 mt=R len=7
PKT t=9919 TX ua=95 mt=P len=0
PKT t=9928 RX ua=95 mt=R len=7
PKT t=9933 TX ua=95 mt=P len=0
PKT t=9942 RX ua=95 mt=R len=7
PKT t=9947 TX ua=95 mt=P len=0
PKT t=9956 RX ua=95 mt=R len=7
PKT t=9961 TX ua=95 mt=P len=0
PKT t=9990 RX ua=95 mt=R len=7
PKT t=9995 TX ua=95 mt=P len=0
PKT t=10004 RX ua=95 mt=R len=7
PKT t=10009 TX ua=95 mt=P len=0
PKT t=10018 RX ua=95 mt=R len=7
PKT t=10023 TX ua=95 mt=P len=0
PKT t=10032 RX ua=95 mt=R len=7
PKT t=10037 TX ua=95 mt=P len=0
PKT t=10046 RX ua=95 mt=R len=7
PKT t=10051 TX ua=95 mt=P len=0
PKT t=10060 RX ua=95 mt=R len=7
PKT t=10065 TX ua=95 mt=P len=0
PKT t=10094 RX ua=95 mt=R len=7
PKT t=10099 TX ua=95 mt=T len=7
PKT t=10112 TX ua=95 mt=P len=0
PKT t=10121 RX ua=95 mt=R len=7
PKT t=10126 TX ua=96 mt=P len=0
PKT t=10384 TX ua=95 mt=P len=0
PKT t=10394 RX ua=95 mt=R len=7
PKT t=10399 TX ua=95 mt=T len=7
PKT t=10412 TX ua=95 mt=P len=0
PKT t=10421 RX ua=95 mt=R len=7
PKT t=10426 TX ua=95 mt=P len=0
PKT t=10435 RX ua=95 mt=R len=7
PKT t=10440 TX ua=95 mt=P len=0
PKT t=10449 RX ua=95 mt=R len=7
PKT t=10454 TX ua=95 mt=P len=0
PKT t=10463 RX ua=95 mt=R len=7
PKT t=10468 TX ua=95 mt=P len=0
PKT t=10497 RX ua=95 mt=R len=7
PKT t=10502 TX ua=95 mt=P len=0
PKT t=10511 RX ua=95 mt=R len=7
PKT t=10516 TX ua=95 mt=P len=0
PKT t=10525 RX ua=95 mt=R len=7
PKT t=10530 TX ua=95 mt=P len=0
PKT t=10539 RX ua=95 mt=R len=7
PKT t=10544 TX ua=95 mt=P len=0
PKT t=10553 RX ua=95 mt=R len=7
PKT t=10558 TX ua=95 mt=P len=0
PKT t=10567 RX ua=95 mt=R len=7
PKT t=10572 TX ua=95 mt=P len=0
PKT t=10601 RX ua=95 mt=R len=7
PKT t=10606 TX ua=95 mt=T len=7
PKT t=10619 TX ua=95 mt=P len=0
PKT t=10628 RX ua=95 mt=R len=7
PKT t=10633 TX ua=95 mt=P len=0
PKT t=10642 RX ua=95 mt=R len=7
PKT t=10647 TX ua=95 mt=P len=0
PKT t=10656 RX ua=95 mt=R len=7
PKT t=10661 TX ua=95 mt=P len=0
PKT t=10670 RX ua=95 mt=R len=7
PKT t=10675 TX ua=95 mt=P len=0
PKT t=10704 RX ua=95 mt=R len=7
PKT t=10709 TX ua=95 mt=P len=0
PKT t=10718 RX ua=95 mt=R len=7
PKT t=10723 TX ua=95 mt=P len=0
PKT t=10732 RX ua=95 mt=R len=7
PKT t=10737 TX ua=95 mt=P len=0
PKT t=10746 RX ua=95 mt=R len=7
PKT t=10751 TX ua=95 mt=P len=0
PKT t=10760 RX ua=95 mt=R len=7
PKT t=10765 TX ua=95 mt=P len=0
PKT t=10774 RX ua=95 mt=R len=7
PKT t=10779 TX ua=95 mt=P len=0
PKT t=10808 RX ua=95 mt=R len=7
PKT t=10813 TX ua=95 mt=P len=0
PKT t=10822 RX ua=95 mt=R len=7
PKT t=10827 TX ua=95 mt=P len=0
PKT t=10836 RX ua=95 mt=R len=7
PKT t=10841 TX ua=95 mt=P len=0
PKT t=10850 RX ua=95 mt=R len=7
PKT t=10855 TX ua=95 mt=T len=7
PKT t=10868 TX ua=95 mt=P len=0
PKT t=10877 RX ua=95 mt=R len=7
PKT t=10882 TX ua=95 mt=P len=0
PKT t=10911 RX ua=95 mt=R len=7
PKT t=10916 TX ua=95 mt=P len=0
PKT t=10925 RX ua=95 mt=R len=7
PKT t=10930 TX ua=95 mt=P len=0
PKT t=10939 RX ua=95 mt=R len=7
PKT t=10944 TX ua=95 mt=P len=0
PKT t=10953 RX ua=95 mt=R len=7
PKT t=10958 TX ua=95 mt=P len=0
PKT t=10967 RX ua=95 mt=R len=7
PKT t=10972 TX ua=95 mt=P len=0
PKT t=10981 RX ua=95 mt=R len=7
PKT t=10986 TX ua=95 mt=P len=0
PKT t=11015 RX ua=95 mt=R len=7
PKT t=11020 TX ua=95 mt=P len=0
PKT t=11029 RX ua=95 mt=R len=7
PKT t=11034 TX ua=95 mt=P len=0
PKT t=11043 RX ua=95 mt=R len=7
PKT t=11048 TX ua=95 mt=P len=0
PKT t=11057 RX ua=95 mt=R len=7
PKT t=11062 TX ua=95 mt=P len=0
PKT t=11071 RX ua=95 mt=R len=7
PKT t=11076 TX ua=95 mt=P len=0
PKT t=11085 RX ua=95 mt=R len=7
PKT t=11090 TX ua=95 mt=P len=0
PKT t=11119 RX ua=95 mt=R len=7
PKT t=11124 TX ua=95 mt=T len=7
PKT t=11136 TX ua=95 mt=P len=0
PKT t=11145 RX ua=95 mt=R len=7
PKT t=11150 TX ua=95 mt=P len=0
PKT t=11159 RX ua=95 mt=R len=7
PKT t=11164 TX ua=95 mt=P len=0
PKT t=11173 RX ua=95 mt=R len=7
PKT t=11178 TX ua=95 mt=P len=0
PKT t=11187 RX ua=95 mt=R len=7
PKT t=11192 TX ua=95 mt=P len=0
PKT t=11221 RX ua=95 mt=R len=7
PKT t=11226 TX ua=95 mt=P len=0
PKT t=11235 RX ua=95 mt=R len=7
PKT t=11240 TX ua=95 mt=P len=0
PKT t=11249 RX ua=95 mt=R len=7
PKT t=11254 TX ua=95 mt=P len=0
PKT t=11263 RX ua=95 mt=R len=7
PKT t=11268 TX ua=95 mt=P len=0
PKT t=11277 RX ua=95 mt=R len=7
PKT t=11282 TX ua=95 mt=P len=0
PKT t=11291 RX ua=95 mt=R len=7
PKT t=11296 TX ua=95 mt=P len=0
PKT t=11325 RX ua=95 mt=R len=7
PKT t=11330 TX ua=95 mt=P len=0
PKT t=11339 RX ua=95 mt=R len=7
PKT t=11344 TX ua=95 mt=P len=0
PKT t=11353 RX ua=95 mt=R len=7
PKT t=11358 TX ua=95 mt=T len=7
PKT t=11370 TX ua=95 mt=P len=0
PKT t=11380 RX ua=95 mt=R len=7
PKT t=11385 TX ua=95 mt=P len=0
PKT t=11395 RX ua=95 mt=R len=7
PKT t=11400 TX ua=95 mt=P len=0
PKT t=11429 RX ua=95 mt=R len=7
PKT t=11434 TX ua=95 mt=P len=0
PKT t=11444 RX ua=95 mt=R len=7
PKT t=11449 TX ua=95 mt=P len=0
PKT t=11459 RX ua=95 mt=R len=7
PKT t=11464 TX ua=95 mt=P len=0
PKT t=11474 RX ua=95 mt=R len=7
PKT t=11479 TX ua=95 mt=P len=0
PKT t=11489 RX ua=95 mt=R len=7
PKT t=11494 TX ua=95 mt=P len=0
PKT t=11504 RX ua=95 mt=R len=7
PKT t=11509 TX ua=95 mt=P len=0
PKT t=11538 RX ua=95 mt=R len=7
PKT t=11543 TX ua=95 mt=P len=0
PKT t=11553 RX ua=95 mt=R len=7
PKT t=11558 TX ua=95 mt=P len=0
PKT t=11568 RX ua=95 mt=R len=7
PKT t=11573 TX ua=95 mt=P len=0
PKT t=11583 RX ua=95 mt=R len=7
PKT t=11588 TX ua=95 mt=P len=0
PKT t=11598 RX ua=95 mt=R len=7
PKT t=11603 TX ua=95 mt=T len=7
PKT t=11615 TX ua=95 mt=P len=0
PKT t=11643 RX ua=95 mt=R len=7
PKT t=11648 TX ua=95 mt=P len=0
PKT t=11657 RX ua=95 mt=R len=7
PKT t=11662 TX ua=95 mt=P len=0
PKT t=11671 RX ua=95 mt=R len=7
PKT t=11676 TX ua=95 mt=P len=0
PKT t=11685 RX ua=95 mt=R len=7
PKT t=11690 TX ua=95 mt=P len=0
PKT t=11699 RX ua=95 mt=R len=7
PKT t=11704 TX ua=95 mt=P len=0
PKT t=11713 RX ua=95 mt=R len=7
PKT t=11718 TX ua=95 mt=P len=0
PKT t=11747 RX ua=95 mt=R len=7
PKT t=11752 TX ua=95 mt=P len=0
PKT t=11761 RX ua=95 mt=R len=7
PKT t=11766 TX ua=95 mt=P len=0
PKT t=11775 RX ua=95 mt=R len=7
PKT t=11780 TX ua=95 mt=P len=0
PKT t=11789 RX ua=95 mt=R len=7
PKT t=11794 TX ua=95 mt=P len=0
PKT t=11803 RX ua=95 mt=R len=7
PKT t=11808 TX ua=95 mt=P len=0
PKT t=11817 RX ua=95 mt=R len=7
PKT t=11822 TX ua=95 mt=P len=0
PKT t=11851 RX ua=95 mt=R len=7
PKT t=11856 TX ua=95 mt=T len=7
PKT t=11868 TX ua=95 mt=P len=0
PKT t=11877 RX ua=95 mt=R len=7
PKT t=11882 TX ua=95 mt=P len=0
PKT t=11891 RX ua=95 mt=R len=7
PKT t=11896 TX ua=95 mt=P len=0
PKT t=11905 RX ua=95 mt=R len=7
PKT t=11910 TX ua=95 mt=P len=0
PKT t=11919 RX ua=95 mt=R len=7
PKT t=11924 TX ua=95 mt=P len=0
PKT t=11953 RX ua=95 mt=R len=7
PKT t=11958 TX ua=95 mt=P len=0
PKT t=11967 RX ua=95 mt=R len=7
PKT t=11972 TX ua=95 mt=P len=0
PKT t=11981 RX ua=95 mt=R len=7
PKT t=11986 TX ua=95 mt=P len=0
PKT t=11995 RX ua=95 mt=R len=7
PKT t=12000 TX ua=95 mt=P len=0
PKT t=12010 RX ua=95 mt=R len=7
PKT t=12015 TX ua=95 mt=P len=0
PKT t=12024 RX ua=95 mt=R len=7
PKT t=12029 TX ua=95 mt=P len=0
PKT t=12058 RX ua=95 mt=R len=7
PKT t=12063 TX ua=95 mt=P len=0
PKT t=12072 RX ua=95 mt=R len=7
PKT t=12077 TX ua=95 mt=P len=0
PKT t=12086 RX ua=95 mt=R len=7
PKT t=12091 TX ua=95 mt=P len=0
PKT t=12100 RX ua=95 mt=R len=7
PKT t=12105 TX ua=95 mt=T len=7
PKT t=12117 TX ua=95 mt=P len=0
PKT t=12126 RX ua=95 mt=R len=7
PKT t=12131 TX ua=95 mt=P len=0
PKT t=12164 RX ua=95 mt=R len=7
PKT t=12169 TX ua=95 mt=P len=0
PKT t=12178 RX ua=95 mt=R len=7
PKT t=12183 TX ua=95 mt=P len=0
PKT t=12192 RX ua=95 mt=R len=7
PKT t=12197 TX ua=95 mt=P len=0
PKT t=12206 RX ua=95 mt=R len=7
PKT t=12211 TX ua=95 mt=P len=0
PKT t=12220 RX ua=95 mt=R len=7
PKT t=12225 TX ua=95 mt=P len=0
PKT t=12234 RX ua=95 mt=R len=7
PKT t=12239 TX ua=95 mt=P len=0
PKT t=12269 RX ua=95 mt=R len=7
PKT t=12274 TX ua=95 mt=P len=0
PKT t=12283 RX ua=95 mt=R len=7
PKT t=12288 TX ua=95 mt=P len=0
PKT t=12297 RX ua=95 mt=R len=7
PKT t=12302 TX ua=95 mt=P len=0
PKT t=12311 RX ua=95 mt=R len=7
PKT t=12316 TX ua=95 mt=P len=0
PKT t=12325 RX ua=95 mt=R len=7
PKT t=12330 TX ua=95 mt=P len=0
PKT t=12339 RX ua=95 mt=R len=7
PKT t=12344 TX ua=95 mt=P len=0
PKT t=12373 RX ua=95 mt=R len=7
PKT t=12378 TX ua=95 mt=T len=7
PKT t=12390 TX ua=95 mt=P len=0
PKT t=12399 RX ua=95 mt=R len=7
PKT t=12404 TX ua=95 mt=P len=0
PKT t=12413 RX ua=95 mt=R len=7
PKT t=12418 TX ua=95 mt=P len=0
PKT t=12427 RX ua=95 mt=R len=7
PKT t=12432 TX ua=95 mt=P len=0
PKT t=12441 RX ua=95 mt=R len=7
PKT t=12446 TX ua=95 mt=P len=0
PKT t=12475 RX ua=95 mt=R len=7
PKT t=12480 TX ua=95 mt=P len=0
PKT t=12489 RX ua=95 mt=R len=7
PKT t=12494 TX ua=95 mt=P len=0
PKT t=12503 RX ua=95 mt=R len=7
PKT t=12508 TX ua=95 mt=P len=0
PKT t=12517 RX ua=95 mt=R len=7
PKT t=12522 TX ua=95 mt=P len=0
PKT t=12531 RX ua=95 mt=R len=7
PKT t=12536 TX ua=95 mt=P len=0
PKT t=12545 RX ua=95 mt=R len=7
PKT t=12550 TX ua=95 mt=P len=0
PKT t=12579 RX ua=95 mt=R len=7
PKT t=12584 TX ua=95 mt=P len=0
PKT t=12593 RX ua=95 mt=R len=7
PKT t=12598 TX ua=95 mt=T len=7
PKT t=12610 TX ua=95 mt=P len=0
PKT t=12619 RX ua=95 mt=R len=7
PKT t=12624 TX ua=95 mt=P len=0
PKT t=12633 RX ua=95 mt=R len=7
PKT t=12638 TX ua=95 mt=P len=0
PKT t=12647 RX ua=95 mt=R len=7
PKT t=12652 TX ua=95 mt=P len=0
PKT t=12681 RX ua=95 mt=R len=7
PKT t=12686 TX ua=95 mt=P len=0
PKT t=12695 RX ua=95 mt=R len=7
PKT t=12700 TX ua=95 mt=P len=0
PKT t=12709 RX ua=95 mt=R len=7
PKT t=12714 TX ua=95 mt=P len=0
PKT t=12723 RX ua=95 mt=R len=7
PKT t=12728 TX ua=95 mt=P len=0
PKT t=12737 RX ua=95 mt=R len=7
PKT t=12742 TX ua=95 mt=P len=0
PKT t=12751 RX ua=95 mt=R len=7
PKT t=12756 TX ua=95 mt=P len=0
PKT t=12785 RX ua=95 mt=R len=7
PKT t=12790 TX ua=95 mt=P len=0
PKT t=12799 RX ua=95 mt=R len=7
PKT t=12804 TX ua=95 mt=P len=0
PKT t=12813 RX ua=95 mt=R len=7
PKT t=12818 TX ua=95 mt=P len=0
PKT t=12827 RX ua=95 mt=R len=7
PKT t=12832 TX ua=95 mt=P len=0
PKT t=12841 RX ua=95 mt=R len=7
PKT t=12846 TX ua=95 mt=P len=0
PKT t=12855 RX ua=95 mt=R len=7
PKT t=12860 TX ua=95 mt=T len=7
PKT t=12872 TX ua=95 mt=P len=0
PKT t=12891 RX ua=95 mt=R len=7
PKT t=12896 TX ua=95 mt=P len=0
PKT t=12905 RX ua=95 mt=R len=7
PKT t=12910 TX ua=95 mt=P len=0
PKT t=12919 RX ua=95 mt=R len=7
PKT t=12924 TX ua=95 mt=P len=0
PKT t=12933 RX ua=95 mt=R len=7
PKT t=12938 TX ua=95 mt=P len=0
PKT t=12947 RX ua=95 mt=R len=7
PKT t=12952 TX ua=95 mt=P len=0
PKT t=12961 RX ua=95 mt=R len=7
PKT t=12966 TX ua=95 mt=P len=0
PKT t=12995 RX ua=95 mt=R len=7
PKT t=13000 TX ua=95 mt=P len=0
PKT t=13009 RX ua=95 mt=R len=7
PKT t=13014 TX ua=95 mt=P len=0
PKT t=13023 RX ua=95 mt=R len=7
PKT t=13028 TX ua=95 mt=P len=0
PKT t=13037 RX ua=95 mt=R len=7
PKT t=13042 TX ua=95 mt=P len=0
PKT t=13051 RX ua=95 mt=R len=7
PKT t=13056 TX ua=95 mt=P len=0
PKT t=13065 RX ua=95 mt=R len=7
PKT t=13070 TX ua=95 mt=P len=0
PKT t=13099 RX ua=95 mt=R len=7
PKT t=13104 TX ua=95 mt=T len=7
PKT t=13117 TX ua=95 mt=P len=0
PKT t=13126 RX ua=95 mt=R len=7
PKT t=13131 TX ua=95 mt=P len=0
PKT t=13140 RX ua=95 mt=R len=7
PKT t=13145 TX ua=95 mt=P len=0
PKT t=13154 RX ua=95 mt=R len=7
PKT t=13159 TX ua=95 mt=P len=0
PKT t=13168 RX ua=95 mt=R len=7
PKT t=13173 TX ua=95 mt=P len=0
PKT t=13202 RX ua=95 mt=R len=7
PKT t=13207 TX ua=95 mt=P len=0
PKT t=13216 RX ua=95 mt=R len=7
PKT t=13221 TX ua=95 mt=P len=0
PKT t=13230 RX ua=95 mt=R len=7
PKT t=13235 TX ua=95 mt=P len=0
PKT t=13244 RX ua=95 mt=R len=7
PKT t=13249 TX ua=95 mt=P len=0
PKT t=13258 RX ua=95 mt=R len=7
PKT t=13263 TX ua=95 mt=P len=0
PKT t=13272 RX ua=95 mt=R len=7
PKT t=13277 TX ua=95 mt=P len=0
PKT t=13306 RX ua=95 mt=R len=7
PKT t=13311 TX ua=95 mt=P len=0
PKT t=13320 RX ua=95 mt=R len=7
PKT t=13325 TX ua=95 mt=P len=0
PKT t=13334 RX ua=95 mt=R len=7
PKT t=13339 TX ua=95 mt=P len=0
PKT t=13348 RX ua=95 mt=R len=7
PKT t=13353 TX ua=95 mt=T len=7
PKT t=13366 TX ua=95 mt=P len=0
PKT t=13376 RX ua=95 mt=R len=7
PKT t=13381 TX ua=95 mt=P len=0
PKT t=13411 RX ua=95 mt=R len=7
PKT t=13416 TX ua=95 mt=P len=0
PKT t=13426 RX ua=95 mt=R len=7
PKT t=13431 TX ua=95 mt=P len=0
PKT t=13441 RX ua=95 mt=R len=7
PKT t=13446 TX ua=95 mt=P len=0
PKT t=13456 RX ua=95 mt=R len=7
PKT t=13461 TX ua=95 mt=P len=0
PKT t=13471 RX ua=95 mt=R len=7
PKT t=13476 TX ua=95 mt=P len=0
PKT t=13510 RX ua=95 mt=R len=7
PKT t=13515 TX ua=95 mt=P len=0
PKT t=13525 RX ua=95 mt=R len=7
PKT t=13530 TX ua=95 mt=P len=0
PKT t=13540 RX ua=95 mt=R len=7
PKT t=13545 TX ua=95 mt=P len=0
PKT t=13555 RX ua=95 mt=R len=7
PKT t=13560 TX ua=95 mt=P len=0
PKT t=13570 RX ua=95 mt=R len=7
PKT t=13575 TX ua=95 mt=P len=0
PKT t=13585 RX ua=95 mt=R len=7
PKT t=13590 TX ua=95 mt=P len=0
PKT t=13619 RX ua=95 mt=R len=7
PKT t=13624 TX ua=95 mt=T len=7
PKT t=13637 TX ua=95 mt=P len=0
PKT t=13646 RX ua=95 mt=R len=7
PKT t=13651 TX ua=95 mt=P len=0
PKT t=13660 RX ua=95 mt=R len=7
PKT t=13665 TX ua=95 mt=P len=0
PKT t=13674 RX ua=95 mt=R len=7
PKT t=13679 TX ua=95 mt=P len=0
PKT t=13688 RX ua=95 mt=R len=7
PKT t=13693 TX ua=95 mt=P len=0
PKT t=13722 RX ua=95 mt=R len=7
PKT t=13727 TX ua=95 mt=P len=0
PKT t=13736 RX ua=95 mt=R len=7
PKT t=13741 TX ua=95 mt=P len=0
PKT t=13750 RX ua=95 mt=R len=7
PKT t=13755 TX ua=95 mt=P len=0
PKT t=13764 RX ua=95 mt=R len=7
PKT t=13769 TX ua=95 mt=P len=0
PKT t=13778 RX ua=95 mt=R len=7
PKT t=13783 TX ua=95 mt=P len=0
PKT t=13792 RX ua=95 mt=R len=7
PKT t=13797 TX ua=95 mt=P len=0
PKT t=13826 RX ua=95 mt=R len=7
PKT t=13831 TX ua=95 mt=P len=0
PKT t=13840 RX ua=95 mt=R len=7
PKT t=13845 TX ua=95 mt=P len=0
PKT t=13854 RX ua=95 mt=R len=7
PKT t=13859 TX ua=95 mt=T len=7
PKT t=13872 TX ua=95 mt=P len=0
PKT t=13881 RX ua=95 mt=R len=7
PKT t=13886 TX ua=95 mt=P len=0
PKT t=13895 RX ua=95 mt=R len=7
PKT t=13900 TX ua=95 mt=P len=0
PKT t=13929 RX ua=95 mt=R len=7
PKT t=13934 TX ua=95 mt=P len=0
PKT t=13943 RX ua=95 mt=R len=7
PKT t=13948 TX ua=95 mt=P len=0
PKT t=13957 RX ua=95 mt=R len=7
PKT t=13962 TX ua=95 mt=P len=0
PKT t=13971 RX ua=95 mt=R len=7
PKT t=13976 TX ua=95 mt=P len=0
PKT t=13985 RX ua=95 mt=R len=7
PKT t=13990 TX ua=95 mt=P len=0
PKT t=13999 RX ua=95 mt=R len=7
PKT t=14004 TX ua=95 mt=P len=0
PKT t=14033 RX ua=95 mt=R len=7
PKT t=14038 TX ua=95 mt=P len=0
PKT t=14047 RX ua=95 mt=R len=7
PKT t=14052 TX ua=95 mt=P len=0
PKT t=14061 RX ua=95 mt=R len=7
PKT t=14066 TX ua=95 mt=P len=0
PKT t=14075 RX ua=95 mt=R len=7
PKT t=14080 TX ua=95 mt=P len=0
PKT t=14089 RX ua=95 mt=R len=7
PKT t=14094 TX ua=95 mt=P len=0
PKT t=14103 RX ua=95 mt=R len=7
PKT t=14108 TX ua=95 mt=T len=7
PKT t=14120 TX ua=95 mt=P len=0
PKT t=14139 RX ua=95 mt=R len=7
PKT t=14144 TX ua=95 mt=P len=0
PKT t=14153 RX ua=95 mt=R len=7
PKT t=14158 TX ua=95 mt=P len=0
PKT t=14167 RX ua=95 mt=R len=7
PKT t=14172 TX ua=95 mt=P len=0
PKT t=14181 RX ua=95 mt=R len=7
PKT t=14186 TX ua=95 mt=P len=0
PKT t=14195 RX ua=95 mt=R len=7
PKT t=14200 TX ua=95 mt=P len=0
PKT t=14209 RX ua=95 mt=R len=7
PKT t=14214 TX ua=95 mt=P len=0
PKT t=14243 RX ua=95 mt=R len=7
PKT t=14248 TX ua=95 mt=P len=0
PKT t=14257 RX ua=95 mt=R len=7
PKT t=14262 TX ua=95 mt=P len=0
PKT t=14271 RX ua=95 mt=R len=7
PKT t=14276 TX ua=95 mt=P len=0
PKT t=14285 RX ua=95 mt=R len=7
PKT t=14290 TX ua=95 mt=P len=0
PKT t=14299 RX ua=95 mt=R len=7
PKT t=14304 TX ua=95 mt=P len=0
PKT t=14313 RX ua=95 mt=R len=7
PKT t=14318 TX ua=95 mt=P len=0
PKT t=14347 RX ua=95 mt=R len=7
PKT t=14352 TX ua=95 mt=T len=7
PKT t=14364 TX ua=95 mt=P len=0
PKT t=14373 RX ua=95 mt=R len=7
PKT t=14378 TX ua=95 mt=P len=0
PKT t=14387 RX ua=95 mt=R len=7
PKT t=14392 TX ua=95 mt=P len=0
PKT t=14401 RX ua=95 mt=R len=7
PKT t=14406 TX ua=95 mt=P len=0
PKT t=14415 RX ua=95 mt=R len=7
PKT t=14420 TX ua=95 mt=P len=0
PKT t=14449 RX ua=95 mt=R len=7
PKT t=14454 TX ua=95 mt=P len=0
PKT t=14463 RX ua=95 mt=R len=7
PKT t=14468 TX ua=95 mt=P len=0
PKT t=14477 RX ua=95 mt=R len=7
PKT t=14482 TX ua=95 mt=P len=0
PKT t=14491 RX ua=95 mt=R len=7
PKT t=14496 TX ua=95 mt=P len=0
PKT t=14505 RX ua=95 mt=R len=7
PKT t=14510 TX ua=95 mt=P len=0
PKT t=14519 RX ua=95 mt=R len=7
PKT t=14524 TX ua=95 mt=P len=0
PKT t=14553 RX ua=95 mt=R len=7
PKT t=14558 TX ua=95 mt=P len=0
PKT t=14567 RX ua=95 mt=R len=7
PKT t=14572 TX ua=95 mt=P len=0
PKT t=14581 RX ua=95 mt=R len=7
PKT t=14586 TX ua=95 mt=P len=0
PKT t=14595 RX ua=95 mt=R len=7
PKT t=14600 TX ua=95 mt=T len=7
PKT t=14612 TX ua=95 mt=P len=0
PKT t=14621 RX ua=95 mt=R len=7
PKT t=14626 TX ua=95 mt=P len=0
PKT t=14655 RX ua=95 mt=R len=7
PKT t=14660 TX ua=95 mt=P len=0
PKT t=14669 RX ua=95 mt=R len=7
PKT t=14674 TX ua=95 mt=P len=0
PKT t=14683 RX ua=95 mt=R len=7
PKT t=14688 TX ua=95 mt=P len=0
PKT t=14697 RX ua=95 mt=R len=7
PKT t=14702 TX ua=95 mt=P len=0
PKT t=14711 RX ua=95 mt=R len=7
PKT t=14716 TX ua=95 mt=P len=0
PKT t=14725 RX ua=95 mt=R len=7
PKT t=14730 TX ua=95 mt=P len=0
PKT t=14759 RX ua=95 mt=R len=7
PKT t=14764 TX ua=95 mt=P len=0
PKT t=14773 RX ua=95 mt=R len=7
PKT t=14778 TX ua=95 mt=P len=0
PKT t=14787 RX ua=95 mt=R len=7
PKT t=14792 TX ua=95 mt=P len=0
PKT t=14801 RX ua=95 mt=R len=7
PKT t=14806 TX ua=95 mt=P len=0
PKT t=14815 RX ua=95 mt=R len=7
PKT t=14820 TX ua=95 mt=P len=0
PKT t=14829 RX ua=95 mt=R len=7
PKT t=14834 TX ua=95 mt=P len=0
PKT t=14863 RX ua=95 mt=R len=7
PKT t=14868 TX ua=95 mt=T len=7
PKT t=14880 TX ua=95 mt=P len=0
PKT t=14889 RX ua=95 mt=R len=7
PKT t=14894 TX ua=95 mt=P len=0
PKT t=14903 RX ua=95 mt=R len=7
PKT t=14908 TX ua=95 mt=P len=0
PKT t=14917 RX ua=95 mt=R len=7
PKT t=14922 TX ua=95 mt=P len=0
PKT t=14931 RX ua=95 mt=R len=7
PKT t=14936 TX ua=95 mt=P len=0
PKT t=14965 RX ua=95 mt=R len=7
PKT t=14970 TX ua=95 mt=P len=0
PKT t=14979 RX ua=95 mt=R len=7
PKT t=14984 TX ua=95 mt=P len=0
PKT t=14993 RX ua=95 mt=R len=7
PKT t=14998 TX ua=95 mt=P len=0
PKT t=15007 RX ua=95 mt=R len=7
PKT t=15012 TX ua=95 mt=P len=0
PKT t=15021 RX ua=95 mt=R len=7
PKT t=15026 TX ua=95 mt=P len=0
PKT t=15035 RX ua=95 mt=R len=7
PKT t=15040 TX ua=95 mt=P len=0
PKT t=15069 RX ua=95 mt=R len=7
PKT t=15074 TX ua=95 mt=P len=0
PKT t=15083 RX ua=95 mt=R len=7
PKT t=15088 TX ua=95 mt=P len=0
PKT t=15097 RX ua=95 mt=R len=7
PKT t=15102 TX ua=95 mt=T len=7
PKT t=15114 TX ua=95 mt=P len=0
PKT t=15123 RX ua=95 mt=R len=7
PKT t=15128 TX ua=95 mt=P len=0
PKT t=15137 RX ua=95 mt=R len=7
PKT t=15142 TX ua=95 mt=P len=0
PKT t=15171 RX ua=95 mt=R len=7
PKT t=15176 TX ua=95 mt=P len=0
PKT t=15185 RX ua=95 mt=R len=7
PKT t=15190 TX ua=95 mt=P len=0
PKT t=15199 RX ua=95 mt=R len=7
PKT t=15204 TX ua=95 mt=P len=0
PKT t=15213 RX ua=95 mt=R len=7
PKT t=15218 TX ua=95 mt=P len=0
PKT t=15227 RX ua=95 mt=R len=7
PKT t=15232 TX ua=95 mt=P len=0
PKT t=15241 RX ua=95 mt=R len=7
PKT t=15246 TX ua=95 mt=P len=0
PKT t=15275 RX ua=95 mt=R len=7
PKT t=15280 TX ua=95 mt=P len=0
PKT t=15289 RX ua=95 mt=R len=7
PKT t=15294 TX ua=95 mt=P len=0
PKT t=15303 RX ua=95 mt=R len=7
PKT t=15308 TX ua=95 mt=P len=0
PKT t=15317 RX ua=95 mt=R len=7
PKT t=15322 TX ua=95 mt=P len=0
PKT t=15331 RX ua=95 mt=R len=7
PKT t=15336 TX ua=95 mt=P len=0
PKT t=15345 RX ua=95 mt=R len=7
PKT t=15350 TX ua=95 mt=T len=7
PKT t=15362 TX ua=95 mt=P len=0
PKT t=15381 RX ua=95 mt=R len=7
PKT t=15386 TX ua=95 mt=P len=0
PKT t=15396 RX ua=95 mt=R len=7
PKT t=15401 TX ua=95 mt=P len=0
PKT t=15411 RX ua=95 mt=R len=7
PKT t=15416 TX ua=95 mt=P len=0
PKT t=15426 RX ua=95 mt=R len=7
PKT t=15431 TX ua=95 mt=P len=0
PKT t=15441 RX ua=95 mt=R len=7
PKT t=15446 TX ua=95 mt=P len=0
PKT t=15479 RX ua=95 mt=R len=7
PKT t=15484 TX ua=95 mt=P len=0
PKT t=15494 RX ua=95 mt=R len=7
PKT t=15499 TX ua=95 mt=P len=0
PKT t=15509 RX ua=95 mt=R len=7
PKT t=15514 TX ua=95 mt=P len=0
PKT t=15524 RX ua=95 mt=R len=7
PKT t=15529 TX ua=95 mt=P len=0
PKT t=15539 RX ua=95 mt=R len=7
PKT t=15544 TX ua=95 mt=P len=0
PKT t=15554 RX ua=95 mt=R len=7
PKT t=15559 TX ua=95 mt=P len=0
PKT t=15588 RX ua=95 mt=R len=7
PKT t=15593 TX ua=95 mt=P len=0
PKT t=15603 RX ua=95 mt=R len=7
PKT t=15608 TX ua=95 mt=T len=7
PKT t=15620 TX ua=95 mt=P len=0
PKT t=15629 RX ua=95 mt=R len=7
PKT t=15634 TX ua=95 mt=P len=0
PKT t=15643 RX ua=95 mt=R len=7
PKT t=15648 TX ua=95 mt=P len=0
PKT t=15657 RX ua=95 mt=R len=7
PKT t=15662 TX ua=95 mt=P len=0
PKT t=15691 RX ua=95 mt=R len=7
PKT t=15696 TX ua=95 mt=P len=0
PKT t=15705 RX ua=95 mt=R len=7
PKT t=15710 TX ua=95 mt=P len=0
PKT t=15719 RX ua=95 mt=R len=7
PKT t=15724 TX ua=95 mt=P len=0
PKT t=15733 RX ua=95 mt=R len=7
PKT t=15738 TX ua=95 mt=P len=0
PKT t=15747 RX ua=95 mt=R len=7
PKT t=15752 TX ua=95 mt=P len=0
PKT t=15761 RX ua=95 mt=R len=7
PKT t=15766 TX ua=95 mt=P len=0
PKT t=15795 RX ua=95 mt=R len=7
PKT t=15800 TX ua=95 mt=P len=0
PKT t=15809 RX ua=95 mt=R len=7
PKT t=15814 TX ua=95 mt=P len=0
PKT t=15823 RX ua=95 mt=R len=7
PKT t=15828 TX ua=95 mt=P len=0
PKT t=15837 RX ua=95 mt=R len=7
PKT t=15842 TX ua=95 mt=P len=0
PKT t=15851 RX ua=95 mt=R len=7
PKT t=15856 TX ua=95 mt=T len=7
PKT t=15868 TX ua=95 mt=P len=0
PKT t=15896 RX ua=95 mt=R len=7
PKT t=15901 TX ua=95 mt=P len=0
PKT t=15910 RX ua=95 mt=R len=7
PKT t=15915 TX ua=95 mt=P len=0
PKT t=15924 RX ua=95 mt=R len=7
PKT t=15929 TX ua=95 mt=P len=0
PKT t=15938 RX ua=95 mt=R len=7
PKT t=15943 TX ua=95 mt=P len=0
PKT t=15952 RX ua=95 mt=R len=7
PKT t=15957 TX ua=95 mt=P len=0
PKT t=15966 RX ua=95 mt=R len=7
PKT t=15971 TX ua=95 mt=P len=0
PKT t=16000 RX ua=95 mt=R len=7
PKT t=16005 TX ua=95 mt=P len=0
PKT t=16014 RX ua=95 mt=R len=7
PKT t=16019 TX ua=95 mt=P len=0
PKT t=16028 RX ua=95 mt=R len=7
PKT t=16033 TX ua=95 mt=P len=0
PKT t=16042 RX ua=95 mt=R len=7
PKT t=16047 TX ua=95 mt=P len=0
PKT t=16056 RX ua=95 mt=R len=7
PKT t=16061 TX ua=95 mt=P len=0
PKT t=16070 RX ua=95 mt=R len=7
PKT t=16075 TX ua=95 mt=P len=0
PKT t=16104 RX ua=95 mt=R len=7
PKT t=16109 TX ua=95 mt=T len=7
PKT t=16121 TX ua=95 mt=P len=0
PKT t=16130 RX ua=95 mt=R len=7
PKT t=16135 TX ua=95 mt=P len=0
PKT t=16144 RX ua=95 mt=R len=7
PKT t=16149 TX ua=95 mt=P len=0
PKT t=16158 RX ua=95 mt=R len=7
PKT t=16163 TX ua=95 mt=P len=0
PKT t=16172 RX ua=95 mt=R len=7
PKT t=16177 TX ua=95 mt=P len=0
PKT t=16206 RX ua=95 mt=R len=7
PKT t=16211 TX ua=95 mt=P len=0
PKT t=16220 RX ua=95 mt=R len=7
PKT t=16225 TX ua=95 mt=P len=0
PKT t=16234 RX ua=95 mt=R len=7
PKT t=16239 TX ua=95 mt=P len=0
PKT t=16248 RX ua=95 mt=R len=7
PKT t=16253 TX ua=95 mt=P len=0
PKT t=16262 RX ua=95 mt=R len=7
PKT t=16267 TX ua=95 mt=P len=0
PKT t=16276 RX ua=95 mt=R len=7
PKT t=16281 TX ua=95 mt=P len=0
PKT t=16310 RX ua=95 mt=R len=7
PKT t=16315 TX ua=95 mt=P len=0
PKT t=16324 RX ua=95 mt=R len=7
PKT t=16329 TX ua=95 mt=P len=0
PKT t=16338 RX ua=95 mt=R len=7
PKT t=16343 TX ua=95 mt=P len=0
PKT t=16352 RX ua=95 mt=R len=7
PKT t=16357 TX ua=95 mt=T len=7
PKT t=16369 TX ua=95 mt=P len=0
PKT t=16378 RX ua=95 mt=R len=7
PKT t=16383 TX ua=95 mt=P len=0
PKT t=16412 RX ua=95 mt=R len=7
PKT t=16417 TX ua=95 mt=P len=0
PKT t=16426 RX ua=95 mt=R len=7
PKT t=16431 TX ua=95 mt=P len=0
PKT t=16440 RX ua=95 mt=R len=7
PKT t=16445 TX ua=95 mt=P len=0
PKT t=16454 RX ua=95 mt=R len=7
PKT t=16459 TX ua=95 mt=P len=0
PKT t=16468 RX ua=95 mt=R len=7
PKT t=16473 TX ua=95 mt=P len=0
PKT t=16482 RX ua=95 mt=R len=7
PKT t=16487 TX ua=95 mt=P len=0
PKT t=16516 RX ua=95 mt=R len=7
PKT t=16521 TX ua=95 mt=P len=0
PKT t=16530 RX ua=95 mt=R len=7
PKT t=16535 TX ua=95 mt=P len=0
PKT t=16544 RX ua=95 mt=R len=7
PKT t=16549 TX ua=95 mt=P len=0
PKT t=16558 RX ua=95 mt=R len=7
PKT t=16563 TX ua=95 mt=P len=0
PKT t=16572 RX ua=95 mt=R len=7
PKT t=16577 TX ua=95 mt=P len=0
PKT t=16586 RX ua=95 mt=R len=7
PKT t=16591 TX ua=95 mt=P len=0
PKT t=16620 RX ua=95 mt=R len=7
PKT t=16625 TX ua=95 mt=T len=7
PKT t=16637 TX ua=95 mt=P len=0
PKT t=16646 RX ua=95 mt=R len=7
PKT t=16651 TX ua=95 mt=P len=0
PKT t=16660 RX ua=95 mt=R len=7
PKT t=16665 TX ua=95 mt=P len=0
PKT t=16674 RX ua=95 mt=R len=7
PKT t=16679 TX ua=95 mt=P len=0
PKT t=16688 RX ua=95 mt=R len=7
PKT t=16693 TX ua=95 mt=P len=0
PKT t=16722 RX ua=95 mt=R len=7
PKT t=16727 TX ua=95 mt=P len=0
PKT t=16736 RX ua=95 mt=R len=7
PKT t=16741 TX ua=95 mt=P len=0
PKT t=16750 RX ua=95 mt=R len=7
PKT t=16755 TX ua=95 mt=P len=0
PKT t=16764 RX ua=95 mt=R len=7
PKT t=16769 TX ua=95 mt=P len=0
PKT t=16778 RX ua=95 mt=R len=7
PKT t=16783 TX ua=95 mt=P len=0
PKT t=16792 RX ua=95 mt=R len=7
PKT t=16797 TX ua=95 mt=P len=0
PKT t=16826 RX ua=95 mt=R len=7
PKT t=16831 TX ua=95 mt=P len=0
PKT t=16840 RX ua=95 mt=R len=7
PKT t=16845 TX ua=95 mt=P len=0
PKT t=16854 RX ua=95 mt=R len=7
PKT t=16859 TX ua=95 mt=T len=7
PKT t=16871 TX ua=95 mt=P len=0
PKT t=16880 RX ua=95 mt=R len=7
PKT t=16885 TX ua=95 mt=P len=0
PKT t=16894 RX ua=95 mt=R len=7
PKT t=16899 TX ua=95 mt=P len=0
PKT t=16928 RX ua=95 mt=R len=7
PKT t=16933 TX ua=95 mt=P len=0
PKT t=16942 RX ua=95 mt=R len=7
PKT t=16947 TX ua=95 mt=P len=0
PKT t=16956 RX ua=95 mt=R len=7
PKT t=16961 TX ua=95 mt=P len=0
PKT t=16970 RX ua=95 mt=R len=7
PKT t=16975 TX ua=95 mt=P len=0
PKT t=16984 RX ua=95 mt=R len=7
PKT t=16989 TX ua=95 mt=P len=0
PKT t=16998 RX ua=95 mt=R len=7
PKT t=17003 TX ua=95 mt=P len=0
PKT t=17032 RX ua=95 mt=R len=7
PKT t=17037 TX ua=95 mt=P len=0
PKT t=17046 RX ua=95 mt=R len=7
PKT t=17051 TX ua=95 mt=P len=0
PKT t=17060 RX ua=95 mt=R len=7
PKT t=17065 TX ua=95 mt=P len=0
PKT t=17074 RX ua=95 mt=R len=7
PKT t=17079 TX ua=95 mt=P len=0
PKT t=17088 RX ua=95 mt=R len=7
PKT t=17093 TX ua=95 mt=P len=0
PKT t=17102 RX ua=95 mt=R len=7
PKT t=17107 TX ua=95 mt=T len=7
PKT t=17119 TX ua=95 mt=P len=0
PKT t=17138 RX ua=95 mt=R len=7
PKT t=17143 TX ua=95 mt=P len=0
PKT t=17152 RX ua=95 mt=R len=7
PKT t=17157 TX ua=95 mt=P len=0
PKT t=17166 RX ua=95 mt=R len=7
PKT t=17171 TX ua=95 mt=P len=0
PKT t=17180 RX ua=95 mt=R len=7
PKT t=17185 TX ua=95 mt=P len=0
PKT t=17194 RX ua=95 mt=R len=7
PKT t=17199 TX ua=95 mt=P len=0
PKT t=17208 RX ua=95 mt=R len=7
PKT t=17213 TX ua=95 mt=P len=0
PKT t=17242 RX ua=95 mt=R len=7
PKT t=17247 TX ua=95 mt=P len=0
PKT t=17256 RX ua=95 mt=R len=7
PKT t=17261 TX ua=95 mt=P len=0
PKT t=17270 RX ua=95 mt=R len=7
PKT t=17275 TX ua=95 mt=P len=0
PKT t=17284 RX ua=95 mt=R len=7
PKT t=17289 TX ua=95 mt=P len=0
PKT t=17298 RX ua=95 mt=R len=7
PKT t=17303 TX ua=95 mt=P len=0
PKT t=17312 RX ua=95 mt=R len=7
PKT t=17317 TX ua=95 mt=P len=0
PKT t=17346 RX ua=95 mt=R len=7
PKT t=17351 TX ua=95 mt=T len=7
PKT t=17363 TX ua=95 mt=P len=0
PKT t=17373 RX ua=95 mt=R len=7
PKT t=17378 TX ua=95 mt=P len=0
PKT t=17388 RX ua=95 mt=R len=7
PKT t=17393 TX ua=95 mt=P len=0
PKT t=17403 RX ua=95 mt=R len=7
PKT t=17408 TX ua=95 mt=P len=0
PKT t=17418 RX ua=95 mt=R len=7
PKT t=17423 TX ua=95 mt=P len=0
PKT t=17452 RX ua=95 mt=R len=7
PKT t=17457 TX ua=95 mt=P len=0
PKT t=17467 RX ua=95 mt=R len=7
PKT t=17472 TX ua=95 mt=P len=0
PKT t=17482 RX ua=95 mt=R len=7
PKT t=17487 TX ua=95 mt=P len=0
PKT t=17497 RX ua=95 mt=R len=7
PKT t=17502 TX ua=95 mt=P len=0
PKT t=17512 RX ua=95 mt=R len=7
PKT t=17517 TX ua=95 mt=P len=0
PKT t=17527 RX ua=95 mt=R len=7
PKT t=17532 TX ua=95 mt=P len=0
PKT t=17561 RX ua=95 mt=R len=7
PKT t=17566 TX ua=95 mt=P len=0
PKT t=17576 RX ua=95 mt=R len=7
PKT t=17581 TX ua=95 mt=P len=0
PKT t=17591 RX ua=95 mt=R len=7
PKT t=17596 TX ua=95 mt=P len=0
PKT t=17606 RX ua=95 mt=R len=7
PKT t=17611 TX ua=95 mt=T len=7
PKT t=17623 TX ua=95 mt=P len=0
PKT t=17632 RX ua=95 mt=R len=7
PKT t=17637 TX ua=95 mt=P len=0
PKT t=17666 RX ua=95 mt=R len=7
PKT t=17671 TX ua=95 mt=P len=0
PKT t=17681 RX ua=95 mt=R len=7
PKT t=17686 TX ua=95 mt=P len=0
PKT t=17695 RX ua=95 mt=R len=7
PKT t=17700 TX ua=95 mt=P len=0
PKT t=17709 RX ua=95 mt=R len=7
PKT t=17714 TX ua=95 mt=P len=0
PKT t=17724 RX ua=95 mt=R len=7
PKT t=17729 TX ua=95 mt=P len=0
PKT t=17738 RX ua=95 mt=R len=7
PKT t=17743 TX ua=95 mt=P len=0
PKT t=17772 RX ua=95 mt=R len=7
PKT t=17777 TX ua=95 mt=P len=0
PKT t=17786 RX ua=95 mt=R len=7
PKT t=17791 TX ua=95 mt=P len=0
PKT t=17801 RX ua=95 mt=R len=7
PKT t=17806 TX ua=95 mt=P len=0
PKT t=17815 RX ua=95 mt=R len=7
PKT t=17820 TX ua=95 mt=P len=0
PKT t=17829 RX ua=95 mt=R len=7
PKT t=17834 TX ua=95 mt=P len=0
PKT t=17843 RX ua=95 mt=R len=7
PKT t=17848 TX ua=95 mt=T len=7
PKT t=17860 TX ua=95 mt=P len=0
PKT t=17879 RX ua=95 mt=R len=7
PKT t=17884 TX ua=95 mt=P len=0
PKT t=17894 RX ua=95 mt=R len=7
PKT t=17899 TX ua=95 mt=P len=0
PKT t=17908 RX ua=95 mt=R len=7
PKT t=17913 TX ua=95 mt=P len=0
PKT t=17922 RX ua=95 mt=R len=7
PKT t=17927 TX ua=95 mt=P len=0
PKT t=17936 RX ua=95 mt=R len=7
PKT t=17941 TX ua=95 mt=P len=0
PKT t=17950 RX ua=95 mt=R len=7
PKT t=17955 TX ua=95 mt=P len=0
PKT t=17984 RX ua=95 mt=R len=7
PKT t=17989 TX ua=95 mt=P len=0
PKT t=17998 RX ua=95 mt=R len=7
PKT t=18003 TX ua=95 mt=P len=0
PKT t=18013 RX ua=95 mt=R len=7
PKT t=18018 TX ua=95 mt=P len=0
PKT t=18027 RX ua=95 mt=R len=7
PKT t=18032 TX ua=95 mt=P len=0
PKT t=18041 RX ua=95 mt=R len=7
PKT t=18046 TX ua=95 mt=P len=0
PKT t=18055 RX ua=95 mt=R len=7
PKT t=18060 TX ua=95 mt=P len=0
PKT t=18090 RX ua=95 mt=R len=7
PKT t=18095 TX ua=95 mt=P len=0
PKT t=18104 RX ua=95 mt=R len=7
PKT t=18109 TX ua=95 mt=T len=7
PKT t=18122 TX ua=95 mt=P len=0
PKT t=18131 RX ua=95 mt=R len=7
PKT t=18136 TX ua=95 mt=T len=7
PKT t=18149 TX ua=95 mt=P len=0
PKT t=18158 RX ua=95 mt=R len=7
PKT t=18163 TX ua=95 mt=P len=0
PKT t=18197 RX ua=95 mt=R len=7
PKT t=18202 TX ua=95 mt=P len=0
PKT t=18211 RX ua=95 mt=R len=7
PKT t=18216 TX ua=95 mt=P len=0
PKT t=18225 RX ua=95 mt=R len=7
PKT t=18230 TX ua=95 mt=P len=0
PKT t=18239 RX ua=95 mt=R len=7
PKT t=18244 TX ua=95 mt=P len=0
PKT t=18253 RX ua=95 mt=R len=7
PKT t=18258 TX ua=95 mt=P len=0
PKT t=18267 RX ua=95 mt=R len=7
PKT t=18272 TX ua=95 mt=P len=0
PKT t=18301 RX ua=95 mt=R len=7
PKT t=18306 TX ua=95 mt=P len=0
PKT t=18315 RX ua=95 mt=R len=7
PKT t=18320 TX ua=95 mt=P len=0
PKT t=18329 RX ua=95 mt=R len=7
PKT t=18334 TX ua=95 mt=P len=0
PKT t=18343 RX ua=95 mt=R len=7
PKT t=18348 TX ua=95 mt=T len=7
PKT t=18361 TX ua=95 mt=P len=0
PKT t=18370 RX ua=95 mt=R len=7
PKT t=18375 TX ua=95 mt=P len=0
PKT t=18404 RX ua=95 mt=R len=7
PKT t=18409 TX ua=96 mt=I len=13
PKT t=18917 TX ua=96 mt=T len=4
PKT t=18928 TX ua=95 mt=P len=0
PKT t=18938 RX ua=95 mt=R len=7
PKT t=18942 TX ua=96 mt=P len=0
PKT t=19200 TX ua=95 mt=P len=0
PKT t=19209 RX ua=95 mt=R len=7
PKT t=19214 TX ua=95 mt=T len=7
PKT t=19226 TX ua=95 mt=P len=0
PKT t=19235 RX ua=95 mt=R len=7
PKT t=19240 TX ua=95 mt=P len=0
PKT t=19249 RX ua=95 mt=R len=7
PKT t=19254 TX ua=95 mt=P len=0
PKT t=19263 RX ua=95 mt=R len=7
PKT t=19268 TX ua=95 mt=P len=0
PKT t=19277 RX ua=95 mt=R len=7
PKT t=19282 TX ua=95 mt=P len=0
PKT t=19311 RX ua=95 mt=R len=7
PKT t=19316 TX ua=95 mt=P len=0
PKT t=19325 RX ua=95 mt=R len=7
PKT t=19330 TX ua=95 mt=P len=0
PKT t=19339 RX ua=95 mt=R len=7
PKT t=19344 TX ua=95 mt=P len=0
PKT t=19353 RX ua=95 mt=R len=7
PKT t=19358 TX ua=95 mt=T len=7
PKT t=19370 TX ua=95 mt=P len=0
PKT t=19380 RX ua=95 mt=R len=7
PKT t=19385 TX ua=95 mt=P len=0
PKT t=19414 RX ua=95 mt=R len=7
PKT t=19419 TX ua=95 mt=P len=0
PKT t=19429 RX ua=95 mt=R len=7
PKT t=19434 TX ua=95 mt=P len=0
PKT t=19444 RX ua=95 mt=R len=7
PKT t=19449 TX ua=95 mt=P len=0
PKT t=19459 RX ua=95 mt=R len=7
PKT t=19464 TX ua=95 mt=P len=0
PKT t=19474 RX ua=95 mt=R len=7
PKT t=19479 TX ua=95 mt=P len=0
PKT t=19489 RX ua=95 mt=R len=7
PKT t=19494 TX ua=95 mt=P len=0
PKT t=19523 RX ua=95 mt=R len=7
PKT t=19528 TX ua=95 mt=P len=0
PKT t=19538 RX ua=95 mt=R len=7
PKT t=19543 TX ua=95 mt=P len=0
PKT t=19553 RX ua=95 mt=R len=7
PKT t=19558 TX ua=95 mt=P len=0
PKT t=19568 RX ua=95 mt=R len=7
PKT t=19573 TX ua=95 mt=P len=0
PKT t=19583 RX ua=95 mt=R len=7
PKT t=19588 TX ua=95 mt=P len=0
PKT t=19598 RX ua=95 mt=R len=7
PKT t=19603 TX ua=95 mt=T len=7
PKT t=19615 TX ua=95 mt=P len=0
PKT t=19633 RX ua=95 mt=R len=7
PKT t=19638 TX ua=95 mt=P len=0
PKT t=19647 RX ua=95 mt=R len=7
PKT t=19652 TX ua=95 mt=P len=0
PKT t=19661 RX ua=95 mt=R len=7
PKT t=19666 TX ua=95 mt=P len=0
PKT t=19675 RX ua=95 mt=R len=7
PKT t=19680 TX ua=95 mt=P len=0
PKT t=19689 RX ua=95 mt=R len=7
PKT t=19694 TX ua=95 mt=P len=0
PKT t=19703 RX ua=95 mt=R len=7
PKT t=19708 TX ua=95 mt=P len=0
PKT t=19737 RX ua=95 mt=R len=7
PKT t=19742 TX ua=95 mt=P len=0
PKT t=19752 RX ua=95 mt=R len=7
PKT t=19756 TX ua=95 mt=P len=0
PKT t=19765 RX ua=95 mt=R len=7
PKT t=19770 TX ua=95 mt=P len=0
PKT t=19779 RX ua=95 mt=R len=7
PKT t=19784 TX ua=95 mt=P len=0
PKT t=19793 RX ua=95 mt=R len=7
PKT t=19798 TX ua=95 mt=P len=0
PKT t=19807 RX ua=95 mt=R len=7
PKT t=19812 TX ua=95 mt=P len=0
PKT t=19841 RX ua=95 mt=R len=7
PKT t=19846 TX ua=95 mt=P len=0
PKT t=19855 RX ua=95 mt=R len=7
PKT t=19860 TX ua=95 mt=T len=7
PKT t=19872 TX ua=95 mt=P len=0
PKT t=19881 RX ua=95 mt=R len=7
PKT t=19886 TX ua=95 mt=P len=0
PKT t=19895 RX ua=95 mt=R len=7
PKT t=19900 TX ua=95 mt=P len=0
PKT t=19909 RX ua=95 mt=R len=7
PKT t=19914 TX ua=95 mt=P len=0
PKT t=19943 RX ua=95 mt=R len=7
PKT t=19948 TX ua=95 mt=P len=0
PKT t=19957 RX ua=95 mt=R len=7
PKT t=19962 TX ua=95 mt=P len=0
PKT t=19971 RX ua=95 mt=R len=7
PKT t=19976 TX ua=95 mt=P len=0
PKT t=19985 RX ua=95 mt=R len=7
PKT t=19990 TX ua=95 mt=P len=0
PKT t=19999 RX ua=95 mt=R len=7
PKT t=20004 TX ua=95 mt=P len=0
PKT t=20014 RX ua=95 mt=R len=7
PKT t=20019 TX ua=95 mt=P len=0
PKT t=20048 RX ua=95 mt=R len=7
PKT t=20053 TX ua=95 mt=P len=0
PKT t=20062 RX ua=95 mt=R len=7
PKT t=20067 TX ua=95 mt=P len=0
PKT t=20076 RX ua=95 mt=R len=7
PKT t=20081 TX ua=95 mt=P len=0
PKT t=20090 RX ua=95 mt=R len=7
PKT t=20095 TX ua=95 mt=P len=0
PKT t=20104 RX ua=95 mt=R len=7
PKT t=20109 TX ua=95 mt=T len=7
PKT t=20121 TX ua=95 mt=P len=0
PKT t=20149 RX ua=95 mt=R len=7
PKT t=20154 TX ua=95 mt=P len=0
PKT t=20163 RX ua=95 mt=R len=7
PKT t=20168 TX ua=95 mt=P len=0
PKT t=20177 RX ua=95 mt=R len=7
PKT t=20182 TX ua=95 mt=P len=0
PKT t=20191 RX ua=95 mt=R len=7
PKT t=20196 TX ua=95 mt=P len=0
PKT t=20205 RX ua=95 mt=R len=7
PKT t=20210 TX ua=95 mt=P len=0
PKT t=20219 RX ua=95 mt=R len=7
PKT t=20224 TX ua=95 mt=P len=0
PKT t=20253 RX ua=95 mt=R len=7
PKT t=20258 TX ua=95 mt=P len=0
PKT t=20267 RX ua=95 mt=R len=7
PKT t=20272 TX ua=95 mt=P len=0
PKT t=20281 RX ua=95 mt=R len=7
PKT t=20286 TX ua=95 mt=P len=0
PKT t=20295 RX ua=95 mt=R len=7
PKT t=20300 TX ua=95 mt=P len=0
PKT t=20309 RX ua=95 mt=R len=7
PKT t=20314 TX ua=95 mt=P len=0
PKT t=20323 RX ua=95 mt=R len=7
PKT t=20328 TX ua=95 mt=P len=0
PKT t=20357 RX ua=95 mt=R len=7
PKT t=20362 TX ua=95 mt=T len=7
PKT t=20374 TX ua=95 mt=P len=0
PKT t=20383 RX ua=95 mt=R len=7
PKT t=20388 TX ua=95 mt=P len=0
PKT t=20397 RX ua=95 mt=R len=7
PKT t=20402 TX ua=95 mt=P len=0
PKT t=20411 RX ua=95 mt=R len=7
PKT t=20416 TX ua=95 mt=P len=0
PKT t=20425 RX ua=95 mt=R len=7
PKT t=20430 TX ua=95 mt=P len=0
PKT t=20459 RX ua=95 mt=R len=7
PKT t=20464 TX ua=95 mt=P len=0
PKT t=20473 RX ua=95 mt=R len=7
PKT t=20478 TX ua=95 mt=P len=0
PKT t=20487 RX ua=95 mt=R len=7
PKT t=20492 TX ua=95 mt=P len=0
PKT t=20501 RX ua=95 mt=R len=7
PKT t=20506 TX ua=95 mt=P len=0
PKT t=20515 RX ua=95 mt=R len=7
PKT t=20520 TX ua=95 mt=P len=0
PKT t=20529 RX ua=95 mt=R len=7
PKT t=20534 TX ua=95 mt=P len=0
PKT t=20563 RX ua=95 mt=R len=7
PKT t=20568 TX ua=95 mt=P len=0
PKT t=20577 RX ua=95 mt=R len=7
PKT t=20582 TX ua=95 mt=P len=0
PKT t=20591 RX ua=95 mt=R len=7
PKT t=20596 TX ua=95 mt=P len=0
PKT t=20605 RX ua=95 mt=R len=7
PKT t=20610 TX ua=95 mt=T len=7
PKT t=20622 TX ua=95 mt=P len=0
PKT t=20631 RX ua=95 mt=R len=7
PKT t=20636 TX ua=95 mt=P len=0
PKT t=20665 RX ua=95 mt=R len=7
PKT t=20670 TX ua=95 mt=P len=0
PKT t=20679 RX ua=95 mt=R len=7
PKT t=20684 TX ua=95 mt=P len=0
PKT t=20693 RX ua=95 mt=R len=7
PKT t=20698 TX ua=95 mt=P len=0
PKT t=20707 RX ua=95 mt=R len=7
PKT t=20712 TX ua=95 mt=P len=0
PKT t=20721 RX ua=95 mt=R len=7
PKT t=20726 TX ua=95 mt=P len=0
PKT t=20735 RX ua=95 mt=R len=7
PKT t=20740 TX ua=95 mt=P len=0
PKT t=20769 RX ua=95 mt=R len=7
PKT t=20774 TX ua=95 mt=P len=0
PKT t=20783 RX ua=95 mt=R len=7
PKT t=20788 TX ua=95 mt=P len=0
PKT t=20797 RX ua=95 mt=R len=7
PKT t=20802 TX ua=95 mt=P len=0
PKT t=20811 RX ua=95 mt=R len=7
PKT t=20816 TX ua=95 mt=P len=0
PKT t=20825 RX ua=95 mt=R len=7
PKT t=20830 TX ua=95 mt=P len=0
PKT t=20839 RX ua=95 mt=R len=7
PKT t=20844 TX ua=95 mt=P len=0
PKT t=20873 RX ua=95 mt=R len=7
PKT t=20878 TX ua=95 mt=T len=7
PKT t=20890 TX ua=95 mt=P len=0
PKT t=20899 RX ua=95 mt=R len=7
PKT t=20904 TX ua=95 mt=P len=0
PKT t=20913 RX ua=95 mt=R len=7
PKT t=20918 TX ua=95 mt=P len=0
PKT t=20927 RX ua=95 mt=R len=7
PKT t=20932 TX ua=95 mt=P len=0
PKT t=20941 RX ua=95 mt=R len=7
PKT t=20946 TX ua=95 mt=P len=0
PKT t=20975 RX ua=95 mt=R len=7
PKT t=20980 TX ua=95 mt=P len=0
PKT t=20989 RX ua=95 mt=R len=7
PKT t=20994 TX ua=95 mt=P len=0
PKT t=21003 RX ua=95 mt=R len=7
PKT t=21008 TX ua=95 mt=P len=0
PKT t=21017 RX ua=95 mt=R len=7
PKT t=21022 TX ua=95 mt=P len=0
PKT t=21031 RX ua=95 mt=R len=7
PKT t=21036 TX ua=95 mt=P len=0
PKT t=21045 RX ua=95 mt=R len=7
PKT t=21050 TX ua=95 mt=P len=0
PKT t=21080 RX ua=95 mt=R len=7
PKT t=21084 TX ua=95 mt=P len=0
PKT t=21093 RX ua=95 mt=R len=7
PKT t=21098 TX ua=95 mt=T len=7
PKT t=21111 TX ua=95 mt=P len=0
PKT t=21120 RX ua=95 mt=R len=7
PKT t=21125 TX ua=95 mt=P len=0
PKT t=21134 RX ua=95 mt=R len=7
PKT t=21139 TX ua=95 mt=P len=0
PKT t=21148 RX ua=95 mt=R len=7
PKT t=21153 TX ua=95 mt=P len=0
PKT t=21182 RX ua=95 mt=R len=7
PKT t=21187 TX ua=95 mt=P len=0
PKT t=21196 RX ua=95 mt=R len=7
PKT t=21201 TX ua=95 mt=P len=0
PKT t=21210 RX ua=95 mt=R len=7
PKT t=21215 TX ua=95 mt=P len=0
PKT t=21224 RX ua=95 mt=R len=7
PKT t=21229 TX ua=95 mt=P len=0
PKT t=21238 RX ua=95 mt=R len=7
PKT t=21243 TX ua=95 mt=P len=0
PKT t=21252 RX ua=95 mt=R len=7
PKT t=21257 TX ua=95 mt=P len=0
PKT t=21286 RX ua=95 mt=R len=7
PKT t=21291 TX ua=95 mt=P len=0
PKT t=21300 RX ua=95 mt=R len=7
PKT t=21305 TX ua=95 mt=P len=0
PKT t=21314 RX ua=95 mt=R len=7
PKT t=21319 TX ua=95 mt=P len=0
PKT t=21328 RX ua=95 mt=R len=7
PKT t=21333 TX ua=95 mt=P len=0
PKT t=21342 RX ua=95 mt=R len=7
PKT t=21347 TX ua=95 mt=T len=7
PKT t=21360 TX ua=95 mt=P len=0
PKT t=21388 RX ua=95 mt=R len=7
PKT t=21393 TX ua=95 mt=P len=0
PKT t=21403 RX ua=95 mt=R len=7
PKT t=21408 TX ua=95 mt=P len=0
PKT t=21418 RX ua=95 mt=R len=7
PKT t=21423 TX ua=95 mt=P len=0
PKT t=21433 RX ua=95 mt=R len=7
PKT t=21438 TX ua=95 mt=P len=0
PKT t=21448 RX ua=95 mt=R len=7
PKT t=21453 TX ua=95 mt=P len=0
PKT t=21463 RX ua=95 mt=R len=7
PKT t=21468 TX ua=95 mt=P len=0
PKT t=21497 RX ua=95 mt=R len=7
PKT t=21502 TX ua=95 mt=P len=0
PKT t=21512 RX ua=95 mt=R len=7
PKT t=21517 TX ua=95 mt=P len=0
PKT t=21527 RX ua=95 mt=R len=7
PKT t=21532 TX ua=95 mt=P len=0
PKT t=21542 RX ua=95 mt=R len=7
PKT t=21547 TX ua=95 mt=P len=0
PKT t=21557 RX ua=95 mt=R len=7
PKT t=21562 TX ua=95 mt=P len=0
PKT t=21572 RX ua=95 mt=R len=7
PKT t=21577 TX ua=95 mt=P len=0
PKT t=21606 RX ua=95 mt=R len=7
PKT t=21611 TX ua=95 mt=T len=7
PKT t=21624 TX ua=95 mt=P len=0
PKT t=21633 RX ua=95 mt=R len=7
PKT t=21638 TX ua=95 mt=P len=0
PKT t=21648 RX ua=95 mt=R len=7
PKT t=21653 TX ua=95 mt=P len=0
PKT t=21662 RX ua=95 mt=R len=7
PKT t=21667 TX ua=95 mt=P len=0
PKT t=21676 RX ua=95 mt=R len=7
PKT t=21681 TX ua=95 mt=P len=0
PKT t=21710 RX ua=95 mt=R len=7
PKT t=21715 TX ua=95 mt=P len=0
PKT t=21724 RX ua=95 mt=R len=7
PKT t=21729 TX ua=95 mt=P len=0
PKT t=21738 RX ua=95 mt=R len=7
PKT t=21743 TX ua=95 mt=P len=0
PKT t=21752 RX ua=95 mt=R len=7
PKT t=21757 TX ua=95 mt=P len=0
PKT t=21766 RX ua=95 mt=R len=7
PKT t=21771 TX ua=95 mt=P len=0
PKT t=21780 RX ua=95 mt=R len=7
PKT t=21785 TX ua=95 mt=P len=0
PKT t=21814 RX ua=95 mt=R len=7
PKT t=21819 TX ua=95 mt=P len=0
PKT t=21829 RX ua=95 mt=R len=7
PKT t=21834 TX ua=95 mt=P len=0
PKT t=21843 RX ua=95 mt=R len=7
PKT t=21848 TX ua=95 mt=T len=7
PKT t=21861 TX ua=95 mt=P len=0
PKT t=21870 RX ua=95 mt=R len=7
PKT t=21875 TX ua=95 mt=P len=0
PKT t=21884 RX ua=95 mt=R len=7
PKT t=21889 TX ua=95 mt=P len=0
PKT t=21918 RX ua=95 mt=R len=7
PKT t=21923 TX ua=95 mt=P len=0
PKT t=21932 RX ua=95 mt=R len=7
PKT t=21937 TX ua=95 mt=P len=0
PKT t=21946 RX ua=95 mt=R len=7
PKT t=21951 TX ua=95 mt=P len=0
PKT t=21960 RX ua=95 mt=R len=7
PKT t=21965 TX ua=95 mt=P len=0
PKT t=21974 RX ua=95 mt=R len=7
PKT t=21979 TX ua=95 mt=P len=0
PKT t=21988 RX ua=95 mt=R len=7
PKT t=21993 TX ua=95 mt=P len=0
PKT t=22023 RX ua=95 mt=R len=7
PKT t=22028 TX ua=95 mt=P len=0
PKT t=22037 RX ua=95 mt=R len=7
PKT t=22042 TX ua=95 mt=P len=0
PKT t=22051 RX ua=95 mt=R len=7
PKT t=22056 TX ua=95 mt=P len=0
PKT t=22065 RX ua=95 mt=R len=7
PKT t=22070 TX ua=95 mt=P len=0
PKT t=22079 RX ua=95 mt=R len=7
PKT t=22084 TX ua=95 mt=P len=0
PKT t=22093 RX ua=95 mt=R len=7
PKT t=22098 TX ua=95 mt=T len=7
PKT t=22110 TX ua=95 mt=P len=0
PKT t=22129 RX ua=95 mt=R len=7
PKT t=22134 TX ua=95 mt=P len=0
PKT t=22143 RX ua=95 mt=R len=7
PKT t=22148 TX ua=95 mt=P len=0
PKT t=22158 RX ua=95 mt=R len=7
PKT t=22162 TX ua=95 mt=P len=0
PKT t=22171 RX ua=95 mt=R len=7
PKT t=22176 TX ua=95 mt=P len=0
PKT t=22185 RX ua=95 mt=R len=7
PKT t=22190 TX ua=95 mt=P len=0
PKT t=22199 RX ua=95 mt=R len=7
PKT t=22204 TX ua=95 mt=P len=0
PKT t=22239 RX ua=95 mt=R len=7
PKT t=22244 TX ua=95 mt=P len=0
PKT t=22253 RX ua=95 mt=R len=7
PKT t=22258 TX ua=95 mt=P len=0
PKT t=22267 RX ua=95 mt=R len=7
PKT t=22272 TX ua=95 mt=P len=0
PKT t=22281 RX ua=95 mt=R len=7
PKT t=22286 TX ua=95 mt=P len=0
PKT t=22295 RX ua=95 mt=R len=7
PKT t=22300 TX ua=95 mt=P len=0
PKT t=22333 RX ua=95 mt=R len=7
PKT t=22338 TX ua=95 mt=P len=0
PKT t=22347 RX ua=95 mt=R len=7
PKT t=22352 TX ua=95 mt=T len=7
PKT t=22364 TX ua=95 mt=P len=0
PKT t=22373 RX ua=95 mt=R len=7
PKT t=22378 TX ua=95 mt=P len=0
PKT t=22387 RX ua=95 mt=R len=7
PKT t=22392 TX ua=95 mt=P len=0
PKT t=22401 RX ua=95 mt=R len=7
PKT t=22406 TX ua=95 mt=P len=0
PKT t=22435 RX ua=95 mt=R len=7
PKT t=22440 TX ua=95 mt=P len=0
PKT t=22449 RX ua=95 mt=R len=7
PKT t=22454 TX ua=95 mt=P len=0
PKT t=22463 RX ua=95 mt=R len=7
PKT t=22468 TX ua=95 mt=P len=0
PKT t=22477 RX ua=95 mt=R len=7
PKT t=22482 TX ua=95 mt=P len=0
PKT t=22491 RX ua=95 mt=R len=7
PKT t=22496 TX ua=95 mt=P len=0
PKT t=22505 RX ua=95 mt=R len=7
PKT t=22510 TX ua=95 mt=P len=0
PKT t=22539 RX ua=95 mt=R len=7
PKT t=22544 TX ua=95 mt=P len=0
PKT t=22553 RX ua=95 mt=R len=7
PKT t=22558 TX ua=95 mt=P len=0
PKT t=22567 RX ua=95 mt=R len=7
PKT t=22572 TX ua=95 mt=P len=0
PKT t=22581 RX ua=95 mt=R len=7
PKT t=22586 TX ua=95 mt=P len=0
PKT t=22595 RX ua=95 mt=R len=7
PKT t=22600 TX ua=95 mt=T len=7
PKT t=22612 TX ua=95 mt=P len=0
PKT t=22640 RX ua=95 mt=R len=7
PKT t=22645 TX ua=95 mt=P len=0
PKT t=22654 RX ua=95 mt=R len=7
PKT t=22659 TX ua=95 mt=P len=0
PKT t=22668 RX ua=95 mt=R len=7
PKT t=22673 TX ua=95 mt=P len=0
PKT t=22682 RX ua=95 mt=R len=7
PKT t=22687 TX ua=95 mt=P len=0
PKT t=22696 RX ua=95 mt=R len=7
PKT t=22701 TX ua=95 mt=P len=0
PKT t=22710 RX ua=95 mt=R len=7
PKT t=22715 TX ua=95 mt=P len=0
PKT t=22744 RX ua=95 mt=R len=7
PKT t=22749 TX ua=95 mt=P len=0
PKT t=22758 RX ua=95 mt=R len=7
PKT t=22763 TX ua=95 mt=P len=0
PKT t=22772 RX ua=95 mt=R len=7
PKT t=22777 TX ua=95 mt=P len=0
PKT t=22786 RX ua=95 mt=R len=7
PKT t=22791 TX ua=95 mt=P len=0
PKT t=22800 RX ua=95 mt=R len=7
PKT t=22805 TX ua=95 mt=P len=0
PKT t=22814 RX ua=95 mt=R len=7
PKT t=22819 TX ua=95 mt=P len=0
PKT t=22848 RX ua=95 mt=R len=7
PKT t=22853 TX ua=95 mt=T len=7
PKT t=22865 TX ua=95 mt=P len=0
PKT t=22874 RX ua=95 mt=R len=7
PKT t=22879 TX ua=95 mt=P len=0
PKT t=22888 RX ua=95 mt=R len=7
PKT t=22893 TX ua=95 mt=P len=0
PKT t=22902 RX ua=95 mt=R len=7
PKT t=22907 TX ua=95 mt=P len=0
PKT t=22916 RX ua=95 mt=R len=7
PKT t=22921 TX ua=95 mt=P len=0
PKT t=22950 RX ua=95 mt=R len=7
PKT t=22955 TX ua=95 mt=P len=0
PKT t=22964 RX ua=95 mt=R len=7
PKT t=22969 TX ua=95 mt=P len=0
PKT t=22978 RX ua=95 mt=R len=7
PKT t=22983 TX ua=95 mt=P len=0
PKT t=22992 RX ua=95 mt=R len=7
PKT t=22997 TX ua=95 mt=P len=0
PKT t=23006 RX ua=95 mt=R len=7
PKT t=23011 TX ua=95 mt=P len=0
PKT t=23020 RX ua=95 mt=R len=7
PKT t=23025 TX ua=95 mt=P len=0
PKT t=23054 RX ua=95 mt=R len=7
PKT t=23059 TX ua=95 mt=P len=0
PKT t=23068 RX ua=95 mt=R len=7
PKT t=23073 TX ua=95 mt=P len=0
PKT t=23082 RX ua=95 mt=R len=7
PKT t=23087 TX ua=95 mt=P len=0
PKT t=23096 RX ua=95 mt=R len=7
PKT t=23101 TX ua=95 mt=T len=7
PKT t=23113 TX ua=95 mt=P len=0
PKT t=23122 RX ua=95 mt=R len=7
PKT t=23127 TX ua=95 mt=P len=0
PKT t=23156 RX ua=95 mt=R len=7
PKT t=23161 TX ua=95 mt=P len=0
PKT t=23170 RX ua=95 mt=R len=7
PKT t=23175 TX ua=95 mt=P len=0
PKT t=23184 RX ua=95 mt=R len=7
PKT t=23189 TX ua=95 mt=P len=0
PKT t=23198 RX ua=95 mt=R len=7
PKT t=23203 TX ua=95 mt=P len=0
PKT t=23212 RX ua=95 mt=R len=7
PKT t=23217 TX ua=95 mt=P len=0
PKT t=23226 RX ua=95 mt=R len=7
PKT t=23231 TX ua=95 mt=P len=0
PKT t=23260 RX ua=95 mt=R len=7
PKT t=23265 TX ua=95 mt=P len=0
PKT t=23274 RX ua=95 mt=R len=7
PKT t=23279 TX ua=95 mt=P len=0
PKT t=23288 RX ua=95 mt=R len=7
PKT t=23293 TX ua=95 mt=P len=0
PKT t=23302 RX ua=95 mt=R len=7
PKT t=23307 TX ua=95 mt=P len=0
PKT t=23316 RX ua=95 mt=R len=7
PKT t=23321 TX ua=95 mt=P len=0
PKT t=23330 RX ua=95 mt=R len=7
PKT t=23335 TX ua=95 mt=P len=0
PKT t=23364 RX ua=95 mt=R len=7
PKT t=23369 TX ua=95 mt=T len=7
PKT t=23381 TX ua=95 mt=P len=0
PKT t=23391 RX ua=95 mt=R len=7
PKT t=23396 TX ua=95 mt=P len=0
PKT t=23406 RX ua=95 mt=R len=7
PKT t=23411 TX ua=95 mt=P len=0
PKT t=23421 RX ua=95 mt=R len=7
PKT t=23426 TX ua=95 mt=P len=0
PKT t=23436 RX ua=95 mt=R len=7
PKT t=23441 TX ua=95 mt=P len=0
PKT t=23470 RX ua=95 mt=R len=7
PKT t=23475 TX ua=95 mt=P len=0
PKT t=23485 RX ua=95 mt=R len=7
PKT t=23490 TX ua=95 mt=P len=0
PKT t=23500 RX ua=95 mt=R len=7
PKT t=23505 TX ua=95 mt=P len=0
PKT t=23515 RX ua=95 mt=R len=7
PKT t=23520 TX ua=95 mt=P len=0
PKT t=23530 RX ua=95 mt=R len=7
PKT t=23535 TX ua=95 mt=P len=0
PKT t=23545 RX ua=95 mt=R len=7
PKT t=23550 TX ua=95 mt=P len=0
PKT t=23579 RX ua=95 mt=R len=7
PKT t=23584 TX ua=95 mt=P len=0
PKT t=23594 RX ua=95 mt=R len=7
PKT t=23599 TX ua=95 mt=T len=7
PKT t=23611 TX ua=95 mt=P len=0
PKT t=23620 RX ua=95 mt=R len=7
PKT t=23625 TX ua=95 mt=P len=0
PKT t=23634 RX ua=95 mt=R len=7
PKT t=23639 TX ua=95 mt=P len=0
PKT t=23648 RX ua=95 mt=R len=7
PKT t=23653 TX ua=95 mt=P len=0
PKT t=23682 RX ua=95 mt=R len=7
PKT t=23687 TX ua=95 mt=P len=0
PKT t=23696 RX ua=95 mt=R len=7
PKT t=23701 TX ua=95 mt=P len=0
PKT t=23710 RX ua=95 mt=R len=7
PKT t=23715 TX ua=95 mt=P len=0
PKT t=23724 RX ua=95 mt=R len=7
PKT t=23729 TX ua=95 mt=P len=0
PKT t=23738 RX ua=95 mt=R len=7
PKT t=23743 TX ua=95 mt=P len=0
PKT t=23752 RX ua=95 mt=R len=7
PKT t=23757 TX ua=95 mt=P len=0
PKT t=23786 RX ua=95 mt=R len=7
PKT t=23791 TX ua=95 mt=P len=0
PKT t=23800 RX ua=95 mt=R len=7
PKT t=23805 TX ua=95 mt=P len=0
PKT t=23815 RX ua=95 mt=R len=7
PKT t=23820 TX ua=95 mt=P len=0
PKT t=23829 RX ua=95 mt=R len=7
PKT t=23834 TX ua=95 mt=P len=0
PKT t=23843 RX ua=95 mt=R len=7
PKT t=23848 TX ua=95 mt=T len=7
PKT t=23860 TX ua=95 mt=P len=0
PKT t=23888 RX ua=95 mt=R len=7
PKT t=23893 TX ua=95 mt=P len=0
PKT t=23902 RX ua=95 mt=R len=7
PKT t=23907 TX ua=95 mt=P len=0
PKT t=23918 RX ua=95 mt=R len=7
PKT t=23923 TX ua=95 mt=P len=0
PKT t=23932 RX ua=95 mt=R len=7
PKT t=23937 TX ua=95 mt=P len=0
PKT t=23946 RX ua=95 mt=R len=7
PKT t=23951 TX ua=95 mt=P len=0
PKT t=23960 RX ua=95 mt=R len=7
PKT t=23965 TX ua=95 mt=P len=0
PKT t=23994 RX ua=95 mt=R len=7
PKT t=23999 TX ua=95 mt=P len=0
PKT t=24008 RX ua=95 mt=R len=7
PKT t=24016 TX ua=95 mt=P len=0
PKT t=24025 RX ua=95 mt=R len=7
PKT t=24030 TX ua=95 mt=P len=0
PKT t=24039 RX ua=95 mt=R len=7
PKT t=24044 TX ua=95 mt=P len=0
PKT t=24053 RX ua=95 mt=R len=7
PKT t=24058 TX ua=95 mt=P len=0
PKT t=24067 RX ua=95 mt=R len=7
PKT t=24072 TX ua=95 mt=P len=0
PKT t=24101 RX ua=95 mt=R len=7
PKT t=24106 TX ua=95 mt=T len=7
PKT t=24118 TX ua=95 mt=P len=0
PKT t=24127 RX ua=95 mt=R len=7
PKT t=24132 TX ua=95 mt=P len=0
PKT t=24141 RX ua=95 mt=R len=7
PKT t=24146 TX ua=95 mt=P len=0
PKT t=24155 RX ua=95 mt=R len=7
PKT t=24160 TX ua=95 mt=P len=0
PKT t=24169 RX ua=95 mt=R len=7
PKT t=24174 TX ua=95 mt=P len=0
PKT t=24203 RX ua=95 mt=R len=7
PKT t=24208 TX ua=95 mt=P len=0
PKT t=24217 RX ua=95 mt=R len=7
PKT t=24222 TX ua=95 mt=P len=0
PKT t=24231 RX ua=95 mt=R len=7
PKT t=24236 TX ua=95 mt=P len=0
PKT t=24245 RX ua=95 mt=R len=7
PKT t=24250 TX ua=95 mt=P len=0
PKT t=24259 RX ua=95 mt=R len=7
PKT t=24264 TX ua=95 mt=P len=0
PKT t=24273 RX ua=95 mt=R len=7
PKT t=24278 TX ua=95 mt=P len=0
PKT t=24307 RX ua=95 mt=R len=7
PKT t=24312 TX ua=95 mt=P len=0
PKT t=24321 RX ua=95 mt=R len=7
PKT t=24326 TX ua=95 mt=P len=0
PKT t=24335 RX ua=95 mt=R len=7
PKT t=24340 TX ua=95 mt=P len=0
PKT t=24349 RX ua=95 mt=R len=7
PKT t=24354 TX ua=95 mt=T len=7
PKT t=24366 TX ua=95 mt=P len=0
PKT t=24375 RX ua=95 mt=R len=7
PKT t=24380 TX ua=95 mt=P len=0
PKT t=24409 RX ua=95 mt=R len=7
PKT t=24414 TX ua=95 mt=P len=0
PKT t=24423 RX ua=95 mt=R len=7
PKT t=24428 TX ua=95 mt=P len=0
PKT t=24437 RX ua=95 mt=R len=7
PKT t=24442 TX ua=95 mt=P len=0
PKT t=24451 RX ua=95 mt=R len=7
PKT t=24456 TX ua=95 mt=P len=0
PKT t=24465 RX ua=95 mt=R len=7
PKT t=24470 TX ua=95 mt=P len=0
PKT t=24479 RX ua=95 mt=R len=7
PKT t=24484 TX ua=95 mt=P len=0
PKT t=24513 RX ua=95 mt=R len=7
PKT t=24518 TX ua=95 mt=P len=0
PKT t=24528 RX ua=95 mt=R len=7
PKT t=24533 TX ua=95 mt=P len=0
PKT t=24542 RX ua=95 mt=R len=7
PKT t=24547 TX ua=95 mt=P len=0
PKT t=24556 RX ua=95 mt=R len=7
PKT t=24561 TX ua=95 mt=P len=0
PKT t=24570 RX ua=95 mt=R len=7
PKT t=24575 TX ua=95 mt=P len=0
PKT t=24584 RX ua=95 mt=R len=7
PKT t=24589 TX ua=95 mt=P len=0
PKT t=24618 RX ua=95 mt=R len=7
PKT t=24623 TX ua=95 mt=T len=7
PKT t=24635 TX ua=95 mt=P len=0
PKT t=24644 RX ua=95 mt=R len=7
PKT t=24649 TX ua=95 mt=P len=0
PKT t=24658 RX ua=95 mt=R len=7
PKT t=24663 TX ua=95 mt=P len=0
PKT t=24672 RX ua=95 mt=R len=7
PKT t=24677 TX ua=95 mt=P len=0
PKT t=24686 RX ua=95 mt=R len=7
PKT t=24691 TX ua=95 mt=P len=0
PKT t=24720 RX ua=95 mt=R len=7
PKT t=24725 TX ua=95 mt=P len=0
PKT t=24734 RX ua=95 mt=R len=7
PKT t=24739 TX ua=95 mt=P len=0
PKT t=24748 RX ua=95 mt=R len=7
PKT t=24753 TX ua=95 mt=P len=0
PKT t=24762 RX ua=95 mt=R len=7
PKT t=24767 TX ua=95 mt=P len=0
PKT t=24776 RX ua=95 mt=R len=7
PKT t=24781 TX ua=95 mt=P len=0
PKT t=24790 RX ua=95 mt=R len=7
PKT t=24795 TX ua=95 mt=P len=0
PKT t=24824 RX ua=95 mt=R len=7
PKT t=24829 TX ua=95 mt=P len=0
PKT t=24838 RX ua=95 mt=R len=7
PKT t=24843 TX ua=95 mt=P len=0
PKT t=24852 RX ua=95 mt=R len=7
PKT t=24857 TX ua=95 mt=T len=7
PKT t=24869 TX ua=95 mt=P len=0
PKT t=24878 RX ua=95 mt=R len=7
PKT t=24883 TX ua=95 mt=P len=0
PKT t=24892 RX ua=95 mt=R len=7
PKT t=24897 TX ua=95 mt=P len=0
PKT t=24927 RX ua=95 mt=R len=7
PKT t=24932 TX ua=95 mt=P len=0
PKT t=24941 RX ua=95 mt=R len=7
PKT t=24946 TX ua=95 mt=P len=0
PKT t=24955 RX ua=95 mt=R len=7
PKT t=24960 TX ua=95 mt=P len=0
PKT t=24969 RX ua=95 mt=R len=7
PKT t=24974 TX ua=95 mt=P len=0
PKT t=24983 RX ua=95 mt=R len=7
PKT t=24988 TX ua=95 mt=P len=0
PKT t=24997 RX ua=95 mt=R len=7
PKT t=25002 TX ua=95 mt=P len=0
PKT t=25031 RX ua=95 mt=R len=7
PKT t=25036 TX ua=95 mt=P len=0
PKT t=25045 RX ua=95 mt=R len=7
PKT t=25050 TX ua=95 mt=P len=0
PKT t=25059 RX ua=95 mt=R len=7
PKT t=25064 TX ua=95 mt=P len=0
PKT t=25073 RX ua=95 mt=R len=7
PKT t=25078 TX ua=95 mt=P len=0
PKT t=25087 RX ua=95 mt=R len=7
PKT t=25092 TX ua=95 mt=P len=0
PKT t=25101 RX ua=95 mt=R len=7
PKT t=25106 TX ua=95 mt=T len=7
PKT t=25118 TX ua=95 mt=P len=0
PKT t=25137 RX ua=95 mt=R len=7
PKT t=25142 TX ua=95 mt=P len=0
PKT t=25151 RX ua=95 mt=R len=7
PKT t=25156 TX ua=95 mt=P len=0
PKT t=25165 RX ua=95 mt=R len=7
PKT t=25170 TX ua=95 mt=P len=0
PKT t=25179 RX ua=95 mt=R len=7
PKT t=25184 TX ua=95 mt=P len=0
PKT t=25193 RX ua=95 mt=R len=7
PKT t=25198 TX ua=95 mt=P len=0
PKT t=25207 RX ua=95 mt=R len=7
PKT t=25212 TX ua=95 mt=P len=0
PKT t=25241 RX ua=95 mt=R len=7
PKT t=25246 TX ua=95 mt=P len=0
PKT t=25255 RX ua=95 mt=R len=7
PKT t=25260 TX ua=95 mt=P len=0
PKT t=25269 RX ua=95 mt=R len=7
PKT t=25274 TX ua=95 mt=P len=0
PKT t=25283 RX ua=95 mt=R len=7
PKT t=25288 TX ua=95 mt=P len=0
PKT t=25297 RX ua=95 mt=R len=7
PKT t=25302 TX ua=95 mt=P len=0
PKT t=25311 RX ua=95 mt=R len=7
PKT t=25316 TX ua=95 mt=P len=0
PKT t=25345 RX ua=95 mt=R len=7
PKT t=25350 TX ua=95 mt=T len=7
PKT t=25362 TX ua=95 mt=P len=0
PKT t=25372 RX ua=95 mt=R len=7
PKT t=25377 TX ua=95 mt=P len=0
PKT t=25387 RX ua=95 mt=R len=7
PKT t=25392 TX ua=95 mt=P len=0
PKT t=25402 RX ua=95 mt=R len=7
PKT t=25407 TX ua=95 mt=P len=0
PKT t=25417 RX ua=95 mt=R len=7
PKT t=25422 TX ua=95 mt=P len=0
PKT t=25451 RX ua=95 mt=R len=7
PKT t=25456 TX ua=95 mt=P len=0
PKT t=25466 RX ua=95 mt=R len=7
PKT t=25471 TX ua=95 mt=P len=0
PKT t=25481 RX ua=95 mt=R len=7
PKT t=25486 TX ua=95 mt=P len=0
PKT t=25496 RX ua=95 mt=R len=7
PKT t=25501 TX ua=95 mt=P len=0
PKT t=25511 RX ua=95 mt=R len=7
PKT t=25516 TX ua=95 mt=P len=0
PKT t=25526 RX ua=95 mt=R len=7
PKT t=25531 TX ua=95 mt=P len=0
PKT t=25560 RX ua=95 mt=R len=7
PKT t=25565 TX ua=95 mt=P len=0
PKT t=25575 RX ua=95 mt=R len=7
PKT t=25580 TX ua=95 mt=P len=0
PKT t=25590 RX ua=95 mt=R len=7
PKT t=25595 TX ua=95 mt=P len=0
PKT t=25605 RX ua=95 mt=R len=7
PKT t=25610 TX ua=95 mt=T len=7
PKT t=25622 TX ua=95 mt=P len=0
PKT t=25631 RX ua=95 mt=R len=7
PKT t=25636 TX ua=95 mt=P len=0
PKT t=25665 RX ua=95 mt=R len=7
PKT t=25670 TX ua=95 mt=P len=0
PKT t=25679 RX ua=95 mt=R len=7
PKT t=25684 TX ua=95 mt=P len=0
PKT t=25693 RX ua=95 mt=R len=7
PKT t=25698 TX ua=95 mt=P len=0
PKT t=25707 RX ua=95 mt=R len=7
PKT t=25712 TX ua=95 mt=P len=0
PKT t=25721 RX ua=95 mt=R len=7
PKT t=25726 TX ua=95 mt=P len=0
PKT t=25735 RX ua=95 mt=R len=7
PKT t=25740 TX ua=95 mt=P len=0
PKT t=25769 RX ua=95 mt=R len=7
PKT t=25774 TX ua=95 mt=P len=0
PKT t=25783 RX ua=95 mt=R len=7
PKT t=25788 TX ua=95 mt=P len=0
PKT t=25797 RX ua=95 mt=R len=7
PKT t=25802 TX ua=95 mt=P len=0
PKT t=25811 RX ua=95 mt=R len=7
PKT t=25816 TX ua=95 mt=P len=0
PKT t=25825 RX ua=95 mt=R len=7
PKT t=25830 TX ua=95 mt=P len=0
PKT t=25839 RX ua=95 mt=R len=7
PKT t=25844 TX ua=95 mt=P len=0
PKT t=25873 RX ua=95 mt=R len=7
PKT t=25878 TX ua=95 mt=T len=7
PKT t=25890 TX ua=95 mt=P len=0
PKT t=25899 RX ua=95 mt=R len=7
PKT t=25904 TX ua=95 mt=P len=0
PKT t=25913 RX ua=95 mt=R len=7
PKT t=25918 TX ua=95 mt=P len=0
PKT t=25927 RX ua=95 mt=R len=7
PKT t=25932 TX ua=95 mt=P len=0
PKT t=25941 RX ua=95 mt=R len=7
PKT t=25946 TX ua=95 mt=P len=0
PKT t=25975 RX ua=95 mt=R len=7
PKT t=25980 TX ua=95 mt=P len=0
PKT t=25989 RX ua=95 mt=R len=7
PKT t=25994 TX ua=95 mt=P len=0
PKT t=26003 RX ua=95 mt=R len=7
PKT t=26008 TX ua=95 mt=P len=0
PKT t=26017 RX ua=95 mt=R len=7
PKT t=26022 TX ua=95 mt=P len=0
PKT t=26031 RX ua=95 mt=R len=7
PKT t=26036 TX ua=95 mt=P len=0
PKT t=26045 RX ua=95 mt=R len=7
PKT t=26050 TX ua=95 mt=P len=0
PKT t=26079 RX ua=95 mt=R len=7
PKT t=26084 TX ua=95 mt=P len=0
PKT t=26093 RX ua=95 mt=R len=7
PKT t=26098 TX ua=95 mt=T len=7
PKT t=26111 TX ua=95 mt=P len=0
PKT t=26120 RX ua=95 mt=R len=7
PKT t=26125 TX ua=95 mt=T len=7
PKT t=26138 TX ua=95 mt=P len=0
PKT t=26147 RX ua=95 mt=R len=7
PKT t=26152 TX ua=95 mt=P len=0
PKT t=26181 RX ua=95 mt=R len=7
PKT t=26186 TX ua=95 mt=P len=0
PKT t=26195 RX ua=95 mt=R len=7
PKT t=26200 TX ua=95 mt=P len=0
PKT t=26209 RX ua=95 mt=R len=7
PKT t=26214 TX ua=95 mt=P len=0
PKT t=26223 RX ua=95 mt=R len=7
PKT t=26228 TX ua=95 mt=P len=0
PKT t=26237 RX ua=95 mt=R len=7
PKT t=26242 TX ua=95 mt=P len=0
PKT t=26251 RX ua=95 mt=R len=7
PKT t=26256 TX ua=95 mt=P len=0
PKT t=26285 RX ua=95 mt=R len=7
PKT t=26290 TX ua=95 mt=P len=0
PKT t=26299 RX ua=95 mt=R len=7
PKT t=26304 TX ua=95 mt=P len=0
PKT t=26313 RX ua=95 mt=R len=7
PKT t=26318 TX ua=95 mt=P len=0
PKT t=26327 RX ua=95 mt=R len=7
PKT t=26332 TX ua=95 mt=P len=0
PKT t=26341 RX ua=95 mt=R len=7
PKT t=26346 TX ua=95 mt=P len=0
PKT t=26355 RX ua=95 mt=R len=7
PKT t=26360 TX ua=95 mt=T len=7
PKT t=26373 TX ua=95 mt=P len=0
PKT t=26391 RX ua=95 mt=R len=7
PKT t=26396 TX ua=95 mt=P len=0
PKT t=26405 RX ua=95 mt=R len=7
PKT t=26410 TX ua=95 mt=P len=0
PKT t=26419 RX ua=95 mt=R len=7
PKT t=26424 TX ua=95 mt=P len=0
PKT t=26433 RX ua=95 mt=R len=7
PKT t=26438 TX ua=95 mt=P len=0
PKT t=26448 RX ua=95 mt=R len=7
PKT t=26453 TX ua=95 mt=P len=0
PKT t=26462 RX ua=95 mt=R len=7
PKT t=26467 TX ua=95 mt=P len=0
PKT t=26496 RX ua=95 mt=R len=7
PKT t=26501 TX ua=95 mt=P len=0
PKT t=26510 RX ua=95 mt=R len=7
PKT t=26515 TX ua=95 mt=P len=0
PKT t=26524 RX ua=95 mt=R len=7
PKT t=26529 TX ua=95 mt=P len=0
PKT t=26538 RX ua=95 mt=R len=7
PKT t=26543 TX ua=95 mt=P len=0
PKT t=26552 RX ua=95 mt=R len=7
PKT t=26557 TX ua=95 mt=P len=0
PKT t=26566 RX ua=95 mt=R len=7
PKT t=26571 TX ua=95 mt=P len=0
PKT t=26600 RX ua=95 mt=R len=7
PKT t=26605 TX ua=95 mt=T len=7
PKT t=26618 TX ua=95 mt=P len=0
PKT t=26627 RX ua=95 mt=R len=7
PKT t=26632 TX ua=95 mt=P len=0
PKT t=26641 RX ua=95 mt=R len=7
PKT t=26646 TX ua=95 mt=P len=0
PKT t=26655 RX ua=95 mt=R len=7
PKT t=26660 TX ua=95 mt=P len=0
PKT t=26669 RX ua=95 mt=R len=7
PKT t=26674 TX ua=95 mt=P len=0
PKT t=26703 RX ua=95 mt=R len=7
PKT t=26708 TX ua=95 mt=P len=0
PKT t=26717 RX ua=95 mt=R len=7
PKT t=26722 TX ua=95 mt=P len=0
PKT t=26731 RX ua=95 mt=R len=7
PKT t=26736 TX ua=95 mt=P len=0
PKT t=26745 RX ua=95 mt=R len=7
PKT t=26750 TX ua=95 mt=P len=0
PKT t=26759 RX ua=95 mt=R len=7
PKT t=26764 TX ua=95 mt=P len=0
PKT t=26773 RX ua=95 mt=R len=7
PKT t=26778 TX ua=95 mt=P len=0
PKT t=26807 RX ua=95 mt=R len=7
PKT t=26812 TX ua=95 mt=P len=0
PKT t=26821 RX ua=95 mt=R len=7
PKT t=26826 TX ua=95 mt=P len=0
PKT t=26835 RX ua=95 mt=R len=7
PKT t=26840 TX ua=95 mt=P len=0
PKT t=26849 RX ua=95 mt=R len=7
PKT t=26854 TX ua=95 mt=T len=7
PKT t=26867 TX ua=95 mt=P len=0
PKT t=26876 RX ua=95 mt=R len=7
PKT t=26881 TX ua=95 mt=P len=0
PKT t=26910 RX ua=95 mt=R len=7
PKT t=26915 TX ua=95 mt=P len=0
PKT t=26924 RX ua=95 mt=R len=7
PKT t=26929 TX ua=95 mt=P len=0
PKT t=26938 RX ua=95 mt=R len=7
PKT t=26943 TX ua=95 mt=P len=0
PKT t=26952 RX ua=95 mt=R len=7
PKT t=26957 TX ua=95 mt=P len=0
PKT t=26966 RX ua=95 mt=R len=7
PKT t=26971 TX ua=95 mt=P len=0
PKT t=26980 RX ua=95 mt=R len=7
PKT t=26985 TX ua=95 mt=P len=0
PKT t=27014 RX ua=95 mt=R len=7
PKT t=27019 TX ua=95 mt=P len=0
PKT t=27028 RX ua=95 mt=R len=7
PKT t=27033 TX ua=95 mt=P len=0
PKT t=27042 RX ua=95 mt=R len=7
PKT t=27047 TX ua=95 mt=P len=0
PKT t=27056 RX ua=95 mt=R len=7
PKT t=27061 TX ua=95 mt=P len=0
PKT t=27070 RX ua=95 mt=R len=7
PKT t=27075 TX ua=95 mt=P len=0
PKT t=27084 RX ua=95 mt=R len=7
PKT t=27089 TX ua=95 mt=P len=0
PKT t=27118 RX ua=95 mt=R len=7
PKT t=27123 TX ua=95 mt=T len=7
PKT t=27135 TX ua=95 mt=P len=0
PKT t=27144 RX ua=95 mt=R len=7
PKT t=27149 TX ua=95 mt=P len=0
PKT t=27158 RX ua=95 mt=R len=7
PKT t=27163 TX ua=95 mt=P len=0
PKT t=27172 RX ua=95 mt=R len=7
PKT t=27177 TX ua=95 mt=P len=0
PKT t=27186 RX ua=95 mt=R len=7
PKT t=27191 TX ua=95 mt=P len=0
PKT t=27220 RX ua=95 mt=R len=7
PKT t=27225 TX ua=95 mt=P len=0
PKT t=27234 RX ua=95 mt=R len=7
PKT t=27239 TX ua=95 mt=P len=0
PKT t=27248 RX ua=95 mt=R len=7
PKT t=27253 TX ua=95 mt=P len=0
PKT t=27262 RX ua=95 mt=R len=7
PKT t=27267 TX ua=95 mt=P len=0
PKT t=27276 RX ua=95 mt=R len=7
PKT t=27281 TX ua=95 mt=P len=0
PKT t=27290 RX ua=95 mt=R len=7
PKT t=27295 TX ua=95 mt=P len=0
PKT t=27324 RX ua=95 mt=R len=7
PKT t=27329 TX ua=95 mt=P len=0
PKT t=27338 RX ua=95 mt=R len=7
PKT t=27343 TX ua=95 mt=P len=0
PKT t=27352 RX ua=95 mt=R len=7
PKT t=27357 TX ua=95 mt=T len=7
PKT t=27369 TX ua=95 mt=P len=0
PKT t=27379 RX ua=95 mt=R len=7
PKT t=27384 TX ua=95 mt=P len=0
PKT t=27394 RX ua=95 mt=R len=7
PKT t=27399 TX ua=95 mt=P len=0
PKT t=27428 RX ua=95 mt=R len=7
PKT t=27433 TX ua=95 mt=P len=0
PKT t=27443 RX ua=95 mt=R len=7
PKT t=27448 TX ua=95 mt=P len=0
PKT t=27458 RX ua=95 mt=R len=7
PKT t=27463 TX ua=95 mt=P len=0
PKT t=27473 RX ua=95 mt=R len=7
PKT t=27478 TX ua=95 mt=P len=0
PKT t=27488 RX ua=95 mt=R len=7
PKT t=27493 TX ua=95 mt=P len=0
PKT t=27503 RX ua=95 mt=R len=7
PKT t=27508 TX ua=95 mt=P len=0
PKT t=27537 RX ua=95 mt=R len=7
PKT t=27542 TX ua=95 mt=P len=0
PKT t=27552 RX ua=95 mt=R len=7
PKT t=27557 TX ua=95 mt=P len=0
PKT t=27568 RX ua=95 mt=R len=7
PKT t=27573 TX ua=95 mt=P len=0
PKT t=27583 RX ua=95 mt=R len=7
PKT t=27588 TX ua=95 mt=P len=0
PKT t=27598 RX ua=95 mt=R len=7
PKT t=27603 TX ua=95 mt=T len=7
PKT t=27615 TX ua=95 mt=P len=0
PKT t=27638 RX ua=95 mt=R len=7
PKT t=27643 TX ua=95 mt=P len=0
PKT t=27652 RX ua=95 mt=R len=7
PKT t=27657 TX ua=95 mt=P len=0
PKT t=27666 RX ua=95 mt=R len=7
PKT t=27671 TX ua=95 mt=P len=0
PKT t=27680 RX ua=95 mt=R len=7
PKT t=27685 TX ua=95 mt=P len=0
PKT t=27694 RX ua=95 mt=R len=7
PKT t=27699 TX ua=95 mt=P len=0
PKT t=27708 RX ua=95 mt=R len=7
PKT t=27713 TX ua=95 mt=P len=0
PKT t=27742 RX ua=95 mt=R len=7
PKT t=27747 TX ua=95 mt=P len=0
PKT t=27756 RX ua=95 mt=R len=7
PKT t=27761 TX ua=95 mt=P len=0
PKT t=27770 RX ua=95 mt=R len=7
PKT t=27775 TX ua=95 mt=P len=0
PKT t=27784 RX ua=95 mt=R len=7
PKT t=27789 TX ua=95 mt=P len=0
PKT t=27798 RX ua=95 mt=R len=7
PKT t=27803 TX ua=95 mt=P len=0
PKT t=27812 RX ua=95 mt=R len=7
PKT t=27817 TX ua=95 mt=P len=0
PKT t=27846 RX ua=95 mt=R len=7
PKT t=27851 TX ua=95 mt=T len=7
PKT t=27863 TX ua=95 mt=P len=0
PKT t=27872 RX ua=95 mt=R len=7
PKT t=27877 TX ua=95 mt=P len=0
PKT t=27886 RX ua=95 mt=R len=7
PKT t=27891 TX ua=95 mt=P len=0
PKT t=27900 RX ua=95 mt=R len=7
PKT t=27905 TX ua=95 mt=P len=0
PKT t=27914 RX ua=95 mt=R len=7
PKT t=27919 TX ua=95 mt=P len=0
PKT t=27948 RX ua=95 mt=R len=7
PKT t=27953 TX ua=95 mt=P len=0
PKT t=27962 RX ua=95 mt=R len=7
PKT t=27967 TX ua=95 mt=P len=0
PKT t=27976 RX ua=95 mt=R len=7
PKT t=27981 TX ua=95 mt=P len=0
PKT t=27990 RX ua=95 mt=R len=7
PKT t=27995 TX ua=95 mt=P len=0
PKT t=28004 RX ua=95 mt=R len=7
PKT t=28009 TX ua=95 mt=P len=0
PKT t=28018 RX ua=95 mt=R len=7
PKT t=28023 TX ua=95 mt=P len=0
PKT t=28052 RX ua=95 mt=R len=7
PKT t=28057 TX ua=95 mt=P len=0
PKT t=28066 RX ua=95 mt=R len=7
PKT t=28071 TX ua=95 mt=P len=0
PKT t=28080 RX ua=95 mt=R len=7
PKT t=28085 TX ua=95 mt=P len=0
PKT t=28094 RX ua=95 mt=R len=7
PKT t=28099 TX ua=95 mt=T len=7
PKT t=28111 TX ua=95 mt=P len=0
PKT t=28120 RX ua=95 mt=R len=7
PKT t=28125 TX ua=95 mt=P len=0
PKT t=28154 RX ua=95 mt=R len=7
PKT t=28159 TX ua=95 mt=P len=0
PKT t=28168 RX ua=95 mt=R len=7
PKT t=28173 TX ua=95 mt=P len=0
PKT t=28182 RX ua=95 mt=R len=7
PKT t=28187 TX ua=95 mt=P len=0
PKT t=28196 RX ua=95 mt=R len=7
PKT t=28201 TX ua=95 mt=P len=0
PKT t=28210 RX ua=95 mt=R len=7
PKT t=28215 TX ua=95 mt=P len=0
PKT t=28224 RX ua=95 mt=R len=7
PKT t=28229 TX ua=95 mt=P len=0
PKT t=28262 RX ua=95 mt=R len=7
PKT t=28267 TX ua=95 mt=P len=0
PKT t=28276 RX ua=95 mt=R len=7
PKT t=28281 TX ua=95 mt=P len=0
PKT t=28290 RX ua=95 mt=R len=7
PKT t=28295 TX ua=95 mt=P len=0
PKT t=28304 RX ua=95 mt=R len=7
PKT t=28309 TX ua=95 mt=P len=0
PKT t=28318 RX ua=95 mt=R len=7
PKT t=28323 TX ua=95 mt=P len=0
PKT t=28332 RX ua=95 mt=R len=7
PKT t=28337 TX ua=95 mt=P len=0
PKT t=28366 RX ua=95 mt=R len=7
PKT t=28371 TX ua=95 mt=T len=7
PKT t=28383 TX ua=95 mt=P len=0
PKT t=28392 RX ua=95 mt=R len=7
PKT t=28397 TX ua=95 mt=P len=0
PKT t=28406 RX ua=95 mt=R len=7
PKT t=28411 TX ua=95 mt=P len=0
PKT t=28420 RX ua=95 mt=R len=7
PKT t=28425 TX ua=95 mt=P len=0
PKT t=28434 RX ua=95 mt=R len=7
PKT t=28439 TX ua=95 mt=P len=0
PKT t=28468 RX ua=95 mt=R len=7
PKT t=28473 TX ua=95 mt=P len=0
PKT t=28482 RX ua=95 mt=R len=7
PKT t=28487 TX ua=95 mt=P len=0
PKT t=28496 RX ua=95 mt=R len=7
PKT t=28501 TX ua=95 mt=P len=0
PKT t=28510 RX ua=95 mt=R len=7
PKT t=28515 TX ua=95 mt=P len=0
PKT t=28524 RX ua=95 mt=R len=7
PKT t=28529 TX ua=95 mt=P len=0
PKT t=28538 RX ua=95 mt=R len=7
PKT t=28543 TX ua=95 mt=P len=0
PKT t=28572 RX ua=95 mt=R len=7
PKT t=28577 TX ua=95 mt=P len=0
PKT t=28586 RX ua=95 mt=R len=7
PKT t=28591 TX ua=95 mt=P len=0
PKT t=28600 RX ua=95 mt=R len=7
PKT t=28605 TX ua=95 mt=T len=7
PKT t=28617 TX ua=95 mt=P len=0
PKT t=28626 RX ua=95 mt=R len=7
PKT t=28631 TX ua=95 mt=P len=0
PKT t=28640 RX ua=95 mt=R len=7
PKT t=28645 TX ua=95 mt=P len=0
PKT t=28674 RX ua=95 mt=R len=7
PKT t=28679 TX ua=95 mt=P len=0
PKT t=28688 RX ua=95 mt=R len=7
PKT t=28693 TX ua=95 mt=P len=0
PKT t=28702 RX ua=95 mt=R len=7
PKT t=28707 TX ua=95 mt=P len=0
PKT t=28716 RX ua=95 mt=R len=7
PKT t=28721 TX ua=95 mt=P len=0
PKT t=28730 RX ua=95 mt=R len=7
PKT t=28735 TX ua=95 mt=P len=0
PKT t=28744 RX ua=95 mt=R len=7
PKT t=28749 TX ua=95 mt=P len=0
PKT t=28778 RX ua=95 mt=R len=7
PKT t=28783 TX ua=95 mt=P len=0
PKT t=28792 RX ua=95 mt=R len=7
PKT t=28797 TX ua=95 mt=P len=0
PKT t=28806 RX ua=95 mt=R len=7
PKT t=28811 TX ua=95 mt=P len=0
PKT t=28820 RX ua=95 mt=R len=7
PKT t=28825 TX ua=95 mt=P len=0
PKT t=28834 RX ua=95 mt=R len=7
PKT t=28839 TX ua=95 mt=P len=0
PKT t=28848 RX ua=95 mt=R len=7
PKT t=28853 TX ua=95 mt=T len=7
PKT t=28865 TX ua=95 mt=P len=0
PKT t=28884 RX ua=95 mt=R len=7
PKT t=28889 TX ua=95 mt=P len=0
PKT t=28898 RX ua=95 mt=R len=7
PKT t=28903 TX ua=95 mt=P len=0
PKT t=28912 RX ua=95 mt=R len=7
PKT t=28917 TX ua=95 mt=P len=0
PKT t=28927 RX ua=95 mt=R len=7
PKT t=28932 TX ua=95 mt=P len=0
PKT t=28941 RX ua=95 mt=R len=7
PKT t=28946 TX ua=95 mt=P len=0
PKT t=28955 RX ua=95 mt=R len=7
PKT t=28960 TX ua=95 mt=P len=0
PKT t=28989 RX ua=95 mt=R len=7
PKT t=28994 TX ua=95 mt=P len=0
PKT t=29003 RX ua=95 mt=R len=7
PKT t=29008 TX ua=95 mt=P len=0
PKT t=29017 RX ua=95 mt=R len=7
PKT t=29022 TX ua=95 mt=P len=0
PKT t=29031 RX ua=95 mt=R len=7
PKT t=29036 TX ua=95 mt=P len=0
PKT t=29045 RX ua=95 mt=R len=7
PKT t=29050 TX ua=95 mt=P len=0
PKT t=29059 RX ua=95 mt=R len=7
PKT t=29064 TX ua=95 mt=P len=0
PKT t=29093 RX ua=95 mt=R len=7
PKT t=29098 TX ua=95 mt=T len=7
PKT t=29111 TX ua=95 mt=P len=0
PKT t=29120 RX ua=95 mt=R len=7
PKT t=29125 TX ua=95 mt=P len=0
PKT t=29134 RX ua=95 mt=R len=7
PKT t=29139 TX ua=95 mt=P len=0
PKT t=29148 RX ua=95 mt=R len=7
PKT t=29153 TX ua=95 mt=P len=0
PKT t=29162 RX ua=95 mt=R len=7
PKT t=29167 TX ua=95 mt=P len=0
PKT t=29196 RX ua=95 mt=R len=7
PKT t=29201 TX ua=95 mt=P len=0
PKT t=29210 RX ua=95 mt=R len=7
PKT t=29215 TX ua=95 mt=P len=0
PKT t=29224 RX ua=95 mt=R len=7
PKT t=29229 TX ua=95 mt=P len=0
PKT t=29238 RX ua=95 mt=R len=7
PKT t=29243 TX ua=95 mt=P len=0
PKT t=29252 RX ua=95 mt=R len=7
PKT t=29257 TX ua=95 mt=P len=0
PKT t=29266 RX ua=95 mt=R len=7
PKT t=29271 TX ua=95 mt=P len=0
PKT t=29300 RX ua=95 mt=R len=7
PKT t=29305 TX ua=95 mt=P len=0
PKT t=29314 RX ua=95 mt=R len=7
PKT t=29319 TX ua=95 mt=P len=0
PKT t=29328 RX ua=95 mt=R len=7
PKT t=29333 TX ua=95 mt=P len=0
PKT t=29342 RX ua=95 mt=R len=7
PKT t=29347 TX ua=95 mt=T len=7
PKT t=29360 TX ua=95 mt=P len=0
PKT t=29370 RX ua=95 mt=R len=7
PKT t=29375 TX ua=95 mt=P len=0
PKT t=29404 RX ua=95 mt=R len=7
PKT t=29409 TX ua=95 mt=P len=0
PKT t=29419 RX ua=95 mt=R len=7
PKT t=29424 TX ua=95 mt=P len=0
PKT t=29434 RX ua=95 mt=R len=7
PKT t=29439 TX ua=95 mt=P len=0
PKT t=29449 RX ua=95 mt=R len=7
PKT t=29454 TX ua=95 mt=P len=0
PKT t=29464 RX ua=95 mt=R len=7
PKT t=29469 TX ua=95 mt=P len=0
PKT t=29479 RX ua=95 mt=R len=7
PKT t=29484 TX ua=95 mt=P len=0
PKT t=29513 RX ua=95 mt=R len=7
PKT t=29518 TX ua=95 mt=P len=0
PKT t=29528 RX ua=95 mt=R len=7
PKT t=29533 TX ua=95 mt=P len=0
PKT t=29543 RX ua=95 mt=R len=7
PKT t=29548 TX ua=95 mt=P len=0
PKT t=29558 RX ua=95 mt=R len=7
PKT t=29563 TX ua=95 mt=P len=0
PKT t=29573 RX ua=95 mt=R len=7
PKT t=29578 TX ua=95 mt=P len=0
PKT t=29588 RX ua=95 mt=R len=7
PKT t=29593 TX ua=95 mt=P len=0
PKT t=29622 RX ua=95 mt=R len=7
PKT t=29627 TX ua=95 mt=T len=7
PKT t=29640 TX ua=95 mt=P len=0
PKT t=29649 RX ua=95 mt=R len=7
PKT t=29654 TX ua=95 mt=P len=0
PKT t=29663 RX ua=95 mt=R len=7
PKT t=29668 TX ua=95 mt=P len=0
PKT t=29677 RX ua=95 mt=R len=7
PKT t=29682 TX ua=95 mt=P len=0
PKT t=29691 RX ua=95 mt=R len=7
PKT t=29696 TX ua=95 mt=P len=0
PKT t=29725 RX ua=95 mt=R len=7
PKT t=29730 TX ua=95 mt=P len=0
PKT t=29739 RX ua=95 mt=R len=7
PKT t=29744 TX ua=95 mt=P len=0
PKT t=29753 RX ua=95 mt=R len=7
PKT t=29758 TX ua=95 mt=P len=0
PKT t=29767 RX ua=95 mt=R len=7
PKT t=29772 TX ua=95 mt=P len=0
PKT t=29781 RX ua=95 mt=R len=7
PKT t=29786 TX ua=95 mt=P len=0
PKT t=29795 RX ua=95 mt=R len=7
PKT t=29800 TX ua=95 mt=P len=0
PKT t=29829 RX ua=95 mt=R len=7
PKT t=29834 TX ua=95 mt=P len=0
PKT t=29843 RX ua=95 mt=R len=7
PKT t=29848 TX ua=95 mt=T len=7
PKT t=29861 TX ua=95 mt=P len=0
PKT t=29870 RX ua=95 mt=R len=7
PKT t=29875 TX ua=95 mt=P len=0
PKT t=29884 RX ua=95 mt=R len=7
PKT t=29889 TX ua=95 mt=P len=0
PKT t=29898 RX ua=95 mt=R len=7
PKT t=29903 TX ua=95 mt=P len=0
PKT t=29932 RX ua=95 mt=R len=7
PKT t=29937 TX ua=95 mt=P len=0
PKT t=29946 RX ua=95 mt=R len=7
PKT t=29951 TX ua=95 mt=P len=0
PKT t=29960 RX ua=95 mt=R len=7
PKT t=29965 TX ua=95 mt=P len=0
PKT t=29974 RX ua=95 mt=R len=7
PKT t=29979 TX ua=95 mt=P len=0
PKT t=29988 RX ua=95 mt=R len=7
PKT t=29993 TX ua=95 mt=P len=0
PKT t=30002 RX ua=95 mt=R len=7
PKT t=30007 TX ua=95 mt=P len=0
PKT t=30036 RX ua=95 mt=R len=7
PKT t=30041 TX ua=95 mt=P len=0
PKT t=30050 RX ua=95 mt=R len=7
PKT t=30055 TX ua=95 mt=P len=0
PKT t=30064 RX ua=95 mt=R len=7
PKT t=30069 TX ua=95 mt=P len=0
PKT t=30078 RX ua=95 mt=R len=7
PKT t=30083 TX ua=95 mt=P len=0
PKT t=30092 RX ua=95 mt=R len=7
PKT t=30097 TX ua=95 mt=T len=7
PKT t=30109 TX ua=95 mt=P len=0
PKT t=30137 RX ua=95 mt=R len=7
PKT t=30142 TX ua=95 mt=P len=0
PKT t=30151 RX ua=95 mt=R len=7
PKT t=30156 TX ua=95 mt=P len=0
PKT t=30165 RX ua=95 mt=R len=7
PKT t=30170 TX ua=95 mt=P len=0
PKT t=30179 RX ua=95 mt=R len=7
PKT t=30184 TX ua=95 mt=P len=0
PKT t=30193 RX ua=95 mt=R len=7
PKT t=30198 TX ua=95 mt=P len=0
PKT t=30207 RX ua=95 mt=R len=7
PKT t=30212 TX ua=95 mt=P len=0
PKT t=30241 RX ua=95 mt=R len=7
PKT t=30246 TX ua=95 mt=P len=0
PKT t=30255 RX ua=95 mt=R len=7
PKT t=30260 TX ua=95 mt=P len=0
PKT t=30269 RX ua=95 mt=R len=7
PKT t=30274 TX ua=95 mt=P len=0
PKT t=30283 RX ua=95 mt=R len=7
PKT t=30288 TX ua=95 mt=P len=0
PKT t=30297 RX ua=95 mt=R len=7
PKT t=30302 TX ua=95 mt=P len=0
PKT t=30311 RX ua=95 mt=R len=7
PKT t=30316 TX ua=95 mt=P len=0
PKT t=30345 RX ua=95 mt=R len=7
PKT t=30350 TX ua=95 mt=T len=7
PKT t=30362 TX ua=95 mt=P len=0
PKT t=30371 RX ua=95 mt=R len=7
PKT t=30376 TX ua=95 mt=P len=0
PKT t=30385 RX ua=95 mt=R len=7
PKT t=30390 TX ua=95 mt=P len=0
PKT t=30399 RX ua=95 mt=R len=7
PKT t=30404 TX ua=95 mt=P len=0
PKT t=30413 RX ua=95 mt=R len=7
PKT t=30418 TX ua=95 mt=P len=0
PKT t=30448 RX ua=95 mt=R len=7
PKT t=30453 TX ua=95 mt=P len=0
PKT t=30462 RX ua=95 mt=R len=7
PKT t=30467 TX ua=95 mt=P len=0
PKT t=30476 RX ua=95 mt=R len=7
PKT t=30481 TX ua=95 mt=P len=0
PKT t=30490 RX ua=95 mt=R len=7
PKT t=30495 TX ua=95 mt=P len=0
PKT t=30504 RX ua=95 mt=R len=7
PKT t=30509 TX ua=95 mt=P len=0
PKT t=30518 RX ua=95 mt=R len=7
PKT t=30523 TX ua=95 mt=P len=0
PKT t=30552 RX ua=95 mt=R len=7
PKT t=30557 TX ua=95 mt=P len=0
PKT t=30566 RX ua=95 mt=R len=7
PKT t=30571 TX ua=95 mt=P len=0
PKT t=30580 RX ua=95 mt=R len=7
PKT t=30585 TX ua=95 mt=P len=0
PKT t=30594 RX ua=95 mt=R len=7
PKT t=30599 TX ua=95 mt=T len=7
PKT t=30611 TX ua=95 mt=P len=0
PKT t=30620 RX ua=95 mt=R len=7
PKT t=30625 TX ua=95 mt=P len=0
PKT t=30654 RX ua=95 mt=R len=7
PKT t=30659 TX ua=95 mt=P len=0
PKT t=30668 RX ua=95 mt=R len=7
PKT t=30673 TX ua=95 mt=P len=0
PKT t=30682 RX ua=95 mt=R len=7
PKT t=30687 TX ua=95 mt=P len=0
PKT t=30696 RX ua=95 mt=R len=7
PKT t=30701 TX ua=95 mt=P len=0
PKT t=30710 RX ua=95 mt=R len=7
PKT t=30715 TX ua=95 mt=P len=0
PKT t=30724 RX ua=95 mt=R len=7
PKT t=30729 TX ua=95 mt=P len=0
PKT t=30758 RX ua=95 mt=R len=7
PKT t=30763 TX ua=95 mt=P len=0
PKT t=30772 RX ua=95 mt=R len=7
PKT t=30777 TX ua=95 mt=P len=0
PKT t=30786 RX ua=95 mt=R len=7
PKT t=30791 TX ua=95 mt=P len=0
PKT t=30800 RX ua=95 mt=R len=7
PKT t=30805 TX ua=95 mt=P len=0
PKT t=30814 RX ua=95 mt=R len=7
PKT t=30819 TX ua=95 mt=P len=0
PKT t=30828 RX ua=95 mt=R len=7
PKT t=30833 TX ua=95 mt=P len=0
PKT t=30862 RX ua=95 mt=R len=7
PKT t=30867 TX ua=95 mt=T len=7
PKT t=30879 TX ua=95 mt=P len=0
PKT t=30888 RX ua=95 mt=R len=7
PKT t=30893 TX ua=95 mt=P len=0
PKT t=30902 RX ua=95 mt=R len=7
PKT t=30907 TX ua=95 mt=P len=0
PKT t=30916 RX ua=95 mt=R len=7
PKT t=30921 TX ua=95 mt=P len=0
PKT t=30930 RX ua=95 mt=R len=7
PKT t=30935 TX ua=95 mt=P len=0
PKT t=30964 RX ua=95 mt=R len=7
PKT t=30969 TX ua=95 mt=P len=0
PKT t=30978 RX ua=95 mt=R len=7
PKT t=30983 TX ua=95 mt=P len=0
PKT t=30992 RX ua=95 mt=R len=7
PKT t=30997 TX ua=95 mt=P len=0
PKT t=31006 RX ua=95 mt=R len=7
PKT t=31011 TX ua=95 mt=P len=0
PKT t=31020 RX ua=95 mt=R len=7
PKT t=31025 TX ua=95 mt=P len=0
PKT t=31034 RX ua=95 mt=R len=7
PKT t=31039 TX ua=95 mt=P len=0
PKT t=31068 RX ua=95 mt=R len=7
PKT t=31073 TX ua=95 mt=P len=0
PKT t=31082 RX ua=95 mt=R len=7
PKT t=31087 TX ua=95 mt=P len=0
PKT t=31096 RX ua=95 mt=R len=7
PKT t=31101 TX ua=95 mt=T len=7
PKT t=31113 TX ua=95 mt=P len=0
PKT t=31122 RX ua=95 mt=R len=7
PKT t=31127 TX ua=95 mt=P len=0
PKT t=31136 RX ua=95 mt=R len=7
PKT t=31141 TX ua=95 mt=P len=0
PKT t=31170 RX ua=95 mt=R len=7
PKT t=31175 TX ua=95 mt=P len=0
PKT t=31184 RX ua=95 mt=R len=7
PKT t=31189 TX ua=95 mt=P len=0
PKT t=31198 RX ua=95 mt=R len=7
PKT t=31203 TX ua=95 mt=P len=0
PKT t=31212 RX ua=95 mt=R len=7
PKT t=31217 TX ua=95 mt=P len=0
PKT t=31226 RX ua=95 mt=R len=7
PKT t=31231 TX ua=95 mt=P len=0
PKT t=31240 RX ua=95 mt=R len=7
PKT t=31245 TX ua=95 mt=P len=0
PKT t=31274 RX ua=95 mt=R len=7
PKT t=31279 TX ua=95 mt=P len=0
PKT t=31288 RX ua=95 mt=R len=7
PKT t=31293 TX ua=95 mt=P len=0
PKT t=31302 RX ua=95 mt=R len=7
PKT t=31307 TX ua=95 mt=P len=0
PKT t=31316 RX ua=95 mt=R len=7
PKT t=31321 TX ua=95 mt=P len=0
PKT t=31330 RX ua=95 mt=R len=7
PKT t=31335 TX ua=95 mt=P len=0
PKT t=31344 RX ua=95 mt=R len=7
PKT t=31349 TX ua=95 mt=T len=7
PKT t=31361 TX ua=95 mt=P len=0
PKT t=31380 RX ua=95 mt=R len=7
PKT t=31385 TX ua=95 mt=P len=0
PKT t=31395 RX ua=95 mt=R len=7
PKT t=31400 TX ua=95 mt=P len=0
PKT t=31410 RX ua=95 mt=R len=7
PKT t=31415 TX ua=95 mt=P len=0
PKT t=31425 RX ua=95 mt=R len=7
PKT t=31430 TX ua=95 mt=P len=0
PKT t=31440 RX ua=95 mt=R len=7
PKT t=31445 TX ua=95 mt=P len=0
PKT t=31477 RX ua=95 mt=R len=7
PKT t=31482 TX ua=95 mt=P len=0
PKT t=31492 RX ua=95 mt=R len=7
PKT t=31497 TX ua=95 mt=P len=0
PKT t=31507 RX ua=95 mt=R len=7
PKT t=31512 TX ua=95 mt=P len=0
PKT t=31522 RX ua=95 mt=R len=7
PKT t=31527 TX ua=95 mt=P len=0
PKT t=31537 RX ua=95 mt=R len=7
PKT t=31542 TX ua=95 mt=P len=0
PKT t=31552 RX ua=95 mt=R len=7
PKT t=31557 TX ua=95 mt=P len=0
PKT t=31586 RX ua=95 mt=R len=7
PKT t=31591 TX ua=95 mt=P len=0
PKT t=31601 RX ua=95 mt=R len=7
PKT t=31606 TX ua=95 mt=T len=7
PKT t=31618 TX ua=95 mt=P len=0
PKT t=31627 RX ua=95 mt=R len=7
PKT t=31632 TX ua=95 mt=P len=0
PKT t=31641 RX ua=95 mt=R len=7
PKT t=31646 TX ua=95 mt=P len=0
PKT t=31655 RX ua=95 mt=R len=7
PKT t=31660 TX ua=95 mt=P len=0
PKT t=31689 RX ua=95 mt=R len=7
PKT t=31694 TX ua=95 mt=P len=0
PKT t=31703 RX ua=95 mt=R len=7
PKT t=31708 TX ua=95 mt=P len=0
PKT t=31717 RX ua=95 mt=R len=7
PKT t=31722 TX ua=95 mt=P len=0
PKT t=31731 RX ua=95 mt=R len=7
PKT t=31736 TX ua=95 mt=P len=0
PKT t=31745 RX ua=95 mt=R len=7
PKT t=31750 TX ua=95 mt=P len=0
PKT t=31759 RX ua=95 mt=R len=7
PKT t=31764 TX ua=95 mt=P len=0
PKT t=31793 RX ua=95 mt=R len=7
PKT t=31798 TX ua=95 mt=P len=0
PKT t=31807 RX ua=95 mt=R len=7
PKT t=31812 TX ua=95 mt=P len=0
PKT t=31821 RX ua=95 mt=R len=7
PKT t=31826 TX ua=95 mt=P len=0
PKT t=31835 RX ua=95 mt=R len=7
PKT t=31840 TX ua=95 mt=P len=0
PKT t=31849 RX ua=95 mt=R len=7
PKT t=31854 TX ua=95 mt=T len=7
PKT t=31866 TX ua=95 mt=P len=0
PKT t=31894 RX ua=95 mt=R len=7
PKT t=31899 TX ua=95 mt=P len=0
PKT t=31908 RX ua=95 mt=R len=7
PKT t=31913 TX ua=95 mt=P len=0
PKT t=31922 RX ua=95 mt=R len=7
PKT t=31927 TX ua=95 mt=P len=0
PKT t=31936 RX ua=95 mt=R len=7
PKT t=31941 TX ua=95 mt=P len=0
PKT t=31950 RX ua=95 mt=R len=7
PKT t=31955 TX ua=95 mt=P len=0
PKT t=31964 RX ua=95 mt=R len=7
PKT t=31969 TX ua=95 mt=P len=0
PKT t=31998 RX ua=95 mt=R len=7
PKT t=32003 TX ua=95 mt=P len=0
PKT t=32012 RX ua=95 mt=R len=7
PKT t=32020 TX ua=95 mt=P len=0
PKT t=32029 RX ua=95 mt=R len=7
PKT t=32034 TX ua=95 mt=P len=0
PKT t=32043 RX ua=95 mt=R len=7
PKT t=32048 TX ua=95 mt=P len=0
PKT t=32057 RX ua=95 mt=R len=7
PKT t=32062 TX ua=95 mt=P len=0
PKT t=32071 RX ua=95 mt=R len=7
PKT t=32076 TX ua=95 mt=P len=0
PKT t=32105 RX ua=95 mt=R len=7
PKT t=32110 TX ua=95 mt=T len=7
PKT t=32122 TX ua=95 mt=P len=0
PKT t=32131 RX ua=95 mt=R len=7
PKT t=32136 TX ua=95 mt=P len=0
PKT t=32145 RX ua=95 mt=R len=7
PKT t=32150 TX ua=95 mt=P len=0
PKT t=32159 RX ua=95 mt=R len=7
PKT t=32164 TX ua=95 mt=P len=0
PKT t=32173 RX ua=95 mt=R len=7
PKT t=32178 TX ua=95 mt=P len=0
PKT t=32208 RX ua=95 mt=R len=7
PKT t=32213 TX ua=95 mt=P len=0
PKT t=32222 RX ua=95 mt=R len=7
PKT t=32227 TX ua=95 mt=P len=0
PKT t=32237 RX ua=95 mt=R len=7
PKT t=32242 TX ua=95 mt=P len=0
PKT t=32251 RX ua=95 mt=R len=7
PKT t=32256 TX ua=95 mt=P len=0
PKT t=32267 RX ua=95 mt=R len=7
PKT t=32272 TX ua=95 mt=P len=0
PKT t=32281 RX ua=95 mt=R len=7
PKT t=32286 TX ua=95 mt=P len=0
PKT t=32315 RX ua=95 mt=R len=7
PKT t=32320 TX ua=95 mt=P len=0
PKT t=32329 RX ua=95 mt=R len=7
PKT t=32334 TX ua=95 mt=P len=0
PKT t=32343 RX ua=95 mt=R len=7
PKT t=32348 TX ua=95 mt=T len=7
PKT t=32360 TX ua=95 mt=P len=0
PKT t=32369 RX ua=95 mt=R len=7
PKT t=32374 TX ua=95 mt=P len=0
PKT t=32383 RX ua=95 mt=R len=7
PKT t=32388 TX ua=95 mt=P len=0
PKT t=32417 RX ua=95 mt=R len=7
PKT t=32422 TX ua=95 mt=P len=0
PKT t=32431 RX ua=95 mt=R len=7
PKT t=32436 TX ua=95 mt=P len=0
PKT t=32445 RX ua=95 mt=R len=7
PKT t=32450 TX ua=95 mt=P len=0
PKT t=32459 RX ua=95 mt=R len=7
PKT t=32464 TX ua=95 mt=P len=0
PKT t=32473 RX ua=95 mt=R len=7
PKT t=32478 TX ua=95 mt=P len=0
PKT t=32487 RX ua=95 mt=R len=7
PKT t=32492 TX ua=95 mt=P len=0
PKT t=32521 RX ua=95 mt=R len=7
PKT t=32526 TX ua=95 mt=P len=0
PKT t=32535 RX ua=95 mt=R len=7
PKT t=32540 TX ua=95 mt=P len=0
PKT t=32549 RX ua=95 mt=R len=7
PKT t=32554 TX ua=95 mt=P len=0
PKT t=32563 RX ua=95 mt=R len=7
PKT t=32568 TX ua=95 mt=P len=0
PKT t=32577 RX ua=95 mt=R len=7
PKT t=32582 TX ua=95 mt=P len=0
PKT t=32591 RX ua=95 mt=R len=7
PKT t=32596 TX ua=95 mt=P len=0
PKT t=32625 RX ua=95 mt=R len=7
PKT t=32630 TX ua=95 mt=T len=7
PKT t=32642 TX ua=95 mt=P len=0
PKT t=32651 RX ua=95 mt=R len=7
PKT t=32656 TX ua=95 mt=P len=0
PKT t=32665 RX ua=95 mt=R len=7
PKT t=32670 TX ua=95 mt=P len=0
PKT t=32679 RX ua=95 mt=R len=7
PKT t=32684 TX ua=95 mt=P len=0
PKT t=32693 RX ua=95 mt=R len=7
PKT t=32698 TX ua=95 mt=P len=0
PKT t=32727 RX ua=95 mt=R len=7
PKT t=32732 TX ua=95 mt=P len=0
PKT t=32741 RX ua=95 mt=R len=7
PKT t=32746 TX ua=95 mt=P len=0
PKT t=32755 RX ua=95 mt=R len=7
PKT t=32760 TX ua=95 mt=P len=0
PKT t=32769 RX ua=95 mt=R len=7
PKT t=32774 TX ua=95 mt=P len=0
PKT t=32783 RX ua=95 mt=R len=7
PKT t=32788 TX ua=95 mt=P len=0
PKT t=32797 RX ua=95 mt=R len=7
PKT t=32802 TX ua=95 mt=P len=0
PKT t=32831 RX ua=95 mt=R len=7
PKT t=32836 TX ua=95 mt=P len=0
PKT t=32845 RX ua=95 mt=R len=7
PKT t=32850 TX ua=95 mt=T len=7
PKT t=32862 TX ua=95 mt=P len=0
PKT t=32871 RX ua=95 mt=R len=7
PKT t=32876 TX ua=95 mt=P len=0
PKT t=32885 RX ua=95 mt=R len=7
PKT t=32890 TX ua=95 mt=P len=0
PKT t=32899 RX ua=95 mt=R len=7
PKT t=32904 TX ua=95 mt=P len=0
PKT t=32933 RX ua=95 mt=R len=7
PKT t=32938 TX ua=95 mt=P len=0
PKT t=32947 RX ua=95 mt=R len=7
PKT t=32952 TX ua=95 mt=P len=0
PKT t=32961 RX ua=95 mt=R len=7
PKT t=32966 TX ua=95 mt=P len=0
PKT t=32975 RX ua=95 mt=R len=7
PKT t=32980 TX ua=95 mt=P len=0
PKT t=32989 RX ua=95 mt=R len=7
PKT t=32994 TX ua=95 mt=P len=0
PKT t=33003 RX ua=95 mt=R len=7
PKT t=33008 TX ua=95 mt=P len=0
PKT t=33037 RX ua=95 mt=R len=7
PKT t=33042 TX ua=95 mt=P len=0
PKT t=33051 RX ua=95 mt=R len=7
PKT t=33056 TX ua=95 mt=P len=0
PKT t=33065 RX ua=95 mt=R len=7
PKT t=33070 TX ua=95 mt=P len=0
PKT t=33079 RX ua=95 mt=R len=7
PKT t=33084 TX ua=95 mt=P len=0
PKT t=33093 RX ua=95 mt=R len=7
PKT t=33098 TX ua=95 mt=T len=7
PKT t=33110 TX ua=95 mt=P len=0
PKT t=33138 RX ua=95 mt=R len=7
PKT t=33143 TX ua=95 mt=P len=0
PKT t=33152 RX ua=95 mt=R len=7
PKT t=33157 TX ua=95 mt=P len=0
PKT t=33166 RX ua=95 mt=R len=7
PKT t=33171 TX ua=95 mt=P len=0
PKT t=33180 RX ua=95 mt=R len=7
PKT t=33185 TX ua=95 mt=P len=0
PKT t=33194 RX ua=95 mt=R len=7
PKT t=33199 TX ua=95 mt=P len=0
PKT t=33208 RX ua=95 mt=R len=7
PKT t=33213 TX ua=95 mt=P len=0
PKT t=33242 RX ua=95 mt=R len=7
PKT t=33247 TX ua=95 mt=P len=0
PKT t=33256 RX ua=95 mt=R len=7
PKT t=33261 TX ua=95 mt=P len=0
PKT t=33270 RX ua=95 mt=R len=7
PKT t=33275 TX ua=95 mt=P len=0
PKT t=33284 RX ua=95 mt=R len=7
PKT t=33289 TX ua=95 mt=P len=0
PKT t=33298 RX ua=95 mt=R len=7
PKT t=33303 TX ua=95 mt=P len=0
PKT t=33312 RX ua=95 mt=R len=7
PKT t=33317 TX ua=95 mt=P len=0
PKT t=33346 RX ua=95 mt=R len=7
PKT t=33351 TX ua=95 mt=T len=7
PKT t=33363 TX ua=95 mt=P len=0
PKT t=33373 RX ua=95 mt=R len=7
PKT t=33378 TX ua=95 mt=P len=0
PKT t=33388 RX ua=95 mt=R len=7
PKT t=33393 TX ua=95 mt=P len=0
PKT t=33403 RX ua=95 mt=R len=7
PKT t=33408 TX ua=95 mt=P len=0
PKT t=33418 RX ua=95 mt=R len=7
PKT t=33423 TX ua=95 mt=P len=0
PKT t=33452 RX ua=95 mt=R len=7
PKT t=33457 TX ua=95 mt=P len=0
PKT t=33467 RX ua=95 mt=R len=7
PKT t=33472 TX ua=95 mt=P len=0
PKT t=33482 RX ua=95 mt=R len=7
PKT t=33487 TX ua=95 mt=P len=0
PKT t=33497 RX ua=95 mt=R len=7
PKT t=33502 TX ua=95 mt=P len=0
PKT t=33512 RX ua=95 mt=R len=7
PKT t=33517 TX ua=95 mt=P len=0
PKT t=33527 RX ua=95 mt=R len=7
PKT t=33532 TX ua=95 mt=P len=0
PKT t=33561 RX ua=95 mt=R len=7
PKT t=33566 TX ua=95 mt=P len=0
PKT t=33576 RX ua=95 mt=R len=7
PKT t=33581 TX ua=95 mt=P len=0
PKT t=33591 RX ua=95 mt=R len=7
PKT t=33596 TX ua=95 mt=P len=0
PKT t=33606 RX ua=95 mt=R len=7
PKT t=33611 TX ua=95 mt=T len=7
PKT t=33623 TX ua=95 mt=P len=0
PKT t=33632 RX ua=95 mt=R len=7
PKT t=33637 TX ua=95 mt=P len=0
PKT t=33666 RX ua=95 mt=R len=7
PKT t=33671 TX ua=95 mt=P len=0
PKT t=33680 RX ua=95 mt=R len=7
PKT t=33685 TX ua=95 mt=P len=0
PKT t=33694 RX ua=95 mt=R len=7
PKT t=33699 TX ua=95 mt=P len=0
PKT t=33708 RX ua=95 mt=R len=7
PKT t=33713 TX ua=95 mt=P len=0
PKT t=33722 RX ua=95 mt=R len=7
PKT t=33727 TX ua=95 mt=P len=0
PKT t=33736 RX ua=95 mt=R len=7
PKT t=33741 TX ua=95 mt=P len=0
PKT t=33770 RX ua=95 mt=R len=7
PKT t=33775 TX ua=95 mt=P len=0
PKT t=33784 RX ua=95 mt=R len=7
PKT t=33789 TX ua=95 mt=P len=0
PKT t=33798 RX ua=95 mt=R len=7
PKT t=33803 TX ua=95 mt=P len=0
PKT t=33812 RX ua=95 mt=R len=7
PKT t=33817 TX ua=95 mt=P len=0
PKT t=33826 RX ua=95 mt=R len=7
PKT t=33831 TX ua=95 mt=P len=0
PKT t=33840 RX ua=95 mt=R len=7
PKT t=33845 TX ua=95 mt=P len=0
PKT t=33874 RX ua=95 mt=R len=7
PKT t=33879 TX ua=95 mt=T len=7
PKT t=33891 TX ua=95 mt=P len=0
PKT t=33900 RX ua=95 mt=R len=7
PKT t=33905 TX ua=95 mt=P len=0
PKT t=33914 RX ua=95 mt=R len=7
PKT t=33919 TX ua=95 mt=P len=0
PKT t=33928 RX ua=95 mt=R len=7
PKT t=33933 TX ua=95 mt=P len=0
PKT t=33942 RX ua=95 mt=R len=7
PKT t=33947 TX ua=95 mt=P len=0
PKT t=33976 RX ua=95 mt=R len=7
PKT t=33981 TX ua=95 mt=P len=0
PKT t=33990 RX ua=95 mt=R len=7
PKT t=33995 TX ua=95 mt=P len=0
PKT t=34004 RX ua=95 mt=R len=7
PKT t=34009 TX ua=95 mt=P len=0
PKT t=34021 RX ua=95 mt=R len=7
PKT t=34026 TX ua=95 mt=P len=0
PKT t=34035 RX ua=95 mt=R len=7
PKT t=34040 TX ua=95 mt=P len=0
PKT t=34049 RX ua=95 mt=R len=7
PKT t=34054 TX ua=95 mt=P len=0
PKT t=34083 RX ua=95 mt=R len=7
PKT t=34088 TX ua=95 mt=P len=0
PKT t=34097 RX ua=95 mt=R len=7
PKT t=34102 TX ua=95 mt=T len=7
PKT t=34115 TX ua=95 mt=P len=0
PKT t=34124 RX ua=95 mt=R len=7
PKT t=34129 TX ua=95 mt=T len=7
PKT t=34142 TX ua=95 mt=P len=0
PKT t=34151 RX ua=95 mt=R len=7
PKT t=34156 TX ua=95 mt=P len=0
PKT t=34185 RX ua=95 mt=R len=7
PKT t=34190 TX ua=95 mt=P len=0
PKT t=34199 RX ua=95 mt=R len=7
PKT t=34204 TX ua=95 mt=P len=0
PKT t=34213 RX ua=95 mt=R len=7
PKT t=34218 TX ua=95 mt=P len=0
PKT t=34227 RX ua=95 mt=R len=7
PKT t=34232 TX ua=95 mt=P len=0
PKT t=34241 RX ua=95 mt=R len=7
PKT t=34246 TX ua=95 mt=P len=0
PKT t=34255 RX ua=95 mt=R len=7
PKT t=34260 TX ua=95 mt=P len=0
PKT t=34293 RX ua=95 mt=R len=7
PKT t=34298 TX ua=95 mt=P len=0
PKT t=34307 RX ua=95 mt=R len=7
PKT t=34312 TX ua=95 mt=P len=0
PKT t=34321 RX ua=95 mt=R len=7
PKT t=34326 TX ua=95 mt=P len=0
PKT t=34335 RX ua=95 mt=R len=7
PKT t=34340 TX ua=95 mt=P len=0
PKT t=34349 RX ua=95 mt=R len=7
PKT t=34354 TX ua=95 mt=T len=7
PKT t=34367 TX ua=95 mt=P len=0
PKT t=34394 RX ua=95 mt=R len=7
PKT t=34399 TX ua=95 mt=P len=0
PKT t=34408 RX ua=95 mt=R len=7
PKT t=34413 TX ua=95 mt=P len=0
PKT t=34422 RX ua=95 mt=R len=7
PKT t=34427 TX ua=95 mt=P len=0
PKT t=34436 RX ua=95 mt=R len=7
PKT t=34441 TX ua=95 mt=P len=0
PKT t=34450 RX ua=95 mt=R len=7
PKT t=34455 TX ua=95 mt=P len=0
PKT t=34464 RX ua=95 mt=R len=7
PKT t=34469 TX ua=95 mt=P len=0
PKT t=34499 RX ua=95 mt=R len=7
PKT t=34503 TX ua=95 mt=P len=0
PKT t=34512 RX ua=95 mt=R len=7
PKT t=34517 TX ua=95 mt=P len=0
PKT t=34526 RX ua=95 mt=R len=7
PKT t=34531 TX ua=95 mt=P len=0
PKT t=34540 RX ua=95 mt=R len=7
PKT t=34545 TX ua=95 mt=P len=0
PKT t=34554 RX ua=95 mt=R len=7
PKT t=34559 TX ua=95 mt=P len=0
PKT t=34568 RX ua=95 mt=R len=7
PKT t=34573 TX ua=95 mt=P len=0
PKT t=34602 RX ua=95 mt=R len=7
PKT t=34607 TX ua=95 mt=T len=7
PKT t=34620 TX ua=95 mt=P len=0
PKT t=34629 RX ua=95 mt=R len=7
PKT t=34634 TX ua=95 mt=P len=0
PKT t=34643 RX ua=95 mt=R len=7
PKT t=34648 TX ua=95 mt=P len=0
PKT t=34657 RX ua=95 mt=R len=7
PKT t=34662 TX ua=95 mt=P len=0
PKT t=34671 RX ua=95 mt=R len=7
PKT t=34676 TX ua=95 mt=P len=0
PKT t=34706 RX ua=95 mt=R len=7
PKT t=34710 TX ua=95 mt=P len=0
PKT t=34719 RX ua=95 mt=R len=7
PKT t=34724 TX ua=95 mt=P len=0
PKT t=34733 RX ua=95 mt=R len=7
PKT t=34738 TX ua=95 mt=P len=0
PKT t=34747 RX ua=95 mt=R len=7
PKT t=34752 TX ua=95 mt=P len=0
PKT t=34761 RX ua=95 mt=R len=7
PKT t=34766 TX ua=95 mt=P len=0
PKT t=34775 RX ua=95 mt=R len=7
PKT t=34780 TX ua=95 mt=P len=0
PKT t=34809 RX ua=95 mt=R len=7
PKT t=34814 TX ua=95 mt=P len=0
PKT t=34823 RX ua=95 mt=R len=7
PKT t=34828 TX ua=95 mt=P len=0
PKT t=34837 RX ua=95 mt=R len=7
PKT t=34842 TX ua=95 mt=P len=0
PKT t=34851 RX ua=95 mt=R len=7
PKT t=34856 TX ua=95 mt=T len=7
PKT t=34869 TX ua=95 mt=P len=0
PKT t=34878 RX ua=95 mt=R len=7
PKT t=34883 TX ua=95 mt=P len=0
PKT t=34912 RX ua=95 mt=R len=7
PKT t=34917 TX ua=95 mt=P len=0
PKT t=34926 RX ua=95 mt=R len=7
PKT t=34931 TX ua=95 mt=P len=0
PKT t=34940 RX ua=95 mt=R len=7
PKT t=34945 TX ua=95 mt=P len=0
PKT t=34954 RX ua=95 mt=R len=7
PKT t=34959 TX ua=95 mt=P len=0
PKT t=34968 RX ua=95 mt=R len=7
PKT t=34973 TX ua=95 mt=P len=0
PKT t=34982 RX ua=95 mt=R len=7
PKT t=34987 TX ua=95 mt=P len=0
PKT t=35016 RX ua=95 mt=R len=7
PKT t=35021 TX ua=95 mt=P len=0
PKT t=35030 RX ua=95 mt=R len=7
PKT t=35035 TX ua=95 mt=P len=0
PKT t=35044 RX ua=95 mt=R len=7
PKT t=35049 TX ua=95 mt=P len=0
PKT t=35058 RX ua=95 mt=R len=7
PKT t=35063 TX ua=95 mt=P len=0
PKT t=35072 RX ua=95 mt=R len=7
PKT t=35077 TX ua=95 mt=P len=0
PKT t=35086 RX ua=95 mt=R len=7
PKT t=35091 TX ua=95 mt=P len=0
PKT t=35120 RX ua=95 mt=R len=7
PKT t=35125 TX ua=95 mt=T len=7
PKT t=35137 TX ua=95 mt=P len=0
PKT t=35146 RX ua=95 mt=R len=7
PKT t=35151 TX ua=95 mt=P len=0
PKT t=35160 RX ua=95 mt=R len=7
PKT t=35165 TX ua=95 mt=P len=0
PKT t=35174 RX ua=95 mt=R len=7
PKT t=35179 TX ua=95 mt=P len=0
PKT t=35188 RX ua=95 mt=R len=7
PKT t=35193 TX ua=95 mt=P len=0
PKT t=35222 RX ua=95 mt=R len=7
PKT t=35227 TX ua=96 mt=P len=0
PKT t=35485 TX ua=95 mt=P len=0
PKT t=35494 RX ua=95 mt=R len=7
PKT t=35499 TX ua=95 mt=T len=7
PKT t=35511 TX ua=95 mt=P len=0
PKT t=35531 RX ua=95 mt=R len=7
PKT t=35536 TX ua=95 mt=P len=0
PKT t=35546 RX ua=95 mt=R len=7
PKT t=35551 TX ua=95 mt=P len=0
PKT t=35561 RX ua=95 mt=R len=7
PKT t=35566 TX ua=95 mt=P len=0
PKT t=35576 RX ua=95 mt=R len=7
PKT t=35581 TX ua=95 mt=P len=0
PKT t=35592 RX ua=95 mt=R len=7
PKT t=35597 TX ua=95 mt=T len=7
PKT t=35609 TX ua=95 mt=P len=0
PKT t=35629 RX ua=95 mt=R len=7
PKT t=35634 TX ua=95 mt=P len=0
PKT t=35643 RX ua=95 mt=R len=7
PKT t=35648 TX ua=95 mt=P len=0
PKT t=35657 RX ua=95 mt=R len=7
PKT t=35662 TX ua=95 mt=P len=0
PKT t=35671 RX ua=95 mt=R len=7
PKT t=35676 TX ua=95 mt=P len=0
PKT t=35685 RX ua=95 mt=R len=7
PKT t=35690 TX ua=95 mt=P len=0
PKT t=35700 RX ua=95 mt=R len=7
PKT t=35705 TX ua=95 mt=P len=0
PKT t=35734 RX ua=95 mt=R len=7
PKT t=35739 TX ua=95 mt=P len=0
PKT t=35748 RX ua=95 mt=R len=7
PKT t=35753 TX ua=95 mt=P len=0
PKT t=35762 RX ua=95 mt=R len=7
PKT t=35767 TX ua=95 mt=P len=0
PKT t=35776 RX ua=95 mt=R len=7
PKT t=35781 TX ua=95 mt=P len=0
PKT t=35790 RX ua=95 mt=R len=7
PKT t=35795 TX ua=95 mt=P len=0
PKT t=35804 RX ua=95 mt=R len=7
PKT t=35809 TX ua=95 mt=P len=0
PKT t=35839 RX ua=95 mt=R len=7
PKT t=35844 TX ua=95 mt=P len=0
PKT t=35853 RX ua=95 mt=R len=7
PKT t=35858 TX ua=95 mt=T len=7
PKT t=35870 TX ua=95 mt=P len=0
PKT t=35879 RX ua=95 mt=R len=7
PKT t=35884 TX ua=95 mt=P len=0
PKT t=35893 RX ua=95 mt=R len=7
PKT t=35898 TX ua=95 mt=P len=0
PKT t=35907 RX ua=95 mt=R len=7
PKT t=35912 TX ua=95 mt=P len=0
PKT t=35941 RX ua=95 mt=R len=7
PKT t=35946 TX ua=95 mt=P len=0
PKT t=35955 RX ua=95 mt=R len=7
PKT t=35960 TX ua=95 mt=P len=0
PKT t=35969 RX ua=95 mt=R len=7
PKT t=35974 TX ua=95 mt=P len=0
PKT t=35983 RX ua=95 mt=R len=7
PKT t=35988 TX ua=95 mt=P len=0
PKT t=35997 RX ua=95 mt=R len=7
PKT t=36002 TX ua=95 mt=P len=0
PKT t=36011 RX ua=95 mt=R len=7
PKT t=36016 TX ua=95 mt=P len=0
PKT t=36045 RX ua=95 mt=R len=7
PKT t=36050 TX ua=95 mt=P len=0
PKT t=36059 RX ua=95 mt=R len=7
PKT t=36064 TX ua=95 mt=P len=0
PKT t=36073 RX ua=95 mt=R len=7
PKT t=36078 TX ua=95 mt=P len=0
PKT t=36088 RX ua=95 mt=R len=7
PKT t=36093 TX ua=95 mt=P len=0
PKT t=36102 RX ua=95 mt=R len=7
PKT t=36107 TX ua=95 mt=T len=7
PKT t=36119 TX ua=95 mt=P len=0
PKT t=36147 RX ua=95 mt=R len=7
PKT t=36152 TX ua=95 mt=P len=0
PKT t=36161 RX ua=95 mt=R len=7
PKT t=36166 TX ua=95 mt=P len=0
PKT t=36175 RX ua=95 mt=R len=7
PKT t=36180 TX ua=95 mt=P len=0
PKT t=36190 RX ua=95 mt=R len=7
PKT t=36195 TX ua=95 mt=P len=0
PKT t=36204 RX ua=95 mt=R len=7
PKT t=36209 TX ua=95 mt=P len=0
PKT t=36218 RX ua=95 mt=R len=7
PKT t=36223 TX ua=95 mt=P len=0
PKT t=36252 RX ua=95 mt=R len=7
PKT t=36257 TX ua=95 mt=P len=0
PKT t=36266 RX ua=95 mt=R len=7
PKT t=36271 TX ua=95 mt=P len=0
PKT t=36280 RX ua=95 mt=R len=7
PKT t=36285 TX ua=95 mt=P len=0
PKT t=36294 RX ua=95 mt=R len=7
PKT t=36299 TX ua=95 mt=P len=0
PKT t=36308 RX ua=95 mt=R len=7
PKT t=36313 TX ua=95 mt=P len=0
PKT t=36322 RX ua=95 mt=R len=7
PKT t=36327 TX ua=95 mt=P len=0
PKT t=36356 RX ua=95 mt=R len=7
PKT t=36361 TX ua=95 mt=T len=7
PKT t=36373 TX ua=95 mt=P len=0
PKT t=36382 RX ua=95 mt=R len=7
PKT t=36387 TX ua=95 mt=P len=0
PKT t=36396 RX ua=95 mt=R len=7
PKT t=36401 TX ua=95 mt=P len=0
PKT t=36410 RX ua=95 mt=R len=7
PKT t=36415 TX ua=95 mt=P len=0
PKT t=36424 RX ua=95 mt=R len=7
PKT t=36429 TX ua=95 mt=P len=0
PKT t=36458 RX ua=95 mt=R len=7
PKT t=36463 TX ua=95 mt=P len=0
PKT t=36472 RX ua=95 mt=R len=7
PKT t=36477 TX ua=95 mt=P len=0
PKT t=36486 RX ua=95 mt=R len=7
PKT t=36491 TX ua=95 mt=P len=0
PKT t=36500 RX ua=95 mt=R len=7
PKT t=36505 TX ua=95 mt=P len=0
PKT t=36514 RX ua=95 mt=R len=7
PKT t=36519 TX ua=95 mt=P len=0
PKT t=36528 RX ua=95 mt=R len=7
PKT t=36533 TX ua=95 mt=P len=0
PKT t=36563 RX ua=95 mt=R len=7
PKT t=36568 TX ua=95 mt=P len=0
PKT t=36577 RX ua=95 mt=R len=7
PKT t=36582 TX ua=95 mt=P len=0
PKT t=36591 RX ua=95 mt=R len=7
PKT t=36596 TX ua=95 mt=P len=0
PKT t=36605 RX ua=95 mt=R len=7
PKT t=36610 TX ua=95 mt=T len=7
PKT t=36622 TX ua=95 mt=P len=0
PKT t=36631 RX ua=95 mt=R len=7
PKT t=36636 TX ua=95 mt=P len=0
PKT t=36666 RX ua=95 mt=R len=7
PKT t=36671 TX ua=95 mt=P len=0
PKT t=36680 RX ua=95 mt=R len=7
PKT t=36685 TX ua=95 mt=P len=0
PKT t=36694 RX ua=95 mt=R len=7
PKT t=36699 TX ua=95 mt=P len=0
PKT t=36708 RX ua=95 mt=R len=7
PKT t=36713 TX ua=95 mt=P len=0
PKT t=36722 RX ua=95 mt=R len=7
PKT t=36727 TX ua=95 mt=P len=0
PKT t=36736 RX ua=95 mt=R len=7
PKT t=36741 TX ua=95 mt=P len=0
PKT t=36771 RX ua=95 mt=R len=7
PKT t=36776 TX ua=95 mt=P len=0
PKT t=36785 RX ua=95 mt=R len=7
PKT t=36790 TX ua=95 mt=P len=0
PKT t=36799 RX ua=95 mt=R len=7
PKT t=36804 TX ua=95 mt=P len=0
PKT t=36813 RX ua=95 mt=R len=7
PKT t=36818 TX ua=95 mt=P len=0
PKT t=36827 RX ua=95 mt=R len=7
PKT t=36832 TX ua=95 mt=P len=0
PKT t=36841 RX ua=95 mt=R len=7
PKT t=36846 TX ua=95 mt=P len=0
PKT t=36877 RX ua=95 mt=R len=7
PKT t=36882 TX ua=95 mt=T len=7
PKT t=36894 TX ua=95 mt=P len=0
PKT t=36903 RX ua=95 mt=R len=7
PKT t=36908 TX ua=95 mt=P len=0
PKT t=36917 RX ua=95 mt=R len=7
PKT t=36922 TX ua=95 mt=P len=0
PKT t=36931 RX ua=95 mt=R len=7
PKT t=36936 TX ua=95 mt=P len=0
PKT t=36945 RX ua=95 mt=R len=7
PKT t=36950 TX ua=95 mt=P len=0
PKT t=36979 RX ua=95 mt=R len=7
PKT t=36984 TX ua=95 mt=P len=0
PKT t=36993 RX ua=95 mt=R len=7
PKT t=36998 TX ua=95 mt=P len=0
PKT t=37008 RX ua=95 mt=R len=7
PKT t=37013 TX ua=95 mt=P len=0
PKT t=37022 RX ua=95 mt=R len=7
PKT t=37027 TX ua=95 mt=P len=0
PKT t=37036 RX ua=95 mt=R len=7
PKT t=37041 TX ua=95 mt=P len=0
PKT t=37050 RX ua=95 mt=R len=7
PKT t=37055 TX ua=95 mt=P len=0
PKT t=37084 RX ua=95 mt=R len=7
PKT t=37089 TX ua=95 mt=P len=0
PKT t=37098 RX ua=95 mt=R len=7
PKT t=37103 TX ua=95 mt=T len=7
PKT t=37116 TX ua=95 mt=P len=0
PKT t=37125 RX ua=95 mt=R len=7
PKT t=37130 TX ua=95 mt=P len=0
PKT t=37139 RX ua=95 mt=R len=7
PKT t=37144 TX ua=95 mt=P len=0
PKT t=37153 RX ua=95 mt=R len=7
PKT t=37158 TX ua=95 mt=P len=0
PKT t=37187 RX ua=95 mt=R len=7
PKT t=37192 TX ua=95 mt=P len=0
PKT t=37201 RX ua=95 mt=R len=7
PKT t=37206 TX ua=95 mt=P len=0
PKT t=37215 RX ua=95 mt=R len=7
PKT t=37220 TX ua=95 mt=P len=0
PKT t=37229 RX ua=95 mt=R len=7
PKT t=37234 TX ua=95 mt=P len=0
PKT t=37243 RX ua=95 mt=R len=7
PKT t=37248 TX ua=95 mt=P len=0
PKT t=37257 RX ua=95 mt=R len=7
PKT t=37262 TX ua=95 mt=P len=0
PKT t=37291 RX ua=95 mt=R len=7
PKT t=37296 TX ua=95 mt=P len=0
PKT t=37305 RX ua=95 mt=R len=7
PKT t=37310 TX ua=95 mt=P len=0
PKT t=37319 RX ua=95 mt=R len=7
PKT t=37324 TX ua=95 mt=P len=0
PKT t=37333 RX ua=95 mt=R len=7
PKT t=37338 TX ua=95 mt=P len=0
PKT t=37347 RX ua=95 mt=R len=7
PKT t=37352 TX ua=95 mt=T len=7
PKT t=37365 TX ua=95 mt=P len=0
PKT t=37393 RX ua=95 mt=R len=7
PKT t=37398 TX ua=95 mt=P len=0
PKT t=37408 RX ua=95 mt=R len=7
PKT t=37413 TX ua=95 mt=P len=0
PKT t=37423 RX ua=95 mt=R len=7
PKT t=37428 TX ua=95 mt=P len=0
PKT t=37438 RX ua=95 mt=R len=7
PKT t=37443 TX ua=95 mt=P len=0
PKT t=37453 RX ua=95 mt=R len=7
PKT t=37458 TX ua=95 mt=P len=0
PKT t=37468 RX ua=95 mt=R len=7
PKT t=37473 TX ua=95 mt=P len=0
PKT t=37502 RX ua=95 mt=R len=7
PKT t=37507 TX ua=95 mt=P len=0
PKT t=37517 RX ua=95 mt=R len=7
PKT t=37522 TX ua=95 mt=P len=0
