PKT t=7117 TX ua=95 mt=P len=0
PKT t=7126 RX ua=95 mt=R len=7
PKT t=7131 TX ua=95 mt=P len=0
PKT t=7140 RX ua=95 mt=R len=7
PKT t=7145 TX ua=95 mt=P len=0
PKT t=7154 RX ua=95 mt=R len=7
PKT t=7159 TX ua=95 mt=P len=0
PKT t=7168 RX ua=95 mt=R len=7
PKT t=7173 TX ua=95 mt=P len=0
PKT t=7202 RX ua=95 mt=R len=7
PKT t=7207 TX ua=95 mt=P len=0
PKT t=7216 RX ua=95 mt=R len=7
PKT t=7221 TX ua=95 mt=P len=0
PKT t=7230 RX ua=95 mt=R len=7
PKT t=7235 TX ua=95 mt=P len=0
PKT t=7244 RX ua=95 mt=R len=7
PKT t=7249 TX ua=95 mt=P len=0
PKT t=7258 RX ua=95 mt=R len=7
PKT t=7263 TX ua=95 mt=P len=0
PKT t=7272 RX ua=95 mt=R len=7
PKT t=7277 TX ua=95 mt=P len=0
PKT t=7306 RX ua=95 mt=R len=7
PKT t=7311 TX ua=95 mt=P len=0
PKT t=7320 RX ua=95 mt=R len=7
PKT t=7325 TX ua=95 mt=P len=0
PKT t=7339 RX ua=95 mt=R len=7
PKT t=7344 TX ua=95 mt=P len=0
PKT t=7353 RX ua=95 mt=R len=7
PKT t=7358 TX ua=95 mt=T len=7
PKT t=7370 TX ua=95 mt=P len=0
PKT t=7380 RX ua=95 mt=R len=7
PKT t=7385 TX ua=95 mt=P len=0
PKT t=7414 RX ua=95 mt=R len=7
PKT t=7419 TX ua=95 mt=P len=0
PKT t=7429 RX ua=95 mt=R len=7
PKT t=7434 TX ua=95 mt=P len=0
PKT t=7444 RX ua=95 mt=R len=7
PKT t=7449 TX ua=95 mt=P len=0
PKT t=7459 RX ua=95 mt=R len=7
PKT t=7464 TX ua=95 mt=P len=0
PKT t=7474 RX ua=95 mt=R len=7
PKT t=7479 TX ua=95 mt=P len=0
PKT t=7494 RX ua=95 mt=R len=7
PKT t=7499 TX ua=95 mt=P len=0
PKT t=7523 RX ua=95 mt=R len=7
PKT t=7528 TX ua=95 mt=P len=0
PKT t=7538 RX ua=95 mt=R len=7
PKT t=7543 TX ua=95 mt=P len=0
PKT t=7553 RX ua=95 mt=R len=7
PKT t=7558 TX ua=95 mt=P len=0
PKT t=7568 RX ua=95 mt=R len=7
PKT t=7573 TX ua=95 mt=P len=0
PKT t=7583 RX ua=95 mt=R len=7
PKT t=7588 TX ua=95 mt=P len=0
PKT t=7598 RX ua=95 mt=R len=7
PKT t=7603 TX ua=95 mt=T len=7
PKT t=7615 TX ua=95 mt=P len=0
PKT t=7634 RX ua=95 mt=R len=7
PKT t=7639 TX ua=95 mt=P len=0
PKT t=7649 RX ua=95 mt=R len=7
PKT t=7654 TX ua=95 mt=P len=0
PKT t=7663 RX ua=95 mt=R len=7
PKT t=7668 TX ua=95 mt=P len=0
PKT t=7677 RX ua=95 mt=R len=7
PKT t=7682 TX ua=95 mt=P len=0
PKT t=7691 RX ua=95 mt=R len=7
PKT t=7696 TX ua=95 mt=P len=0
PKT t=7705 RX ua=95 mt=R len=7
PKT t=7710 TX ua=95 mt=P len=0
PKT t=7739 RX ua=95 mt=R len=7
PKT t=7744 TX ua=95 mt=P len=0
PKT t=7753 RX ua=95 mt=R len=7
PKT t=7758 TX ua=95 mt=P len=0
PKT t=7767 RX ua=95 mt=R len=7
PKT t=7772 TX ua=95 mt=P len=0
PKT t=7781 RX ua=95 mt=R len=7
PKT t=7786 TX ua=95 mt=P len=0
PKT t=7795 RX ua=95 mt=R len=7
PKT t=7804 TX ua=95 mt=P len=0
PKT t=7813 RX ua=95 mt=R len=7
PKT t=7818 TX ua=95 mt=P len=0
PKT t=7847 RX ua=95 mt=R len=7
PKT t=7852 TX ua=95 mt=T len=7
PKT t=7864 TX ua=95 mt=P len=0
PKT t=7873 RX ua=95 mt=R len=7
PKT t=7878 TX ua=95 mt=P len=0
PKT t=7887 RX ua=95 mt=R len=7
PKT t=7892 TX ua=95 mt=P len=0
PKT t=7901 RX ua=95 mt=R len=7
PKT t=7906 TX ua=95 mt=P len=0
PKT t=7915 RX ua=95 mt=R len=7
PKT t=7920 TX ua=95 mt=P len=0
PKT t=7949 RX ua=95 mt=R len=7
PKT t=7959 TX ua=95 mt=P len=0
PKT t=7968 RX ua=95 mt=R len=7
PKT t=7973 TX ua=95 mt=P len=0
PKT t=7982 RX ua=95 mt=R len=7
PKT t=7987 TX ua=95 mt=P len=0
PKT t=7996 RX ua=95 mt=R len=7
PKT t=8001 TX ua=95 mt=P len=0
PKT t=8010 RX ua=95 mt=R len=7
PKT t=8015 TX ua=95 mt=P len=0
PKT t=8024 RX ua=95 mt=R len=7
PKT t=8029 TX ua=95 mt=P len=0
PKT t=8058 RX ua=95 mt=R len=7
PKT t=8063 TX ua=95 mt=P len=0
PKT t=8072 RX ua=95 mt=R len=7
PKT t=8077 TX ua=95 mt=P len=0
PKT t=8086 RX ua=95 mt=R len=7
PKT t=8091 TX ua=95 mt=P len=0
PKT t=8100 RX ua=95 mt=R len=7
PKT t=8105 TX ua=95 mt=T len=7
PKT t=8121 TX ua=95 mt=P len=0
PKT t=8130 RX ua=95 mt=R len=7
PKT t=8135 TX ua=95 mt=P len=0
PKT t=8164 RX ua=95 mt=R len=7
PKT t=8169 TX ua=95 mt=P len=0
PKT t=8178 RX ua=95 mt=R len=7
PKT t=8183 TX ua=95 mt=P len=0
PKT t=8192 RX ua=95 mt=R len=7
PKT t=8197 TX ua=95 mt=P len=0
PKT t=8206 RX ua=95 mt=R len=7
PKT t=8211 TX ua=95 mt=P len=0
PKT t=8220 RX ua=95 mt=R len=7
PKT t=8225 TX ua=95 mt=P len=0
PKT t=8234 RX ua=95 mt=R len=7
PKT t=8239 TX ua=95 mt=P len=0
PKT t=8269 RX ua=95 mt=R len=7
PKT t=8274 TX ua=95 mt=P len=0
PKT t=8283 RX ua=95 mt=R len=7
PKT t=8288 TX ua=95 mt=P len=0
PKT t=8297 RX ua=95 mt=R len=7
PKT t=8302 TX ua=95 mt=P len=0
PKT t=8311 RX ua=95 mt=R len=7
PKT t=8316 TX ua=95 mt=P len=0
PKT t=8325 RX ua=95 mt=R len=7
PKT t=8330 TX ua=95 mt=P len=0
PKT t=8339 RX ua=95 mt=R len=7
PKT t=8344 TX ua=95 mt=P len=0
PKT t=8373 RX ua=95 mt=R len=7
PKT t=8378 TX ua=95 mt=T len=7
PKT t=8390 TX ua=95 mt=P len=0
PKT t=8399 RX ua=95 mt=R len=7
PKT t=8404 TX ua=95 mt=P len=0
PKT t=8413 RX ua=95 mt=R len=7
PKT t=8424 TX ua=95 mt=P len=0
PKT t=8433 RX ua=95 mt=R len=7
PKT t=8438 TX ua=95 mt=P len=0
PKT t=8447 RX ua=95 mt=R len=7
PKT t=8452 TX ua=95 mt=P len=0
PKT t=8481 RX ua=95 mt=R len=7
PKT t=8486 TX ua=95 mt=P len=0
PKT t=8495 RX ua=95 mt=R len=7
PKT t=8500 TX ua=95 mt=P len=0
PKT t=8509 RX ua=95 mt=R len=7
PKT t=8514 TX ua=95 mt=P len=0
PKT t=8523 RX ua=95 mt=R len=7
PKT t=8528 TX ua=95 mt=P len=0
PKT t=8537 RX ua=95 mt=R len=7
PKT t=8542 TX ua=95 mt=P len=0
PKT t=8551 RX ua=95 mt=R len=7
PKT t=8556 TX ua=95 mt=P len=0
PKT t=8585 RX ua=95 mt=R len=7
PKT t=8590 TX ua=95 mt=P len=0
PKT t=8599 RX ua=95 mt=R len=7
PKT t=8604 TX ua=95 mt=T len=7
PKT t=8616 TX ua=95 mt=P len=0
PKT t=8625 RX ua=95 mt=R len=7
PKT t=8630 TX ua=95 mt=P len=0
PKT t=8639 RX ua=95 mt=R len=7
PKT t=8644 TX ua=95 mt=P len=0
PKT t=8653 RX ua=95 mt=R len=7
PKT t=8658 TX ua=95 mt=P len=0
PKT t=8687 RX ua=95 mt=R len=7
PKT t=8692 TX ua=95 mt=P len=0
PKT t=8701 RX ua=95 mt=R len=7
PKT t=8706 TX ua=95 mt=P len=0
PKT t=8715 RX ua=95 mt=R len=7
PKT t=8720 TX ua=95 mt=P len=0
PKT t=8734 RX ua=95 mt=R len=7
PKT t=8739 TX ua=95 mt=P len=0
PKT t=8748 RX ua=95 mt=R len=7
PKT t=8753 TX ua=95 mt=P len=0
PKT t=8762 RX ua=95 mt=R len=7
PKT t=8767 TX ua=95 mt=P len=0
PKT t=8796 RX ua=95 mt=R len=7
PKT t=8801 TX ua=95 mt=P len=0
PKT t=8810 RX ua=95 mt=R len=7
PKT t=8815 TX ua=95 mt=P len=0
PKT t=8824 RX ua=95 mt=R len=7
PKT t=8829 TX ua=95 mt=P len=0
PKT t=8838 RX ua=95 mt=R len=7
PKT t=8843 TX ua=95 mt=P len=0
PKT t=8852 RX ua=95 mt=R len=7
PKT t=8857 TX ua=95 mt=T len=7
PKT t=8869 TX ua=95 mt=P len=0
PKT t=8897 RX ua=95 mt=R len=7
PKT t=8902 TX ua=95 mt=P len=0
PKT t=8911 RX ua=95 mt=R len=7
PKT t=8916 TX ua=95 mt=P len=0
PKT t=8925 RX ua=95 mt=R len=7
PKT t=8930 TX ua=95 mt=P len=0
PKT t=8939 RX ua=95 mt=R len=7
PKT t=8944 TX ua=95 mt=P len=0
PKT t=8953 RX ua=95 mt=R len=7
PKT t=8958 TX ua=95 mt=P len=0
PKT t=8967 RX ua=95 mt=R len=7
PKT t=8972 TX ua=95 mt=P len=0
PKT t=9001 RX ua=95 mt=R len=7
PKT t=9006 TX ua=95 mt=P len=0
PKT t=9015 RX ua=95 mt=R len=7
PKT t=9020 TX ua=95 mt=P len=0
PKT t=9029 RX ua=95 mt=R len=7
PKT t=9034 TX ua=95 mt=P len=0
PKT t=9044 RX ua=95 mt=R len=7
PKT t=9049 TX ua=95 mt=P len=0
PKT t=9058 RX ua=95 mt=R len=7
PKT t=9063 TX ua=95 mt=P len=0
PKT t=9072 RX ua=95 mt=R len=7
PKT t=9077 TX ua=95 mt=P len=0
PKT t=9106 RX ua=95 mt=R len=7
PKT t=9111 TX ua=95 mt=T len=7
PKT t=9123 TX ua=95 mt=P len=0
PKT t=9132 RX ua=95 mt=R len=7
PKT t=9137 TX ua=95 mt=P len=0
PKT t=9146 RX ua=95 mt=R len=7
PKT t=9151 TX ua=95 mt=P len=0
PKT t=9160 RX ua=95 mt=R len=7
PKT t=9165 TX ua=95 mt=P len=0
PKT t=9174 RX ua=95 mt=R len=7
PKT t=9179 TX ua=95 mt=P len=0
PKT t=9208 RX ua=95 mt=R len=7
PKT t=9213 TX ua=95 mt=P len=0
PKT t=9222 RX ua=95 mt=R len=7
PKT t=9227 TX ua=95 mt=P len=0
PKT t=9236 RX ua=95 mt=R len=7
PKT t=9241 TX ua=95 mt=P len=0
PKT t=9250 RX ua=95 mt=R len=7
PKT t=9255 TX ua=95 mt=P len=0
PKT t=9264 RX ua=95 mt=R len=7
PKT t=9269 TX ua=95 mt=P len=0
PKT t=9278 RX ua=95 mt=R len=7
PKT t=9283 TX ua=95 mt=P len=0
PKT t=9312 RX ua=95 mt=R len=7
PKT t=9317 TX ua=95 mt=P len=0
PKT t=9326 RX ua=95 mt=R len=7
PKT t=9331 TX ua=95 mt=P len=0
PKT t=9340 RX ua=95 mt=R len=7
PKT t=9345 TX ua=95 mt=P len=0
PKT t=9354 RX ua=95 mt=R len=7
PKT t=9359 TX ua=95 mt=T len=7
PKT t=9371 TX ua=95 mt=P len=0
PKT t=9381 RX ua=95 mt=R len=7
PKT t=9386 TX ua=95 mt=P len=0
PKT t=9415 RX ua=95 mt=R len=7
PKT t=9420 TX ua=95 mt=P len=0
PKT t=9430 RX ua=95 mt=R len=7
PKT t=9435 TX ua=95 mt=P len=0
PKT t=9445 RX ua=95 mt=R len=7
PKT t=9450 TX ua=95 mt=P len=0
PKT t=9460 RX ua=95 mt=R len=7
PKT t=9465 TX ua=95 mt=P len=0
PKT t=9475 RX ua=95 mt=R len=7
PKT t=9480 TX ua=95 mt=P len=0
PKT t=9490 RX ua=95 mt=R len=7
PKT t=9495 TX ua=95 mt=P len=0
PKT t=9524 RX ua=95 mt=R len=7
PKT t=9529 TX ua=95 mt=P len=0
PKT t=9539 RX ua=95 mt=R len=7
PKT t=9544 TX ua=95 mt=P len=0
PKT t=9554 RX ua=95 mt=R len=7
PKT t=9559 TX ua=95 mt=P len=0
PKT t=9569 RX ua=95 mt=R len=7
PKT t=9574 TX ua=95 mt=P len=0
PKT t=9584 RX ua=95 mt=R len=7
PKT t=9589 TX ua=95 mt=P len=0
PKT t=9599 RX ua=95 mt=R len=7
PKT t=9604 TX ua=95 mt=P len=0
PKT t=9633 RX ua=95 mt=R len=7
PKT t=9638 TX ua=95 mt=T len=7
PKT t=9650 TX ua=95 mt=P len=0
PKT t=9664 RX ua=95 mt=R len=7
PKT t=9669 TX ua=95 mt=P len=0
PKT t=9678 RX ua=95 mt=R len=7
PKT t=9683 TX ua=95 mt=P len=0
PKT t=9692 RX ua=95 mt=R len=7
PKT t=9697 TX ua=95 mt=P len=0
PKT t=9706 RX ua=95 mt=R len=7
PKT t=9711 TX ua=95 mt=P len=0
PKT t=9740 RX ua=95 mt=R len=7
PKT t=9745 TX ua=95 mt=P len=0
PKT t=9754 RX ua=95 mt=R len=7
PKT t=9759 TX ua=95 mt=P len=0
PKT t=9768 RX ua=95 mt=R len=7
PKT t=9773 TX ua=95 mt=P len=0
PKT t=9782 RX ua=95 mt=R len=7
PKT t=9787 TX ua=95 mt=P len=0
PKT t=9796 RX ua=95 mt=R len=7
PKT t=9801 TX ua=95 mt=P len=0
PKT t=9810 RX ua=95 mt=R len=7
PKT t=9819 TX ua=95 mt=P len=0
PKT t=9844 RX ua=95 mt=R len=7
PKT t=9849 TX ua=95 mt=P len=0
PKT t=9858 RX ua=95 mt=R len=7
PKT t=9863 TX ua=95 mt=T len=7
PKT t=9875 TX ua=95 mt=P len=0
PKT t=9884 RX ua=95 mt=R len=7
PKT t=9889 TX ua=95 mt=P len=0
PKT t=9898 RX ua=95 mt=R len=7
PKT t=9903 TX ua=95 mt=P len=0
PKT t=9912 RX ua=95 mt=R len=7
PKT t=9917 TX ua=95 mt=P len=0
PKT t=9946 RX ua=95 mt=R len=7
PKT t=9951 TX ua=95 mt=P len=0
PKT t=9960 RX ua=95 mt=R len=7
PKT t=9965 TX ua=95 mt=P len=0
PKT t=9974 RX ua=95 mt=R len=7
PKT t=9979 TX ua=95 mt=P len=0
PKT t=9988 RX ua=95 mt=R len=7
PKT t=9993 TX ua=95 mt=P len=0
PKT t=10002 RX ua=95 mt=R len=7
PKT t=10009 TX ua=95 mt=P len=0
PKT t=10018 RX ua=95 mt=R len=7
PKT t=10023 TX ua=95 mt=P len=0
PKT t=10052 RX ua=95 mt=R len=7
PKT t=10057 TX ua=95 mt=P len=0
PKT t=10066 RX ua=95 mt=R len=7
PKT t=10071 TX ua=95 mt=P len=0
PKT t=10080 RX ua=95 mt=R len=7
PKT t=10085 TX ua=95 mt=P len=0
PKT t=10094 RX ua=95 mt=R len=7
PKT t=10099 TX ua=95 mt=P len=0
PKT t=10108 RX ua=95 mt=R len=7
PKT t=10113 TX ua=95 mt=T len=7
PKT t=10129 TX ua=95 mt=P len=0
PKT t=10153 RX ua=95 mt=R len=7
PKT t=10158 TX ua=96 mt=P len=0
PKT t=10416 TX ua=95 mt=P len=0
PKT t=10425 RX ua=95 mt=R len=7
PKT t=10430 TX ua=95 mt=T len=7
PKT t=10446 TX ua=95 mt=P len=0
PKT t=10461 RX ua=95 mt=R len=7
PKT t=10466 TX ua=95 mt=P len=0
PKT t=10475 RX ua=95 mt=R len=7
PKT t=10480 TX ua=95 mt=P len=0
PKT t=10489 RX ua=95 mt=R len=7
PKT t=10494 TX ua=95 mt=P len=0
PKT t=10503 RX ua=95 mt=R len=7
PKT t=10508 TX ua=95 mt=P len=0
PKT t=10517 RX ua=95 mt=R len=7
PKT t=10522 TX ua=95 mt=P len=0
PKT t=10531 RX ua=95 mt=R len=7
PKT t=10536 TX ua=95 mt=P len=0
PKT t=10565 RX ua=95 mt=R len=7
PKT t=10570 TX ua=95 mt=P len=0
PKT t=10579 RX ua=95 mt=R len=7
PKT t=10584 TX ua=95 mt=P len=0
PKT t=10594 RX ua=95 mt=R len=7
PKT t=10599 TX ua=95 mt=P len=0
PKT t=10608 RX ua=95 mt=R len=7
PKT t=10613 TX ua=95 mt=T len=7
PKT t=10626 TX ua=95 mt=P len=0
PKT t=10635 RX ua=95 mt=R len=7
PKT t=10640 TX ua=95 mt=P len=0
PKT t=10669 RX ua=95 mt=R len=7
PKT t=10674 TX ua=95 mt=P len=0
PKT t=10683 RX ua=95 mt=R len=7
PKT t=10688 TX ua=95 mt=P len=0
PKT t=10697 RX ua=95 mt=R len=7
PKT t=10702 TX ua=95 mt=P len=0
PKT t=10711 RX ua=95 mt=R len=7
PKT t=10716 TX ua=95 mt=P len=0
PKT t=10725 RX ua=95 mt=R len=7
PKT t=10730 TX ua=95 mt=P len=0
PKT t=10739 RX ua=95 mt=R len=7
PKT t=10749 TX ua=95 mt=P len=0
PKT t=10773 RX ua=95 mt=R len=7
PKT t=10778 TX ua=95 mt=P len=0
PKT t=10787 RX ua=95 mt=R len=7
PKT t=10792 TX ua=95 mt=P len=0
PKT t=10801 RX ua=95 mt=R len=7
PKT t=10806 TX ua=95 mt=P len=0
PKT t=10815 RX ua=95 mt=R len=7
PKT t=10820 TX ua=95 mt=P len=0
PKT t=10829 RX ua=95 mt=R len=7
PKT t=10834 TX ua=95 mt=P len=0
PKT t=10843 RX ua=95 mt=R len=7
PKT t=10848 TX ua=95 mt=P len=0
PKT t=10877 RX ua=95 mt=R len=7
PKT t=10882 TX ua=95 mt=T len=7
PKT t=10895 TX ua=95 mt=P len=0
PKT t=10904 RX ua=95 mt=R len=7
PKT t=10909 TX ua=95 mt=P len=0
PKT t=10918 RX ua=95 mt=R len=7
PKT t=10923 TX ua=95 mt=P len=0
PKT t=10932 RX ua=95 mt=R len=7
PKT t=10937 TX ua=95 mt=P len=0
PKT t=10946 RX ua=95 mt=R len=7
PKT t=10951 TX ua=95 mt=P len=0
PKT t=10980 RX ua=95 mt=R len=7
PKT t=10985 TX ua=95 mt=P len=0
PKT t=10994 RX ua=95 mt=R len=7
PKT t=10999 TX ua=95 mt=P len=0
PKT t=11008 RX ua=95 mt=R len=7
PKT t=11013 TX ua=95 mt=P len=0
PKT t=11022 RX ua=95 mt=R len=7
PKT t=11027 TX ua=95 mt=P len=0
PKT t=11036 RX ua=95 mt=R len=7
PKT t=11041 TX ua=95 mt=P len=0
PKT t=11050 RX ua=95 mt=R len=7
PKT t=11059 TX ua=95 mt=P len=0
PKT t=11084 RX ua=95 mt=R len=7
PKT t=11089 TX ua=95 mt=P len=0
PKT t=11098 RX ua=95 mt=R len=7
PKT t=11103 TX ua=95 mt=T len=7
PKT t=11115 TX ua=95 mt=P len=0
PKT t=11124 RX ua=95 mt=R len=7
PKT t=11129 TX ua=95 mt=P len=0
PKT t=11138 RX ua=95 mt=R len=7
PKT t=11143 TX ua=95 mt=P len=0
PKT t=11152 RX ua=95 mt=R len=7
PKT t=11157 TX ua=95 mt=P len=0
PKT t=11186 RX ua=95 mt=R len=7
PKT t=11191 TX ua=95 mt=P len=0
PKT t=11200 RX ua=95 mt=R len=7
PKT t=11205 TX ua=95 mt=P len=0
PKT t=11214 RX ua=95 mt=R len=7
PKT t=11219 TX ua=95 mt=P len=0
PKT t=11228 RX ua=95 mt=R len=7
PKT t=11233 TX ua=95 mt=P len=0
PKT t=11242 RX ua=95 mt=R len=7
PKT t=11247 TX ua=95 mt=P len=0
PKT t=11256 RX ua=95 mt=R len=7
PKT t=11261 TX ua=95 mt=P len=0
PKT t=11290 RX ua=95 mt=R len=7
PKT t=11295 TX ua=95 mt=P len=0
PKT t=11304 RX ua=95 mt=R len=7
PKT t=11309 TX ua=95 mt=P len=0
PKT t=11318 RX ua=95 mt=R len=7
PKT t=11323 TX ua=95 mt=P len=0
PKT t=11332 RX ua=95 mt=R len=7
PKT t=11337 TX ua=95 mt=P len=0
PKT t=11346 RX ua=95 mt=R len=7
PKT t=11351 TX ua=95 mt=P len=0
PKT t=11360 RX ua=95 mt=R len=7
PKT t=11369 TX ua=95 mt=T len=7
PKT t=11381 TX ua=95 mt=P len=0
PKT t=11396 RX ua=95 mt=R len=7
PKT t=11401 TX ua=95 mt=P len=0
PKT t=11411 RX ua=95 mt=R len=7
PKT t=11416 TX ua=95 mt=P len=0
PKT t=11426 RX ua=95 mt=R len=7
PKT t=11431 TX ua=95 mt=P len=0
PKT t=11441 RX ua=95 mt=R len=7
PKT t=11446 TX ua=95 mt=P len=0
PKT t=11456 RX ua=95 mt=R len=7
PKT t=11461 TX ua=95 mt=P len=0
PKT t=11494 RX ua=95 mt=R len=7
PKT t=11499 TX ua=95 mt=P len=0
PKT t=11509 RX ua=95 mt=R len=7
PKT t=11514 TX ua=95 mt=P len=0
PKT t=11524 RX ua=95 mt=R len=7
PKT t=11529 TX ua=95 mt=P len=0
PKT t=11539 RX ua=95 mt=R len=7
PKT t=11544 TX ua=95 mt=P len=0
PKT t=11554 RX ua=95 mt=R len=7
PKT t=11559 TX ua=95 mt=P len=0
PKT t=11569 RX ua=95 mt=R len=7
PKT t=11574 TX ua=95 mt=P len=0
PKT t=11603 RX ua=95 mt=R len=7
PKT t=11608 TX ua=95 mt=T len=7
PKT t=11620 TX ua=95 mt=P len=0
PKT t=11629 RX ua=95 mt=R len=7
PKT t=11634 TX ua=95 mt=P len=0
PKT t=11643 RX ua=95 mt=R len=7
PKT t=11648 TX ua=95 mt=P len=0
PKT t=11657 RX ua=95 mt=R len=7
PKT t=11662 TX ua=95 mt=P len=0
PKT t=11671 RX ua=95 mt=R len=7
PKT t=11679 TX ua=95 mt=P len=0
PKT t=11705 RX ua=95 mt=R len=7
PKT t=11710 TX ua=95 mt=P len=0
PKT t=11719 RX ua=95 mt=R len=7
PKT t=11724 TX ua=95 mt=P len=0
PKT t=11733 RX ua=95 mt=R len=7
PKT t=11738 TX ua=95 mt=P len=0
PKT t=11747 RX ua=95 mt=R len=7
PKT t=11752 TX ua=95 mt=P len=0
PKT t=11761 RX ua=95 mt=R len=7
PKT t=11766 TX ua=95 mt=P len=0
PKT t=11775 RX ua=95 mt=R len=7
PKT t=11780 TX ua=95 mt=P len=0
PKT t=11809 RX ua=95 mt=R len=7
PKT t=11814 TX ua=95 mt=P len=0
PKT t=11823 RX ua=95 mt=R len=7
PKT t=11834 TX ua=95 mt=P len=0
PKT t=11843 RX ua=95 mt=R len=7
PKT t=11848 TX ua=95 mt=P len=0
PKT t=11857 RX ua=95 mt=R len=7
PKT t=11862 TX ua=95 mt=T len=7
PKT t=11874 TX ua=95 mt=P len=0
PKT t=11883 RX ua=95 mt=R len=7
PKT t=11888 TX ua=95 mt=P len=0
PKT t=11917 RX ua=95 mt=R len=7
PKT t=11922 TX ua=95 mt=P len=0
PKT t=11931 RX ua=95 mt=R len=7
PKT t=11936 TX ua=95 mt=P len=0
PKT t=11945 RX ua=95 mt=R len=7
PKT t=11950 TX ua=95 mt=P len=0
PKT t=11959 RX ua=95 mt=R len=7
PKT t=11964 TX ua=95 mt=P len=0
PKT t=11973 RX ua=95 mt=R len=7
PKT t=11978 TX ua=95 mt=P len=0
PKT t=11989 RX ua=95 mt=R len=7
PKT t=11994 TX ua=95 mt=P len=0
PKT t=12022 RX ua=95 mt=R len=7
PKT t=12027 TX ua=95 mt=P len=0
PKT t=12036 RX ua=95 mt=R len=7
PKT t=12041 TX ua=95 mt=P len=0
PKT t=12050 RX ua=95 mt=R len=7
PKT t=12055 TX ua=95 mt=P len=0
PKT t=12064 RX ua=95 mt=R len=7
PKT t=12069 TX ua=95 mt=P len=0
PKT t=12078 RX ua=95 mt=R len=7
PKT t=12083 TX ua=95 mt=P len=0
PKT t=12092 RX ua=95 mt=R len=7
PKT t=12097 TX ua=95 mt=P len=0
PKT t=12131 RX ua=95 mt=R len=7
PKT t=12136 TX ua=95 mt=T len=7
PKT t=12151 TX ua=95 mt=P len=0
PKT t=12160 RX ua=95 mt=R len=7
PKT t=12165 TX ua=95 mt=P len=0
PKT t=12174 RX ua=95 mt=R len=7
PKT t=12179 TX ua=95 mt=P len=0
PKT t=12188 RX ua=95 mt=R len=7
PKT t=12193 TX ua=95 mt=P len=0
PKT t=12226 RX ua=95 mt=R len=7
PKT t=12231 TX ua=95 mt=P len=0
PKT t=12240 RX ua=95 mt=R len=7
PKT t=12245 TX ua=95 mt=P len=0
PKT t=12254 RX ua=95 mt=R len=7
PKT t=12259 TX ua=95 mt=P len=0
PKT t=12268 RX ua=95 mt=R len=7
PKT t=12273 TX ua=95 mt=P len=0
PKT t=12282 RX ua=95 mt=R len=7
PKT t=12287 TX ua=95 mt=P len=0
PKT t=12299 RX ua=95 mt=R len=7
PKT t=12304 TX ua=95 mt=P len=0
PKT t=12330 RX ua=95 mt=R len=7
PKT t=12335 TX ua=95 mt=P len=0
PKT t=12344 RX ua=95 mt=R len=7
PKT t=12349 TX ua=95 mt=P len=0
PKT t=12358 RX ua=95 mt=R len=7
PKT t=12363 TX ua=95 mt=T len=7
PKT t=12375 TX ua=95 mt=P len=0
PKT t=12384 RX ua=95 mt=R len=7
PKT t=12389 TX ua=95 mt=P len=0
PKT t=12398 RX ua=95 mt=R len=7
PKT t=12403 TX ua=95 mt=P len=0
PKT t=12432 RX ua=95 mt=R len=7
PKT t=12437 TX ua=95 mt=P len=0
PKT t=12446 RX ua=95 mt=R len=7
PKT t=12454 TX ua=95 mt=P len=0
PKT t=12463 RX ua=95 mt=R len=7
PKT t=12468 TX ua=95 mt=P len=0
PKT t=12477 RX ua=95 mt=R len=7
PKT t=12482 TX ua=95 mt=P len=0
PKT t=12491 RX ua=95 mt=R len=7
PKT t=12496 TX ua=95 mt=P len=0
PKT t=12505 RX ua=95 mt=R len=7
PKT t=12510 TX ua=95 mt=P len=0
PKT t=12539 RX ua=95 mt=R len=7
PKT t=12544 TX ua=95 mt=P len=0
PKT t=12553 RX ua=95 mt=R len=7
PKT t=12558 TX ua=95 mt=P len=0
PKT t=12567 RX ua=95 mt=R len=7
PKT t=12572 TX ua=95 mt=P len=0
PKT t=12581 RX ua=95 mt=R len=7
PKT t=12586 TX ua=95 mt=P len=0
PKT t=12595 RX ua=95 mt=R len=7
PKT t=12600 TX ua=95 mt=P len=0
PKT t=12609 RX ua=95 mt=R len=7
PKT t=12614 TX ua=95 mt=T len=7
PKT t=12626 TX ua=95 mt=P len=0
PKT t=12645 RX ua=95 mt=R len=7
PKT t=12650 TX ua=95 mt=P len=0
PKT t=12659 RX ua=95 mt=R len=7
PKT t=12664 TX ua=95 mt=P len=0
PKT t=12673 RX ua=95 mt=R len=7
PKT t=12678 TX ua=95 mt=P len=0
PKT t=12687 RX ua=95 mt=R len=7
PKT t=12692 TX ua=95 mt=P len=0
PKT t=12701 RX ua=95 mt=R len=7
PKT t=12706 TX ua=95 mt=P len=0
PKT t=12715 RX ua=95 mt=R len=7
PKT t=12720 TX ua=95 mt=P len=0
PKT t=12749 RX ua=95 mt=R len=7
PKT t=12754 TX ua=95 mt=P len=0
PKT t=12764 RX ua=95 mt=R len=7
PKT t=12769 TX ua=95 mt=P len=0
PKT t=12778 RX ua=95 mt=R len=7
PKT t=12783 TX ua=95 mt=P len=0
PKT t=12792 RX ua=95 mt=R len=7
PKT t=12797 TX ua=95 mt=P len=0
PKT t=12806 RX ua=95 mt=R len=7
PKT t=12811 TX ua=95 mt=P len=0
PKT t=12820 RX ua=95 mt=R len=7
PKT t=12825 TX ua=95 mt=P len=0
PKT t=12854 RX ua=95 mt=R len=7
PKT t=12859 TX ua=95 mt=P len=0
PKT t=12868 RX ua=95 mt=R len=7
PKT t=12873 TX ua=95 mt=T len=7
PKT t=12885 TX ua=95 mt=P len=0
PKT t=12894 RX ua=95 mt=R len=7
PKT t=12899 TX ua=95 mt=P len=0
PKT t=12908 RX ua=95 mt=R len=7
PKT t=12919 TX ua=95 mt=P len=0
PKT t=12928 RX ua=95 mt=R len=7
PKT t=12933 TX ua=95 mt=P len=0
PKT t=12962 RX ua=95 mt=R len=7
PKT t=12967 TX ua=95 mt=P len=0
PKT t=12976 RX ua=95 mt=R len=7
PKT t=12981 TX ua=95 mt=P len=0
PKT t=12990 RX ua=95 mt=R len=7
PKT t=12995 TX ua=95 mt=P len=0
PKT t=13004 RX ua=95 mt=R len=7
PKT t=13009 TX ua=95 mt=P len=0
PKT t=13018 RX ua=95 mt=R len=7
PKT t=13023 TX ua=95 mt=P len=0
PKT t=13032 RX ua=95 mt=R len=7
PKT t=13037 TX ua=95 mt=P len=0
PKT t=13066 RX ua=95 mt=R len=7
PKT t=13074 TX ua=95 mt=P len=0
PKT t=13083 RX ua=95 mt=R len=7
PKT t=13088 TX ua=95 mt=P len=0
PKT t=13097 RX ua=95 mt=R len=7
PKT t=13102 TX ua=95 mt=T len=7
PKT t=13115 TX ua=95 mt=P len=0
PKT t=13124 RX ua=95 mt=R len=7
PKT t=13129 TX ua=95 mt=P len=0
PKT t=13139 RX ua=95 mt=R len=7
PKT t=13144 TX ua=95 mt=P len=0
PKT t=13173 RX ua=95 mt=R len=7
PKT t=13178 TX ua=95 mt=P len=0
PKT t=13187 RX ua=95 mt=R len=7
PKT t=13192 TX ua=95 mt=P len=0
PKT t=13201 RX ua=95 mt=R len=7
PKT t=13206 TX ua=95 mt=P len=0
PKT t=13215 RX ua=95 mt=R len=7
PKT t=13220 TX ua=95 mt=P len=0
PKT t=13229 RX ua=95 mt=R len=7
PKT t=13234 TX ua=95 mt=P len=0
PKT t=13243 RX ua=95 mt=R len=7
PKT t=13248 TX ua=95 mt=P len=0
PKT t=13277 RX ua=95 mt=R len=7
PKT t=13282 TX ua=95 mt=P len=0
PKT t=13291 RX ua=95 mt=R len=7
PKT t=13296 TX ua=95 mt=P len=0
PKT t=13305 RX ua=95 mt=R len=7
PKT t=13310 TX ua=95 mt=P len=0
PKT t=13319 RX ua=95 mt=R len=7
PKT t=13324 TX ua=95 mt=P len=0
PKT t=13334 RX ua=95 mt=R len=7
PKT t=13339 TX ua=95 mt=P len=0
PKT t=13348 RX ua=95 mt=R len=7
PKT t=13353 TX ua=95 mt=P len=0
PKT t=13384 RX ua=95 mt=R len=7
PKT t=13389 TX ua=95 mt=T len=7
PKT t=13402 TX ua=95 mt=P len=0
PKT t=13412 RX ua=95 mt=R len=7
PKT t=13417 TX ua=95 mt=P len=0
PKT t=13427 RX ua=95 mt=R len=7
PKT t=13432 TX ua=95 mt=P len=0
PKT t=13442 RX ua=95 mt=R len=7
PKT t=13447 TX ua=95 mt=P len=0
PKT t=13457 RX ua=95 mt=R len=7
PKT t=13462 TX ua=95 mt=P len=0
PKT t=13491 RX ua=95 mt=R len=7
PKT t=13496 TX ua=95 mt=P len=0
PKT t=13506 RX ua=95 mt=R len=7
PKT t=13511 TX ua=95 mt=P len=0
PKT t=13521 RX ua=95 mt=R len=7
PKT t=13526 TX ua=95 mt=P len=0
PKT t=13539 RX ua=95 mt=R len=7
PKT t=13544 TX ua=95 mt=P len=0
PKT t=13554 RX ua=95 mt=R len=7
PKT t=13559 TX ua=95 mt=P len=0
PKT t=13590 RX ua=95 mt=R len=7
PKT t=13595 TX ua=95 mt=P len=0
PKT t=13605 RX ua=95 mt=R len=7
PKT t=13610 TX ua=95 mt=T len=7
PKT t=13623 TX ua=95 mt=P len=0
PKT t=13632 RX ua=95 mt=R len=7
PKT t=13637 TX ua=95 mt=P len=0
PKT t=13646 RX ua=95 mt=R len=7
PKT t=13651 TX ua=95 mt=P len=0
PKT t=13660 RX ua=95 mt=R len=7
PKT t=13665 TX ua=95 mt=P len=0
PKT t=13694 RX ua=95 mt=R len=7
PKT t=13699 TX ua=95 mt=P len=0
PKT t=13708 RX ua=95 mt=R len=7
PKT t=13713 TX ua=95 mt=P len=0
PKT t=13722 RX ua=95 mt=R len=7
PKT t=13727 TX ua=95 mt=P len=0
PKT t=13736 RX ua=95 mt=R len=7
PKT t=13741 TX ua=95 mt=P len=0
PKT t=13750 RX ua=95 mt=R len=7
PKT t=13755 TX ua=95 mt=P len=0
PKT t=13764 RX ua=95 mt=R len=7
PKT t=13769 TX ua=95 mt=P len=0
PKT t=13798 RX ua=95 mt=R len=7
PKT t=13803 TX ua=95 mt=P len=0
PKT t=13812 RX ua=95 mt=R len=7
PKT t=13817 TX ua=95 mt=P len=0
PKT t=13826 RX ua=95 mt=R len=7
PKT t=13831 TX ua=95 mt=P len=0
PKT t=13840 RX ua=95 mt=R len=7
PKT t=13849 TX ua=95 mt=P len=0
PKT t=13858 RX ua=95 mt=R len=7
PKT t=13863 TX ua=95 mt=T len=7
PKT t=13876 TX ua=95 mt=P len=0
PKT t=13903 RX ua=95 mt=R len=7
PKT t=13908 TX ua=95 mt=P len=0
PKT t=13917 RX ua=95 mt=R len=7
PKT t=13922 TX ua=95 mt=P len=0
PKT t=13931 RX ua=95 mt=R len=7
PKT t=13936 TX ua=95 mt=P len=0
PKT t=13945 RX ua=95 mt=R len=7
PKT t=13950 TX ua=95 mt=P len=0
PKT t=13959 RX ua=95 mt=R len=7
PKT t=13964 TX ua=95 mt=P len=0
PKT t=13973 RX ua=95 mt=R len=7
PKT t=13978 TX ua=95 mt=P len=0
PKT t=14011 RX ua=95 mt=R len=7
PKT t=14016 TX ua=95 mt=P len=0
PKT t=14025 RX ua=95 mt=R len=7
PKT t=14030 TX ua=95 mt=P len=0
PKT t=14039 RX ua=95 mt=R len=7
PKT t=14044 TX ua=95 mt=P len=0
PKT t=14053 RX ua=95 mt=R len=7
PKT t=14058 TX ua=95 mt=P len=0
PKT t=14067 RX ua=95 mt=R len=7
PKT t=14072 TX ua=95 mt=P len=0
PKT t=14081 RX ua=95 mt=R len=7
PKT t=14086 TX ua=95 mt=P len=0
PKT t=14115 RX ua=95 mt=R len=7
PKT t=14120 TX ua=95 mt=T len=7
PKT t=14132 TX ua=95 mt=P len=0
PKT t=14141 RX ua=95 mt=R len=7
PKT t=14146 TX ua=95 mt=P len=0
PKT t=14159 RX ua=95 mt=R len=7
PKT t=14164 TX ua=95 mt=P len=0
PKT t=14173 RX ua=95 mt=R len=7
PKT t=14178 TX ua=95 mt=P len=0
PKT t=14187 RX ua=95 mt=R len=7
PKT t=14192 TX ua=95 mt=P len=0
PKT t=14221 RX ua=95 mt=R len=7
PKT t=14226 TX ua=95 mt=P len=0
PKT t=14235 RX ua=95 mt=R len=7
PKT t=14240 TX ua=95 mt=P len=0
PKT t=14249 RX ua=95 mt=R len=7
PKT t=14254 TX ua=95 mt=P len=0
PKT t=14264 RX ua=95 mt=R len=7
PKT t=14269 TX ua=95 mt=P len=0
PKT t=14278 RX ua=95 mt=R len=7
PKT t=14283 TX ua=95 mt=P len=0
PKT t=14292 RX ua=95 mt=R len=7
PKT t=14297 TX ua=95 mt=P len=0
PKT t=14326 RX ua=95 mt=R len=7
PKT t=14331 TX ua=95 mt=P len=0
PKT t=14340 RX ua=95 mt=R len=7
PKT t=14345 TX ua=95 mt=P len=0
PKT t=14354 RX ua=95 mt=R len=7
PKT t=14359 TX ua=95 mt=P len=0
PKT t=14369 RX ua=95 mt=R len=7
PKT t=14374 TX ua=95 mt=T len=7
PKT t=14386 TX ua=95 mt=P len=0
PKT t=14395 RX ua=95 mt=R len=7
PKT t=14400 TX ua=95 mt=P len=0
PKT t=14429 RX ua=95 mt=R len=7
PKT t=14434 TX ua=95 mt=P len=0
PKT t=14443 RX ua=95 mt=R len=7
PKT t=14448 TX ua=95 mt=P len=0
PKT t=14458 RX ua=95 mt=R len=7
PKT t=14469 TX ua=95 mt=P len=0
PKT t=14478 RX ua=95 mt=R len=7
PKT t=14483 TX ua=95 mt=P len=0
PKT t=14492 RX ua=95 mt=R len=7
PKT t=14497 TX ua=95 mt=P len=0
PKT t=14530 RX ua=95 mt=R len=7
PKT t=14535 TX ua=95 mt=P len=0
PKT t=14544 RX ua=95 mt=R len=7
PKT t=14549 TX ua=95 mt=P len=0
PKT t=14558 RX ua=95 mt=R len=7
PKT t=14563 TX ua=95 mt=P len=0
PKT t=14572 RX ua=95 mt=R len=7
PKT t=14577 TX ua=95 mt=P len=0
PKT t=14586 RX ua=95 mt=R len=7
PKT t=14591 TX ua=95 mt=P len=0
PKT t=14600 RX ua=95 mt=R len=7
PKT t=14605 TX ua=95 mt=P len=0
PKT t=14634 RX ua=95 mt=R len=7
PKT t=14639 TX ua=95 mt=T len=7
PKT t=14651 TX ua=95 mt=P len=0
PKT t=14661 RX ua=95 mt=R len=7
PKT t=14666 TX ua=95 mt=P len=0
PKT t=14675 RX ua=95 mt=R len=7
PKT t=14680 TX ua=95 mt=P len=0
PKT t=14689 RX ua=95 mt=R len=7
PKT t=14694 TX ua=95 mt=P len=0
PKT t=14703 RX ua=95 mt=R len=7
PKT t=14708 TX ua=95 mt=P len=0
PKT t=14737 RX ua=95 mt=R len=7
PKT t=14742 TX ua=95 mt=P len=0
PKT t=14751 RX ua=95 mt=R len=7
PKT t=14756 TX ua=95 mt=P len=0
PKT t=14765 RX ua=95 mt=R len=7
PKT t=14770 TX ua=95 mt=P len=0
PKT t=14779 RX ua=95 mt=R len=7
PKT t=14784 TX ua=95 mt=P len=0
PKT t=14793 RX ua=95 mt=R len=7
PKT t=14798 TX ua=95 mt=P len=0
PKT t=14807 RX ua=95 mt=R len=7
PKT t=14812 TX ua=95 mt=P len=0
PKT t=14841 RX ua=95 mt=R len=7
PKT t=14846 TX ua=95 mt=P len=0
PKT t=14855 RX ua=95 mt=R len=7
PKT t=14860 TX ua=95 mt=T len=7
PKT t=14872 TX ua=95 mt=P len=0
PKT t=14881 RX ua=95 mt=R len=7
PKT t=14886 TX ua=95 mt=P len=0
PKT t=14895 RX ua=95 mt=R len=7
PKT t=14900 TX ua=95 mt=P len=0
PKT t=14909 RX ua=95 mt=R len=7
PKT t=14914 TX ua=95 mt=P len=0
PKT t=14943 RX ua=95 mt=R len=7
PKT t=14948 TX ua=95 mt=P len=0
PKT t=14957 RX ua=95 mt=R len=7
PKT t=14962 TX ua=95 mt=P len=0
PKT t=14971 RX ua=95 mt=R len=7
PKT t=14976 TX ua=95 mt=P len=0
PKT t=14985 RX ua=95 mt=R len=7
PKT t=14990 TX ua=95 mt=P len=0
PKT t=14999 RX ua=95 mt=R len=7
PKT t=15004 TX ua=95 mt=P len=0
PKT t=15013 RX ua=95 mt=R len=7
PKT t=15018 TX ua=95 mt=P len=0
PKT t=15047 RX ua=95 mt=R len=7
PKT t=15052 TX ua=95 mt=P len=0
PKT t=15061 RX ua=95 mt=R len=7
PKT t=15066 TX ua=95 mt=P len=0
PKT t=15075 RX ua=95 mt=R len=7
PKT t=15080 TX ua=95 mt=P len=0
PKT t=15089 RX ua=95 mt=R len=7
PKT t=15094 TX ua=95 mt=P len=0
PKT t=15103 RX ua=95 mt=R len=7
PKT t=15108 TX ua=95 mt=T len=7
PKT t=15120 TX ua=95 mt=P len=0
PKT t=15149 RX ua=95 mt=R len=7
PKT t=15154 TX ua=95 mt=P len=0
PKT t=15163 RX ua=95 mt=R len=7
PKT t=15168 TX ua=95 mt=P len=0
PKT t=15177 RX ua=95 mt=R len=7
PKT t=15182 TX ua=95 mt=P len=0
PKT t=15191 RX ua=95 mt=R len=7
PKT t=15196 TX ua=95 mt=P len=0
PKT t=15205 RX ua=95 mt=R len=7
PKT t=15210 TX ua=95 mt=P len=0
PKT t=15219 RX ua=95 mt=R len=7
PKT t=15224 TX ua=95 mt=P len=0
PKT t=15253 RX ua=95 mt=R len=7
PKT t=15258 TX ua=95 mt=P len=0
PKT t=15267 RX ua=95 mt=R len=7
PKT t=15272 TX ua=95 mt=P len=0
PKT t=15281 RX ua=95 mt=R len=7
PKT t=15286 TX ua=95 mt=P len=0
PKT t=15295 RX ua=95 mt=R len=7
PKT t=15300 TX ua=95 mt=P len=0
PKT t=15309 RX ua=95 mt=R len=7
PKT t=15314 TX ua=95 mt=P len=0
PKT t=15323 RX ua=95 mt=R len=7
PKT t=15328 TX ua=95 mt=P len=0
PKT t=15357 RX ua=95 mt=R len=7
PKT t=15362 TX ua=95 mt=T len=7
PKT t=15374 TX ua=95 mt=P len=0
PKT t=15384 RX ua=95 mt=R len=7
PKT t=15389 TX ua=95 mt=P len=0
PKT t=15399 RX ua=95 mt=R len=7
PKT t=15404 TX ua=95 mt=P len=0
PKT t=15414 RX ua=95 mt=R len=7
PKT t=15419 TX ua=95 mt=P len=0
PKT t=15429 RX ua=95 mt=R len=7
PKT t=15434 TX ua=95 mt=P len=0
PKT t=15464 RX ua=95 mt=R len=7
PKT t=15469 TX ua=95 mt=P len=0
PKT t=15479 RX ua=95 mt=R len=7
PKT t=15484 TX ua=95 mt=P len=0
PKT t=15494 RX ua=95 mt=R len=7
PKT t=15499 TX ua=95 mt=P len=0
PKT t=15509 RX ua=95 mt=R len=7
PKT t=15514 TX ua=95 mt=P len=0
PKT t=15524 RX ua=95 mt=R len=7
PKT t=15529 TX ua=95 mt=P len=0
PKT t=15562 RX ua=95 mt=R len=7
PKT t=15567 TX ua=95 mt=P len=0
PKT t=15577 RX ua=95 mt=R len=7
PKT t=15582 TX ua=95 mt=P len=0
PKT t=15592 RX ua=95 mt=R len=7
PKT t=15597 TX ua=95 mt=P len=0
PKT t=15607 RX ua=95 mt=R len=7
PKT t=15612 TX ua=95 mt=T len=7
PKT t=15624 TX ua=95 mt=P len=0
PKT t=15633 RX ua=95 mt=R len=7
PKT t=15638 TX ua=95 mt=P len=0
PKT t=15668 RX ua=95 mt=R len=7
PKT t=15673 TX ua=95 mt=P len=0
PKT t=15682 RX ua=95 mt=R len=7
PKT t=15687 TX ua=95 mt=P len=0
PKT t=15696 RX ua=95 mt=R len=7
PKT t=15701 TX ua=95 mt=P len=0
PKT t=15710 RX ua=95 mt=R len=7
PKT t=15715 TX ua=95 mt=P len=0
PKT t=15724 RX ua=95 mt=R len=7
PKT t=15729 TX ua=95 mt=P len=0
PKT t=15738 RX ua=95 mt=R len=7
PKT t=15743 TX ua=95 mt=P len=0
PKT t=15773 RX ua=95 mt=R len=7
PKT t=15778 TX ua=95 mt=P len=0
PKT t=15787 RX ua=95 mt=R len=7
PKT t=15792 TX ua=95 mt=P len=0
PKT t=15801 RX ua=95 mt=R len=7
PKT t=15806 TX ua=95 mt=P len=0
PKT t=15815 RX ua=95 mt=R len=7
PKT t=15820 TX ua=95 mt=P len=0
PKT t=15829 RX ua=95 mt=R len=7
PKT t=15834 TX ua=95 mt=P len=0
PKT t=15843 RX ua=95 mt=R len=7
PKT t=15848 TX ua=95 mt=P len=0
PKT t=15877 RX ua=95 mt=R len=7
PKT t=15882 TX ua=95 mt=T len=7
PKT t=15894 TX ua=95 mt=P len=0
PKT t=15903 RX ua=95 mt=R len=7
PKT t=15908 TX ua=95 mt=P len=0
PKT t=15917 RX ua=95 mt=R len=7
PKT t=15922 TX ua=95 mt=P len=0
PKT t=15931 RX ua=95 mt=R len=7
PKT t=15936 TX ua=95 mt=P len=0
PKT t=15945 RX ua=95 mt=R len=7
PKT t=15950 TX ua=95 mt=P len=0
PKT t=15979 RX ua=95 mt=R len=7
PKT t=15984 TX ua=95 mt=P len=0
PKT t=15993 RX ua=95 mt=R len=7
PKT t=15998 TX ua=95 mt=P len=0
PKT t=16007 RX ua=95 mt=R len=7
PKT t=16012 TX ua=95 mt=P len=0
PKT t=16021 RX ua=95 mt=R len=7
PKT t=16026 TX ua=95 mt=P len=0
PKT t=16035 RX ua=95 mt=R len=7
PKT t=16040 TX ua=95 mt=P len=0
PKT t=16049 RX ua=95 mt=R len=7
PKT t=16054 TX ua=95 mt=P len=0
PKT t=16083 RX ua=95 mt=R len=7
PKT t=16088 TX ua=95 mt=P len=0
PKT t=16097 RX ua=95 mt=R len=7
PKT t=16102 TX ua=95 mt=T len=7
PKT t=16114 TX ua=95 mt=P len=0
PKT t=16123 RX ua=95 mt=R len=7
PKT t=16128 TX ua=95 mt=T len=7
PKT t=16140 TX ua=95 mt=P len=0
PKT t=16149 RX ua=95 mt=R len=7
PKT t=16154 TX ua=95 mt=P len=0
PKT t=16183 RX ua=95 mt=R len=7
PKT t=16188 TX ua=95 mt=P len=0
PKT t=16197 RX ua=95 mt=R len=7
PKT t=16202 TX ua=95 mt=P len=0
PKT t=16211 RX ua=95 mt=R len=7
PKT t=16216 TX ua=95 mt=P len=0
PKT t=16225 RX ua=95 mt=R len=7
PKT t=16230 TX ua=95 mt=P len=0
PKT t=16240 RX ua=95 mt=R len=7
PKT t=16244 TX ua=95 mt=P len=0
PKT t=16253 RX ua=95 mt=R len=7
PKT t=16258 TX ua=95 mt=P len=0
PKT t=16287 RX ua=95 mt=R len=7
PKT t=16292 TX ua=95 mt=P len=0
PKT t=16301 RX ua=95 mt=R len=7
PKT t=16306 TX ua=95 mt=P len=0
PKT t=16315 RX ua=95 mt=R len=7
PKT t=16320 TX ua=95 mt=P len=0
PKT t=16329 RX ua=95 mt=R len=7
PKT t=16334 TX ua=95 mt=P len=0
PKT t=16343 RX ua=95 mt=R len=7
PKT t=16348 TX ua=95 mt=P len=0
PKT t=16357 RX ua=95 mt=R len=7
PKT t=16362 TX ua=95 mt=P len=0
PKT t=16391 RX ua=95 mt=R len=7
PKT t=16396 TX ua=95 mt=T len=7
PKT t=16408 TX ua=95 mt=P len=0
PKT t=16417 RX ua=95 mt=R len=7
PKT t=16422 TX ua=95 mt=P len=0
PKT t=16431 RX ua=95 mt=R len=7
PKT t=16436 TX ua=95 mt=P len=0
PKT t=16445 RX ua=95 mt=R len=7
PKT t=16450 TX ua=95 mt=P len=0
PKT t=16459 RX ua=95 mt=R len=7
PKT t=16464 TX ua=95 mt=P len=0
PKT t=16493 RX ua=95 mt=R len=7
PKT t=16498 TX ua=95 mt=P len=0
PKT t=16507 RX ua=95 mt=R len=7
PKT t=16512 TX ua=95 mt=P len=0
PKT t=16521 RX ua=95 mt=R len=7
PKT t=16526 TX ua=95 mt=P len=0
PKT t=16535 RX ua=95 mt=R len=7
PKT t=16540 TX ua=95 mt=P len=0
PKT t=16549 RX ua=95 mt=R len=7
PKT t=16554 TX ua=95 mt=P len=0
PKT t=16563 RX ua=95 mt=R len=7
PKT t=16568 TX ua=95 mt=P len=0
PKT t=16597 RX ua=95 mt=R len=7
PKT t=16602 TX ua=95 mt=P len=0
PKT t=16611 RX ua=95 mt=R len=7
PKT t=16616 TX ua=95 mt=T len=7
PKT t=16628 TX ua=95 mt=P len=0
PKT t=16639 RX ua=95 mt=R len=7
PKT t=16644 TX ua=95 mt=P len=0
PKT t=16653 RX ua=95 mt=R len=7
PKT t=16658 TX ua=95 mt=P len=0
PKT t=16667 RX ua=95 mt=R len=7
PKT t=16672 TX ua=95 mt=P len=0
PKT t=16701 RX ua=95 mt=R len=7
PKT t=16706 TX ua=95 mt=P len=0
PKT t=16715 RX ua=95 mt=R len=7
PKT t=16720 TX ua=95 mt=P len=0
PKT t=16729 RX ua=95 mt=R len=7
PKT t=16734 TX ua=95 mt=P len=0
PKT t=16743 RX ua=95 mt=R len=7
PKT t=16748 TX ua=95 mt=P len=0
PKT t=16757 RX ua=95 mt=R len=7
PKT t=16762 TX ua=95 mt=P len=0
PKT t=16771 RX ua=95 mt=R len=7
PKT t=16776 TX ua=95 mt=P len=0
PKT t=16805 RX ua=95 mt=R len=7
PKT t=16810 TX ua=95 mt=P len=0
PKT t=16819 RX ua=95 mt=R len=7
PKT t=16824 TX ua=95 mt=P len=0
PKT t=16833 RX ua=95 mt=R len=7
PKT t=16838 TX ua=95 mt=P len=0
PKT t=16847 RX ua=95 mt=R len=7
PKT t=16852 TX ua=95 mt=P len=0
PKT t=16861 RX ua=95 mt=R len=7
PKT t=16866 TX ua=95 mt=T len=7
PKT t=16878 TX ua=95 mt=P len=0
PKT t=16906 RX ua=95 mt=R len=7
PKT t=16911 TX ua=95 mt=P len=0
PKT t=16920 RX ua=95 mt=R len=7
PKT t=16925 TX ua=95 mt=P len=0
PKT t=16934 RX ua=95 mt=R len=7
PKT t=16939 TX ua=95 mt=P len=0
PKT t=16949 RX ua=95 mt=R len=7
PKT t=16954 TX ua=95 mt=P len=0
PKT t=16963 RX ua=95 mt=R len=7
PKT t=16968 TX ua=95 mt=P len=0
PKT t=16977 RX ua=95 mt=R len=7
PKT t=16982 TX ua=95 mt=P len=0
PKT t=17011 RX ua=95 mt=R len=7
PKT t=17016 TX ua=95 mt=P len=0
PKT t=17025 RX ua=95 mt=R len=7
PKT t=17030 TX ua=95 mt=P len=0
PKT t=17039 RX ua=95 mt=R len=7
PKT t=17044 TX ua=95 mt=P len=0
PKT t=17053 RX ua=95 mt=R len=7
PKT t=17058 TX ua=95 mt=P len=0
PKT t=17067 RX ua=95 mt=R len=7
PKT t=17072 TX ua=95 mt=P len=0
PKT t=17081 RX ua=95 mt=R len=7
PKT t=17086 TX ua=95 mt=P len=0
PKT t=17115 RX ua=95 mt=R len=7
PKT t=17120 TX ua=95 mt=T len=7
PKT t=17132 TX ua=95 mt=P len=0
PKT t=17141 RX ua=95 mt=R len=7
PKT t=17146 TX ua=95 mt=P len=0
PKT t=17155 RX ua=95 mt=R len=7
PKT t=17160 TX ua=95 mt=P len=0
PKT t=17169 RX ua=95 mt=R len=7
PKT t=17174 TX ua=95 mt=P len=0
PKT t=17183 RX ua=95 mt=R len=7
PKT t=17188 TX ua=95 mt=P len=0
PKT t=17217 RX ua=95 mt=R len=7
PKT t=17222 TX ua=95 mt=P len=0
PKT t=17231 RX ua=95 mt=R len=7
PKT t=17236 TX ua=95 mt=P len=0
PKT t=17245 RX ua=95 mt=R len=7
PKT t=17250 TX ua=95 mt=P len=0
PKT t=17259 RX ua=95 mt=R len=7
PKT t=17264 TX ua=95 mt=P len=0
PKT t=17273 RX ua=95 mt=R len=7
PKT t=17278 TX ua=95 mt=P len=0
PKT t=17287 RX ua=95 mt=R len=7
PKT t=17292 TX ua=95 mt=P len=0
PKT t=17321 RX ua=95 mt=R len=7
PKT t=17326 TX ua=95 mt=P len=0
PKT t=17335 RX ua=95 mt=R len=7
PKT t=17340 TX ua=95 mt=P len=0
PKT t=17349 RX ua=95 mt=R len=7
PKT t=17354 TX ua=95 mt=P len=0
PKT t=17363 RX ua=95 mt=R len=7
PKT t=17368 TX ua=95 mt=T len=7
PKT t=17380 TX ua=95 mt=P len=0
PKT t=17390 RX ua=95 mt=R len=7
PKT t=17395 TX ua=95 mt=P len=0
PKT t=17424 RX ua=95 mt=R len=7
PKT t=17429 TX ua=95 mt=P len=0
PKT t=17439 RX ua=95 mt=R len=7
PKT t=17444 TX ua=95 mt=P len=0
PKT t=17454 RX ua=95 mt=R len=7
PKT t=17459 TX ua=95 mt=P len=0
PKT t=17469 RX ua=95 mt=R len=7
PKT t=17474 TX ua=95 mt=P len=0
PKT t=17484 RX ua=95 mt=R len=7
PKT t=17489 TX ua=95 mt=P len=0
PKT t=17499 RX ua=95 mt=R len=7
PKT t=17504 TX ua=95 mt=P len=0
PKT t=17533 RX ua=95 mt=R len=7
PKT t=17538 TX ua=95 mt=P len=0
PKT t=17548 RX ua=95 mt=R len=7
PKT t=17553 TX ua=95 mt=P len=0
PKT t=17569 RX ua=95 mt=R len=7
PKT t=17574 TX ua=95 mt=P len=0
PKT t=17584 RX ua=95 mt=R len=7
PKT t=17589 TX ua=95 mt=P len=0
PKT t=17599 RX ua=95 mt=R len=7
PKT t=17604 TX ua=95 mt=P len=0
PKT t=17633 RX ua=95 mt=R len=7
PKT t=17638 TX ua=95 mt=T len=7
PKT t=17650 TX ua=95 mt=P len=0
PKT t=17659 RX ua=95 mt=R len=7
PKT t=17664 TX ua=95 mt=P len=0
PKT t=17673 RX ua=95 mt=R len=7
PKT t=17678 TX ua=95 mt=P len=0
PKT t=17687 RX ua=95 mt=R len=7
PKT t=17692 TX ua=95 mt=P len=0
PKT t=17701 RX ua=95 mt=R len=7
PKT t=17706 TX ua=95 mt=P len=0
PKT t=17735 RX ua=95 mt=R len=7
PKT t=17740 TX ua=95 mt=P len=0
PKT t=17749 RX ua=95 mt=R len=7
PKT t=17754 TX ua=95 mt=P len=0
PKT t=17763 RX ua=95 mt=R len=7
PKT t=17768 TX ua=95 mt=P len=0
PKT t=17777 RX ua=95 mt=R len=7
PKT t=17782 TX ua=95 mt=P len=0
PKT t=17791 RX ua=95 mt=R len=7
PKT t=17796 TX ua=95 mt=P len=0
PKT t=17805 RX ua=95 mt=R len=7
PKT t=17810 TX ua=95 mt=P len=0
PKT t=17839 RX ua=95 mt=R len=7
PKT t=17844 TX ua=95 mt=P len=0
PKT t=17853 RX ua=95 mt=R len=7
PKT t=17858 TX ua=95 mt=P len=0
PKT t=17867 RX ua=95 mt=R len=7
PKT t=17872 TX ua=95 mt=T len=7
PKT t=17887 TX ua=95 mt=P len=0
PKT t=17896 RX ua=95 mt=R len=7
PKT t=17901 TX ua=95 mt=P len=0
PKT t=17910 RX ua=95 mt=R len=7
PKT t=17915 TX ua=95 mt=P len=0
PKT t=17944 RX ua=95 mt=R len=7
PKT t=17949 TX ua=95 mt=P len=0
PKT t=17958 RX ua=95 mt=R len=7
PKT t=17963 TX ua=95 mt=P len=0
PKT t=17972 RX ua=95 mt=R len=7
PKT t=17977 TX ua=95 mt=P len=0
PKT t=17986 RX ua=95 mt=R len=7
PKT t=17991 TX ua=95 mt=P len=0
PKT t=18000 RX ua=95 mt=R len=7
PKT t=18005 TX ua=95 mt=P len=0
PKT t=18014 RX ua=95 mt=R len=7
PKT t=18019 TX ua=95 mt=P len=0
PKT t=18048 RX ua=95 mt=R len=7
PKT t=18053 TX ua=95 mt=P len=0
PKT t=18062 RX ua=95 mt=R len=7
PKT t=18067 TX ua=95 mt=P len=0
PKT t=18076 RX ua=95 mt=R len=7
PKT t=18081 TX ua=95 mt=P len=0
PKT t=18090 RX ua=95 mt=R len=7
PKT t=18095 TX ua=95 mt=P len=0
PKT t=18104 RX ua=95 mt=R len=7
PKT t=18109 TX ua=95 mt=T len=7
PKT t=18122 TX ua=95 mt=P len=0
PKT t=18154 RX ua=95 mt=R len=7
PKT t=18159 TX ua=95 mt=T len=7
PKT t=18172 TX ua=95 mt=P len=0
PKT t=18181 RX ua=95 mt=R len=7
PKT t=18189 TX ua=95 mt=P len=0
PKT t=18198 RX ua=95 mt=R len=7
PKT t=18203 TX ua=95 mt=P len=0
PKT t=18212 RX ua=95 mt=R len=7
PKT t=18217 TX ua=95 mt=P len=0
PKT t=18249 RX ua=95 mt=R len=7
PKT t=18254 TX ua=95 mt=P len=0
PKT t=18263 RX ua=95 mt=R len=7
PKT t=18268 TX ua=95 mt=P len=0
PKT t=18277 RX ua=95 mt=R len=7
PKT t=18282 TX ua=95 mt=P len=0
PKT t=18291 RX ua=95 mt=R len=7
PKT t=18296 TX ua=95 mt=P len=0
PKT t=18305 RX ua=95 mt=R len=7
PKT t=18310 TX ua=95 mt=P len=0
PKT t=18319 RX ua=95 mt=R len=7
PKT t=18324 TX ua=95 mt=P len=0
PKT t=18353 RX ua=95 mt=R len=7
PKT t=18358 TX ua=95 mt=P len=0
PKT t=18367 RX ua=95 mt=R len=7
PKT t=18372 TX ua=95 mt=T len=7
PKT t=18385 TX ua=95 mt=P len=0
PKT t=18394 RX ua=95 mt=R len=7
PKT t=18399 TX ua=95 mt=P len=0
PKT t=18408 RX ua=95 mt=R len=7
PKT t=18413 TX ua=96 mt=I len=13
PKT t=18921 TX ua=96 mt=T len=4
PKT t=18932 TX ua=95 mt=P len=0
PKT t=18941 RX ua=95 mt=R len=7
PKT t=18946 TX ua=96 mt=P len=0
PKT t=19204 TX ua=95 mt=P len=0
PKT t=19213 RX ua=95 mt=R len=7
PKT t=19218 TX ua=95 mt=T len=7
PKT t=19230 TX ua=95 mt=P len=0
PKT t=19258 RX ua=95 mt=R len=7
PKT t=19263 TX ua=95 mt=P len=0
PKT t=19274 RX ua=95 mt=R len=7
PKT t=19279 TX ua=95 mt=P len=0
PKT t=19288 RX ua=95 mt=R len=7
PKT t=19293 TX ua=95 mt=P len=0
PKT t=19302 RX ua=95 mt=R len=7
PKT t=19307 TX ua=95 mt=P len=0
PKT t=19316 RX ua=95 mt=R len=7
PKT t=19321 TX ua=95 mt=P len=0
PKT t=19330 RX ua=95 mt=R len=7
PKT t=19335 TX ua=95 mt=P len=0
PKT t=19364 RX ua=95 mt=R len=7
PKT t=19369 TX ua=95 mt=P len=0
PKT t=19378 RX ua=95 mt=R len=7
PKT t=19383 TX ua=95 mt=T len=7
PKT t=19395 TX ua=95 mt=P len=0
PKT t=19405 RX ua=95 mt=R len=7
PKT t=19410 TX ua=95 mt=P len=0
PKT t=19420 RX ua=95 mt=R len=7
PKT t=19429 TX ua=95 mt=P len=0
PKT t=19439 RX ua=95 mt=R len=7
PKT t=19444 TX ua=95 mt=P len=0
PKT t=19473 RX ua=95 mt=R len=7
PKT t=19478 TX ua=95 mt=P len=0
PKT t=19488 RX ua=95 mt=R len=7
PKT t=19493 TX ua=95 mt=P len=0
PKT t=19503 RX ua=95 mt=R len=7
PKT t=19508 TX ua=95 mt=P len=0
PKT t=19518 RX ua=95 mt=R len=7
PKT t=19523 TX ua=95 mt=P len=0
PKT t=19534 RX ua=95 mt=R len=7
PKT t=19539 TX ua=95 mt=P len=0
PKT t=19572 RX ua=95 mt=R len=7
PKT t=19577 TX ua=95 mt=P len=0
PKT t=19587 RX ua=95 mt=R len=7
PKT t=19592 TX ua=95 mt=P len=0
PKT t=19602 RX ua=95 mt=R len=7
PKT t=19607 TX ua=95 mt=P len=0
PKT t=19617 RX ua=95 mt=R len=7
PKT t=19622 TX ua=95 mt=T len=7
PKT t=19634 TX ua=95 mt=P len=0
PKT t=19643 RX ua=95 mt=R len=7
PKT t=19648 TX ua=95 mt=P len=0
PKT t=19677 RX ua=95 mt=R len=7
PKT t=19682 TX ua=95 mt=P len=0
PKT t=19691 RX ua=95 mt=R len=7
PKT t=19696 TX ua=95 mt=P len=0
PKT t=19705 RX ua=95 mt=R len=7
PKT t=19710 TX ua=95 mt=P len=0
PKT t=19719 RX ua=95 mt=R len=7
PKT t=19724 TX ua=95 mt=P len=0
PKT t=19739 RX ua=95 mt=R len=7
PKT t=19744 TX ua=95 mt=P len=0
PKT t=19777 RX ua=95 mt=R len=7
PKT t=19782 TX ua=95 mt=P len=0
PKT t=19791 RX ua=95 mt=R len=7
PKT t=19796 TX ua=95 mt=P len=0
PKT t=19805 RX ua=95 mt=R len=7
PKT t=19810 TX ua=95 mt=P len=0
PKT t=19819 RX ua=95 mt=R len=7
PKT t=19824 TX ua=95 mt=P len=0
PKT t=19833 RX ua=95 mt=R len=7
PKT t=19838 TX ua=95 mt=P len=0
PKT t=19847 RX ua=95 mt=R len=7
PKT t=19852 TX ua=95 mt=P len=0
PKT t=19881 RX ua=95 mt=R len=7
PKT t=19886 TX ua=95 mt=T len=7
PKT t=19901 TX ua=95 mt=P len=0
PKT t=19910 RX ua=95 mt=R len=7
PKT t=19915 TX ua=95 mt=P len=0
PKT t=19924 RX ua=95 mt=R len=7
PKT t=19929 TX ua=95 mt=P len=0
PKT t=19938 RX ua=95 mt=R len=7
PKT t=19943 TX ua=95 mt=P len=0
PKT t=19952 RX ua=95 mt=R len=7
PKT t=19957 TX ua=95 mt=P len=0
PKT t=19986 RX ua=95 mt=R len=7
PKT t=19991 TX ua=95 mt=P len=0
PKT t=20000 RX ua=95 mt=R len=7
PKT t=20005 TX ua=95 mt=P len=0
PKT t=20014 RX ua=95 mt=R len=7
PKT t=20019 TX ua=95 mt=P len=0
PKT t=20028 RX ua=95 mt=R len=7
PKT t=20033 TX ua=95 mt=P len=0
PKT t=20049 RX ua=95 mt=R len=7
PKT t=20054 TX ua=95 mt=P len=0
PKT t=20086 RX ua=95 mt=R len=7
PKT t=20091 TX ua=95 mt=P len=0
PKT t=20100 RX ua=95 mt=R len=7
PKT t=20105 TX ua=95 mt=T len=7
PKT t=20117 TX ua=95 mt=P len=0
PKT t=20126 RX ua=95 mt=R len=7
PKT t=20131 TX ua=95 mt=T len=7
PKT t=20143 TX ua=95 mt=P len=0
PKT t=20154 RX ua=95 mt=R len=7
PKT t=20159 TX ua=95 mt=P len=0
PKT t=20188 RX ua=95 mt=R len=7
PKT t=20193 TX ua=95 mt=P len=0
PKT t=20204 RX ua=95 mt=R len=7
PKT t=20209 TX ua=95 mt=P len=0
PKT t=20218 RX ua=95 mt=R len=7
PKT t=20223 TX ua=95 mt=P len=0
PKT t=20232 RX ua=95 mt=R len=7
PKT t=20237 TX ua=95 mt=P len=0
PKT t=20246 RX ua=95 mt=R len=7
PKT t=20251 TX ua=95 mt=P len=0
PKT t=20260 RX ua=95 mt=R len=7
PKT t=20265 TX ua=95 mt=P len=0
PKT t=20294 RX ua=95 mt=R len=7
PKT t=20299 TX ua=95 mt=P len=0
PKT t=20308 RX ua=95 mt=R len=7
PKT t=20313 TX ua=95 mt=P len=0
PKT t=20322 RX ua=95 mt=R len=7
PKT t=20327 TX ua=95 mt=P len=0
PKT t=20336 RX ua=95 mt=R len=7
PKT t=20341 TX ua=95 mt=P len=0
PKT t=20350 RX ua=95 mt=R len=7
PKT t=20359 TX ua=95 mt=P len=0
PKT t=20368 RX ua=95 mt=R len=7
PKT t=20373 TX ua=95 mt=T len=7
PKT t=20385 TX ua=95 mt=P len=0
PKT t=20404 RX ua=95 mt=R len=7
PKT t=20409 TX ua=95 mt=P len=0
PKT t=20418 RX ua=95 mt=R len=7
PKT t=20423 TX ua=95 mt=P len=0
PKT t=20432 RX ua=95 mt=R len=7
PKT t=20437 TX ua=95 mt=P len=0
PKT t=20446 RX ua=95 mt=R len=7
PKT t=20451 TX ua=95 mt=P len=0
PKT t=20460 RX ua=95 mt=R len=7
PKT t=20465 TX ua=95 mt=P len=0
PKT t=20474 RX ua=95 mt=R len=7
PKT t=20479 TX ua=95 mt=P len=0
PKT t=20514 RX ua=95 mt=R len=7
PKT t=20519 TX ua=95 mt=P len=0
PKT t=20528 RX ua=95 mt=R len=7
PKT t=20533 TX ua=95 mt=P len=0
PKT t=20542 RX ua=95 mt=R len=7
PKT t=20547 TX ua=95 mt=P len=0
PKT t=20556 RX ua=95 mt=R len=7
PKT t=20561 TX ua=95 mt=P len=0
PKT t=20570 RX ua=95 mt=R len=7
PKT t=20575 TX ua=95 mt=P len=0
PKT t=20608 RX ua=95 mt=R len=7
PKT t=20613 TX ua=95 mt=P len=0
PKT t=20622 RX ua=95 mt=R len=7
PKT t=20627 TX ua=95 mt=T len=7
PKT t=20639 TX ua=95 mt=P len=0
PKT t=20648 RX ua=95 mt=R len=7
PKT t=20653 TX ua=95 mt=P len=0
PKT t=20669 RX ua=95 mt=R len=7
PKT t=20674 TX ua=95 mt=P len=0
PKT t=20683 RX ua=95 mt=R len=7
PKT t=20688 TX ua=95 mt=P len=0
PKT t=20717 RX ua=95 mt=R len=7
PKT t=20722 TX ua=95 mt=P len=0
PKT t=20731 RX ua=95 mt=R len=7
PKT t=20736 TX ua=95 mt=P len=0
PKT t=20746 RX ua=95 mt=R len=7
PKT t=20751 TX ua=95 mt=P len=0
PKT t=20760 RX ua=95 mt=R len=7
PKT t=20765 TX ua=95 mt=P len=0
PKT t=20774 RX ua=95 mt=R len=7
PKT t=20779 TX ua=95 mt=P len=0
PKT t=20788 RX ua=95 mt=R len=7
PKT t=20793 TX ua=95 mt=P len=0
PKT t=20824 RX ua=95 mt=R len=7
PKT t=20829 TX ua=95 mt=P len=0
PKT t=20838 RX ua=95 mt=R len=7
PKT t=20843 TX ua=95 mt=P len=0
PKT t=20852 RX ua=95 mt=R len=7
PKT t=20857 TX ua=95 mt=P len=0
PKT t=20866 RX ua=95 mt=R len=7
PKT t=20871 TX ua=95 mt=T len=7
PKT t=20883 TX ua=95 mt=P len=0
PKT t=20892 RX ua=95 mt=R len=7
PKT t=20897 TX ua=95 mt=P len=0
PKT t=20927 RX ua=95 mt=R len=7
PKT t=20932 TX ua=95 mt=P len=0
PKT t=20941 RX ua=95 mt=R len=7
PKT t=20946 TX ua=95 mt=P len=0
PKT t=20955 RX ua=95 mt=R len=7
PKT t=20960 TX ua=95 mt=P len=0
PKT t=20969 RX ua=95 mt=R len=7
PKT t=20979 TX ua=95 mt=P len=0
PKT t=20988 RX ua=95 mt=R len=7
PKT t=20993 TX ua=95 mt=P len=0
PKT t=21026 RX ua=95 mt=R len=7
PKT t=21031 TX ua=95 mt=P len=0
PKT t=21040 RX ua=95 mt=R len=7
PKT t=21045 TX ua=95 mt=P len=0
PKT t=21054 RX ua=95 mt=R len=7
PKT t=21059 TX ua=95 mt=P len=0
PKT t=21068 RX ua=95 mt=R len=7
PKT t=21073 TX ua=95 mt=P len=0
PKT t=21082 RX ua=95 mt=R len=7
PKT t=21087 TX ua=95 mt=P len=0
PKT t=21096 RX ua=95 mt=R len=7
PKT t=21101 TX ua=95 mt=P len=0
PKT t=21134 RX ua=95 mt=R len=7
PKT t=21139 TX ua=95 mt=T len=7
PKT t=21152 TX ua=95 mt=P len=0
PKT t=21161 RX ua=95 mt=R len=7
PKT t=21166 TX ua=95 mt=P len=0
PKT t=21175 RX ua=95 mt=R len=7
PKT t=21180 TX ua=95 mt=P len=0
PKT t=21189 RX ua=95 mt=R len=7
PKT t=21194 TX ua=95 mt=P len=0
PKT t=21203 RX ua=95 mt=R len=7
PKT t=21208 TX ua=95 mt=P len=0
PKT t=21237 RX ua=95 mt=R len=7
PKT t=21242 TX ua=95 mt=P len=0
PKT t=21251 RX ua=95 mt=R len=7
PKT t=21256 TX ua=95 mt=P len=0
PKT t=21265 RX ua=95 mt=R len=7
PKT t=21270 TX ua=95 mt=P len=0
PKT t=21279 RX ua=95 mt=R len=7
PKT t=21289 TX ua=95 mt=P len=0
PKT t=21298 RX ua=95 mt=R len=7
PKT t=21303 TX ua=95 mt=P len=0
PKT t=21312 RX ua=95 mt=R len=7
PKT t=21317 TX ua=95 mt=P len=0
PKT t=21346 RX ua=95 mt=R len=7
PKT t=21351 TX ua=95 mt=P len=0
PKT t=21360 RX ua=95 mt=R len=7
PKT t=21365 TX ua=95 mt=P len=0
PKT t=21374 RX ua=95 mt=R len=7
PKT t=21379 TX ua=95 mt=T len=7
PKT t=21392 TX ua=95 mt=P len=0
PKT t=21402 RX ua=95 mt=R len=7
PKT t=21407 TX ua=95 mt=P len=0
PKT t=21417 RX ua=95 mt=R len=7
PKT t=21422 TX ua=95 mt=P len=0
PKT t=21451 RX ua=95 mt=R len=7
PKT t=21456 TX ua=95 mt=P len=0
PKT t=21466 RX ua=95 mt=R len=7
PKT t=21471 TX ua=95 mt=P len=0
PKT t=21481 RX ua=95 mt=R len=7
PKT t=21486 TX ua=95 mt=P len=0
PKT t=21496 RX ua=95 mt=R len=7
PKT t=21501 TX ua=95 mt=P len=0
PKT t=21511 RX ua=95 mt=R len=7
PKT t=21516 TX ua=95 mt=P len=0
PKT t=21526 RX ua=95 mt=R len=7
PKT t=21531 TX ua=95 mt=P len=0
PKT t=21560 RX ua=95 mt=R len=7
PKT t=21565 TX ua=95 mt=P len=0
PKT t=21575 RX ua=95 mt=R len=7
PKT t=21580 TX ua=95 mt=P len=0
PKT t=21590 RX ua=95 mt=R len=7
PKT t=21599 TX ua=95 mt=P len=0
PKT t=21609 RX ua=95 mt=R len=7
PKT t=21614 TX ua=95 mt=P len=0
PKT t=21624 RX ua=95 mt=R len=7
PKT t=21629 TX ua=95 mt=T len=7
PKT t=21642 TX ua=95 mt=P len=0
PKT t=21661 RX ua=95 mt=R len=7
PKT t=21666 TX ua=95 mt=P len=0
PKT t=21675 RX ua=95 mt=R len=7
PKT t=21680 TX ua=95 mt=P len=0
PKT t=21689 RX ua=95 mt=R len=7
PKT t=21694 TX ua=95 mt=P len=0
PKT t=21703 RX ua=95 mt=R len=7
PKT t=21708 TX ua=95 mt=P len=0
PKT t=21717 RX ua=95 mt=R len=7
PKT t=21722 TX ua=95 mt=P len=0
PKT t=21731 RX ua=95 mt=R len=7
PKT t=21736 TX ua=95 mt=P len=0
PKT t=21765 RX ua=95 mt=R len=7
PKT t=21770 TX ua=95 mt=P len=0
PKT t=21779 RX ua=95 mt=R len=7
PKT t=21784 TX ua=95 mt=P len=0
PKT t=21793 RX ua=95 mt=R len=7
PKT t=21798 TX ua=95 mt=P len=0
PKT t=21807 RX ua=95 mt=R len=7
PKT t=21812 TX ua=95 mt=P len=0
PKT t=21821 RX ua=95 mt=R len=7
PKT t=21826 TX ua=95 mt=P len=0
PKT t=21835 RX ua=95 mt=R len=7
PKT t=21840 TX ua=95 mt=P len=0
PKT t=21869 RX ua=95 mt=R len=7
PKT t=21874 TX ua=95 mt=T len=7
PKT t=21887 TX ua=95 mt=P len=0
PKT t=21896 RX ua=95 mt=R len=7
PKT t=21901 TX ua=95 mt=P len=0
PKT t=21910 RX ua=95 mt=R len=7
PKT t=21915 TX ua=95 mt=P len=0
PKT t=21924 RX ua=95 mt=R len=7
PKT t=21929 TX ua=95 mt=P len=0
PKT t=21938 RX ua=95 mt=R len=7
PKT t=21943 TX ua=95 mt=P len=0
PKT t=21973 RX ua=95 mt=R len=7
PKT t=21978 TX ua=95 mt=P len=0
PKT t=21987 RX ua=95 mt=R len=7
PKT t=21992 TX ua=95 mt=P len=0
PKT t=22001 RX ua=95 mt=R len=7
PKT t=22006 TX ua=95 mt=P len=0
PKT t=22015 RX ua=95 mt=R len=7
PKT t=22020 TX ua=95 mt=P len=0
PKT t=22029 RX ua=95 mt=R len=7
PKT t=22034 TX ua=95 mt=P len=0
PKT t=22043 RX ua=95 mt=R len=7
PKT t=22048 TX ua=95 mt=P len=0
PKT t=22077 RX ua=95 mt=R len=7
PKT t=22082 TX ua=95 mt=P len=0
PKT t=22091 RX ua=95 mt=R len=7
PKT t=22096 TX ua=95 mt=P len=0
PKT t=22105 RX ua=95 mt=R len=7
PKT t=22110 TX ua=95 mt=T len=7
PKT t=22122 TX ua=95 mt=T len=7
PKT t=22134 TX ua=95 mt=P len=0
PKT t=22143 RX ua=95 mt=R len=7
PKT t=22148 TX ua=95 mt=P len=0
PKT t=22182 RX ua=95 mt=R len=7
PKT t=22187 TX ua=95 mt=P len=0
PKT t=22196 RX ua=95 mt=R len=7
PKT t=22201 TX ua=95 mt=P len=0
PKT t=22210 RX ua=95 mt=R len=7
PKT t=22219 TX ua=95 mt=P len=0
PKT t=22228 RX ua=95 mt=R len=7
PKT t=22233 TX ua=95 mt=P len=0
PKT t=22242 RX ua=95 mt=R len=7
PKT t=22247 TX ua=95 mt=P len=0
PKT t=22277 RX ua=95 mt=R len=7
PKT t=22282 TX ua=95 mt=P len=0
PKT t=22291 RX ua=95 mt=R len=7
PKT t=22296 TX ua=95 mt=P len=0
PKT t=22305 RX ua=95 mt=R len=7
PKT t=22310 TX ua=95 mt=P len=0
PKT t=22319 RX ua=95 mt=R len=7
PKT t=22324 TX ua=95 mt=P len=0
PKT t=22333 RX ua=95 mt=R len=7
PKT t=22338 TX ua=95 mt=P len=0
PKT t=22347 RX ua=95 mt=R len=7
PKT t=22352 TX ua=95 mt=P len=0
PKT t=22381 RX ua=95 mt=R len=7
PKT t=22386 TX ua=95 mt=T len=7
PKT t=22398 TX ua=95 mt=P len=0
PKT t=22407 RX ua=95 mt=R len=7
PKT t=22412 TX ua=95 mt=P len=0
PKT t=22421 RX ua=95 mt=R len=7
PKT t=22426 TX ua=95 mt=P len=0
PKT t=22435 RX ua=95 mt=R len=7
PKT t=22440 TX ua=95 mt=P len=0
PKT t=22449 RX ua=95 mt=R len=7
PKT t=22454 TX ua=95 mt=P len=0
PKT t=22483 RX ua=95 mt=R len=7
PKT t=22488 TX ua=95 mt=P len=0
PKT t=22497 RX ua=95 mt=R len=7
PKT t=22502 TX ua=95 mt=P len=0
PKT t=22511 RX ua=95 mt=R len=7
PKT t=22516 TX ua=95 mt=P len=0
PKT t=22529 RX ua=95 mt=R len=7
PKT t=22534 TX ua=95 mt=P len=0
PKT t=22543 RX ua=95 mt=R len=7
PKT t=22548 TX ua=95 mt=P len=0
PKT t=22557 RX ua=95 mt=R len=7
PKT t=22562 TX ua=95 mt=P len=0
PKT t=22591 RX ua=95 mt=R len=7
PKT t=22596 TX ua=95 mt=P len=0
PKT t=22605 RX ua=95 mt=R len=7
PKT t=22610 TX ua=95 mt=P len=0
PKT t=22619 RX ua=95 mt=R len=7
PKT t=22624 TX ua=95 mt=P len=0
PKT t=22633 RX ua=95 mt=R len=7
PKT t=22638 TX ua=95 mt=T len=7
PKT t=22650 TX ua=95 mt=P len=0
PKT t=22659 RX ua=95 mt=R len=7
PKT t=22664 TX ua=95 mt=P len=0
PKT t=22693 RX ua=95 mt=R len=7
PKT t=22698 TX ua=95 mt=P len=0
PKT t=22707 RX ua=95 mt=R len=7
PKT t=22712 TX ua=95 mt=P len=0
PKT t=22721 RX ua=95 mt=R len=7
PKT t=22726 TX ua=95 mt=P len=0
PKT t=22735 RX ua=95 mt=R len=7
PKT t=22740 TX ua=95 mt=P len=0
PKT t=22749 RX ua=95 mt=R len=7
PKT t=22754 TX ua=95 mt=P len=0
PKT t=22763 RX ua=95 mt=R len=7
PKT t=22768 TX ua=95 mt=P len=0
PKT t=22797 RX ua=95 mt=R len=7
PKT t=22802 TX ua=95 mt=P len=0
PKT t=22811 RX ua=95 mt=R len=7
PKT t=22816 TX ua=95 mt=P len=0
PKT t=22825 RX ua=95 mt=R len=7
PKT t=22830 TX ua=95 mt=P len=0
PKT t=22839 RX ua=95 mt=R len=7
PKT t=22844 TX ua=95 mt=P len=0
PKT t=22853 RX ua=95 mt=R len=7
PKT t=22858 TX ua=95 mt=P len=0
PKT t=22867 RX ua=95 mt=R len=7
PKT t=22872 TX ua=95 mt=P len=0
PKT t=22901 RX ua=95 mt=R len=7
PKT t=22906 TX ua=95 mt=T len=7
PKT t=22918 TX ua=95 mt=P len=0
PKT t=22927 RX ua=95 mt=R len=7
PKT t=22932 TX ua=95 mt=P len=0
PKT t=22941 RX ua=95 mt=R len=7
PKT t=22946 TX ua=95 mt=P len=0
PKT t=22955 RX ua=95 mt=R len=7
PKT t=22960 TX ua=95 mt=P len=0
PKT t=22969 RX ua=95 mt=R len=7
PKT t=22974 TX ua=95 mt=P len=0
PKT t=23003 RX ua=95 mt=R len=7
PKT t=23008 TX ua=95 mt=P len=0
PKT t=23017 RX ua=95 mt=R len=7
PKT t=23022 TX ua=95 mt=P len=0
PKT t=23031 RX ua=95 mt=R len=7
PKT t=23036 TX ua=95 mt=P len=0
PKT t=23045 RX ua=95 mt=R len=7
PKT t=23050 TX ua=95 mt=P len=0
PKT t=23059 RX ua=95 mt=R len=7
PKT t=23064 TX ua=95 mt=P len=0
PKT t=23073 RX ua=95 mt=R len=7
PKT t=23078 TX ua=95 mt=P len=0
PKT t=23107 RX ua=95 mt=R len=7
PKT t=23112 TX ua=95 mt=T len=7
PKT t=23124 TX ua=95 mt=P len=0
PKT t=23134 RX ua=95 mt=R len=7
PKT t=23139 TX ua=95 mt=T len=7
PKT t=23156 TX ua=95 mt=P len=0
PKT t=23165 RX ua=95 mt=R len=7
PKT t=23170 TX ua=95 mt=P len=0
PKT t=23179 RX ua=95 mt=R len=7
PKT t=23184 TX ua=95 mt=P len=0
PKT t=23213 RX ua=95 mt=R len=7
PKT t=23218 TX ua=95 mt=P len=0
PKT t=23227 RX ua=95 mt=R len=7
PKT t=23232 TX ua=95 mt=P len=0
PKT t=23241 RX ua=95 mt=R len=7
PKT t=23246 TX ua=95 mt=P len=0
PKT t=23255 RX ua=95 mt=R len=7
PKT t=23260 TX ua=95 mt=P len=0
PKT t=23269 RX ua=95 mt=R len=7
PKT t=23274 TX ua=95 mt=P len=0
PKT t=23283 RX ua=95 mt=R len=7
PKT t=23288 TX ua=95 mt=P len=0
PKT t=23317 RX ua=95 mt=R len=7
PKT t=23322 TX ua=95 mt=P len=0
PKT t=23331 RX ua=95 mt=R len=7
PKT t=23336 TX ua=95 mt=P len=0
PKT t=23345 RX ua=95 mt=R len=7
PKT t=23350 TX ua=95 mt=P len=0
PKT t=23360 RX ua=95 mt=R len=7
PKT t=23365 TX ua=95 mt=P len=0
PKT t=23374 RX ua=95 mt=R len=7
PKT t=23379 TX ua=95 mt=T len=7
PKT t=23391 TX ua=95 mt=P len=0
PKT t=23419 RX ua=95 mt=R len=7
PKT t=23424 TX ua=95 mt=P len=0
PKT t=23434 RX ua=95 mt=R len=7
PKT t=23439 TX ua=95 mt=P len=0
PKT t=23449 RX ua=95 mt=R len=7
PKT t=23459 TX ua=95 mt=P len=0
PKT t=23469 RX ua=95 mt=R len=7
PKT t=23474 TX ua=95 mt=P len=0
PKT t=23484 RX ua=95 mt=R len=7
PKT t=23489 TX ua=95 mt=P len=0
PKT t=23519 RX ua=95 mt=R len=7
PKT t=23524 TX ua=95 mt=P len=0
PKT t=23534 RX ua=95 mt=R len=7
PKT t=23539 TX ua=95 mt=P len=0
PKT t=23549 RX ua=95 mt=R len=7
PKT t=23554 TX ua=95 mt=P len=0
PKT t=23564 RX ua=95 mt=R len=7
PKT t=23569 TX ua=95 mt=P len=0
PKT t=23579 RX ua=95 mt=R len=7
PKT t=23584 TX ua=95 mt=P len=0
PKT t=23594 RX ua=95 mt=R len=7
PKT t=23599 TX ua=95 mt=P len=0
PKT t=23628 RX ua=95 mt=R len=7
PKT t=23633 TX ua=95 mt=T len=7
PKT t=23645 TX ua=95 mt=P len=0
PKT t=23654 RX ua=95 mt=R len=7
PKT t=23659 TX ua=95 mt=P len=0
PKT t=23668 RX ua=95 mt=R len=7
PKT t=23673 TX ua=95 mt=P len=0
PKT t=23682 RX ua=95 mt=R len=7
PKT t=23687 TX ua=95 mt=P len=0
PKT t=23696 RX ua=95 mt=R len=7
PKT t=23701 TX ua=95 mt=P len=0
PKT t=23730 RX ua=95 mt=R len=7
PKT t=23735 TX ua=95 mt=P len=0
PKT t=23744 RX ua=95 mt=R len=7
PKT t=23749 TX ua=95 mt=P len=0
PKT t=23758 RX ua=95 mt=R len=7
PKT t=23769 TX ua=95 mt=P len=0
PKT t=23778 RX ua=95 mt=R len=7
PKT t=23783 TX ua=95 mt=P len=0
PKT t=23792 RX ua=95 mt=R len=7
PKT t=23797 TX ua=95 mt=P len=0
PKT t=23830 RX ua=95 mt=R len=7
PKT t=23835 TX ua=95 mt=P len=0
PKT t=23844 RX ua=95 mt=R len=7
PKT t=23849 TX ua=95 mt=P len=0
PKT t=23858 RX ua=95 mt=R len=7
PKT t=23863 TX ua=95 mt=P len=0
PKT t=23872 RX ua=95 mt=R len=7
PKT t=23877 TX ua=95 mt=T len=7
PKT t=23889 TX ua=95 mt=P len=0
PKT t=23898 RX ua=95 mt=R len=7
PKT t=23903 TX ua=95 mt=P len=0
PKT t=23932 RX ua=95 mt=R len=7
PKT t=23937 TX ua=95 mt=P len=0
PKT t=23946 RX ua=95 mt=R len=7
PKT t=23951 TX ua=95 mt=P len=0
PKT t=23960 RX ua=95 mt=R len=7
PKT t=23965 TX ua=95 mt=P len=0
PKT t=23974 RX ua=95 mt=R len=7
PKT t=23979 TX ua=95 mt=P len=0
PKT t=23988 RX ua=95 mt=R len=7
PKT t=23993 TX ua=95 mt=P len=0
PKT t=24002 RX ua=95 mt=R len=7
PKT t=24007 TX ua=95 mt=P len=0
PKT t=24036 RX ua=95 mt=R len=7
PKT t=24041 TX ua=95 mt=P len=0
PKT t=24050 RX ua=95 mt=R len=7
PKT t=24055 TX ua=95 mt=P len=0
PKT t=24064 RX ua=95 mt=R len=7
PKT t=24069 TX ua=95 mt=P len=0
PKT t=24079 RX ua=95 mt=R len=7
PKT t=24084 TX ua=95 mt=P len=0
PKT t=24093 RX ua=95 mt=R len=7
PKT t=24098 TX ua=95 mt=P len=0
PKT t=24107 RX ua=95 mt=R len=7
PKT t=24112 TX ua=95 mt=T len=7
PKT t=24124 TX ua=95 mt=P len=0
PKT t=24143 RX ua=95 mt=R len=7
PKT t=24148 TX ua=95 mt=T len=7
PKT t=24160 TX ua=95 mt=P len=0
PKT t=24169 RX ua=95 mt=R len=7
PKT t=24174 TX ua=95 mt=P len=0
PKT t=24183 RX ua=95 mt=R len=7
PKT t=24188 TX ua=95 mt=P len=0
PKT t=24198 RX ua=95 mt=R len=7
PKT t=24203 TX ua=95 mt=P len=0
PKT t=24212 RX ua=95 mt=R len=7
PKT t=24217 TX ua=95 mt=P len=0
PKT t=24246 RX ua=95 mt=R len=7
PKT t=24251 TX ua=95 mt=P len=0
PKT t=24260 RX ua=95 mt=R len=7
PKT t=24265 TX ua=95 mt=P len=0
PKT t=24274 RX ua=95 mt=R len=7
PKT t=24279 TX ua=95 mt=P len=0
PKT t=24288 RX ua=95 mt=R len=7
PKT t=24293 TX ua=95 mt=P len=0
PKT t=24302 RX ua=95 mt=R len=7
PKT t=24307 TX ua=95 mt=P len=0
PKT t=24316 RX ua=95 mt=R len=7
PKT t=24321 TX ua=95 mt=P len=0
PKT t=24350 RX ua=95 mt=R len=7
PKT t=24355 TX ua=95 mt=P len=0
PKT t=24364 RX ua=95 mt=R len=7
PKT t=24369 TX ua=95 mt=P len=0
PKT t=24378 RX ua=95 mt=R len=7
PKT t=24389 TX ua=95 mt=T len=7
PKT t=24401 TX ua=95 mt=P len=0
PKT t=24410 RX ua=95 mt=R len=7
PKT t=24415 TX ua=95 mt=P len=0
PKT t=24424 RX ua=95 mt=R len=7
PKT t=24429 TX ua=95 mt=P len=0
PKT t=24458 RX ua=95 mt=R len=7
PKT t=24463 TX ua=95 mt=P len=0
PKT t=24472 RX ua=95 mt=R len=7
PKT t=24477 TX ua=95 mt=P len=0
PKT t=24486 RX ua=95 mt=R len=7
PKT t=24491 TX ua=95 mt=P len=0
PKT t=24500 RX ua=95 mt=R len=7
PKT t=24505 TX ua=95 mt=P len=0
PKT t=24514 RX ua=95 mt=R len=7
PKT t=24519 TX ua=95 mt=P len=0
PKT t=24528 RX ua=95 mt=R len=7
PKT t=24533 TX ua=95 mt=P len=0
PKT t=24562 RX ua=95 mt=R len=7
PKT t=24567 TX ua=95 mt=P len=0
PKT t=24576 RX ua=95 mt=R len=7
PKT t=24581 TX ua=95 mt=P len=0
PKT t=24590 RX ua=95 mt=R len=7
PKT t=24595 TX ua=95 mt=P len=0
PKT t=24604 RX ua=95 mt=R len=7
PKT t=24609 TX ua=95 mt=P len=0
PKT t=24618 RX ua=95 mt=R len=7
PKT t=24623 TX ua=95 mt=P len=0
PKT t=24632 RX ua=95 mt=R len=7
PKT t=24637 TX ua=95 mt=T len=7
PKT t=24649 TX ua=95 mt=P len=0
PKT t=24668 RX ua=95 mt=R len=7
PKT t=24673 TX ua=95 mt=P len=0
PKT t=24682 RX ua=95 mt=R len=7
PKT t=24687 TX ua=95 mt=P len=0
PKT t=24699 RX ua=95 mt=R len=7
PKT t=24704 TX ua=95 mt=P len=0
PKT t=24713 RX ua=95 mt=R len=7
PKT t=24718 TX ua=95 mt=P len=0
PKT t=24727 RX ua=95 mt=R len=7
PKT t=24732 TX ua=95 mt=P len=0
PKT t=24741 RX ua=95 mt=R len=7
PKT t=24746 TX ua=95 mt=P len=0
PKT t=24775 RX ua=95 mt=R len=7
PKT t=24780 TX ua=95 mt=P len=0
PKT t=24789 RX ua=95 mt=R len=7
PKT t=24794 TX ua=95 mt=P len=0
PKT t=24803 RX ua=95 mt=R len=7
PKT t=24808 TX ua=95 mt=P len=0
PKT t=24817 RX ua=95 mt=R len=7
PKT t=24822 TX ua=95 mt=P len=0
PKT t=24831 RX ua=95 mt=R len=7
PKT t=24836 TX ua=95 mt=P len=0
PKT t=24845 RX ua=95 mt=R len=7
PKT t=24854 TX ua=95 mt=P len=0
PKT t=24879 RX ua=95 mt=R len=7
PKT t=24884 TX ua=95 mt=T len=7
PKT t=24896 TX ua=95 mt=P len=0
PKT t=24905 RX ua=95 mt=R len=7
PKT t=24910 TX ua=95 mt=P len=0
PKT t=24919 RX ua=95 mt=R len=7
PKT t=24924 TX ua=95 mt=P len=0
PKT t=24933 RX ua=95 mt=R len=7
PKT t=24938 TX ua=95 mt=P len=0
PKT t=24947 RX ua=95 mt=R len=7
PKT t=24952 TX ua=95 mt=P len=0
PKT t=24981 RX ua=95 mt=R len=7
PKT t=24986 TX ua=95 mt=P len=0
PKT t=24995 RX ua=95 mt=R len=7
PKT t=25000 TX ua=95 mt=P len=0
PKT t=25009 RX ua=95 mt=R len=7
PKT t=25014 TX ua=95 mt=P len=0
PKT t=25023 RX ua=95 mt=R len=7
PKT t=25028 TX ua=95 mt=P len=0
PKT t=25037 RX ua=95 mt=R len=7
PKT t=25042 TX ua=95 mt=P len=0
PKT t=25051 RX ua=95 mt=R len=7
PKT t=25056 TX ua=95 mt=P len=0
PKT t=25085 RX ua=95 mt=R len=7
PKT t=25090 TX ua=95 mt=P len=0
PKT t=25099 RX ua=95 mt=R len=7
PKT t=25104 TX ua=95 mt=P len=0
PKT t=25113 RX ua=95 mt=R len=7
PKT t=25118 TX ua=95 mt=T len=7
PKT t=25130 TX ua=95 mt=P len=0
PKT t=25139 RX ua=95 mt=R len=7
PKT t=25144 TX ua=95 mt=P len=0
PKT t=25153 RX ua=95 mt=R len=7
PKT t=25164 TX ua=95 mt=P len=0
PKT t=25187 RX ua=95 mt=R len=7
PKT t=25192 TX ua=95 mt=P len=0
PKT t=25201 RX ua=95 mt=R len=7
PKT t=25206 TX ua=95 mt=P len=0
PKT t=25215 RX ua=95 mt=R len=7
PKT t=25220 TX ua=95 mt=P len=0
PKT t=25229 RX ua=95 mt=R len=7
PKT t=25234 TX ua=95 mt=P len=0
PKT t=25243 RX ua=95 mt=R len=7
PKT t=25248 TX ua=95 mt=P len=0
PKT t=25257 RX ua=95 mt=R len=7
PKT t=25262 TX ua=95 mt=P len=0
PKT t=25291 RX ua=95 mt=R len=7
PKT t=25296 TX ua=95 mt=P len=0
PKT t=25305 RX ua=95 mt=R len=7
PKT t=25310 TX ua=95 mt=P len=0
PKT t=25319 RX ua=95 mt=R len=7
PKT t=25324 TX ua=95 mt=P len=0
PKT t=25333 RX ua=95 mt=R len=7
PKT t=25338 TX ua=95 mt=P len=0
PKT t=25347 RX ua=95 mt=R len=7
PKT t=25352 TX ua=95 mt=P len=0
PKT t=25361 RX ua=95 mt=R len=7
PKT t=25366 TX ua=95 mt=P len=0
PKT t=25395 RX ua=95 mt=R len=7
PKT t=25400 TX ua=95 mt=T len=7
PKT t=25412 TX ua=95 mt=P len=0
PKT t=25422 RX ua=95 mt=R len=7
PKT t=25427 TX ua=95 mt=P len=0
PKT t=25437 RX ua=95 mt=R len=7
PKT t=25442 TX ua=95 mt=P len=0
PKT t=25452 RX ua=95 mt=R len=7
PKT t=25457 TX ua=95 mt=P len=0
PKT t=25474 RX ua=95 mt=R len=7
PKT t=25479 TX ua=95 mt=P len=0
PKT t=25501 RX ua=95 mt=R len=7
PKT t=25506 TX ua=95 mt=P len=0
PKT t=25516 RX ua=95 mt=R len=7
PKT t=25521 TX ua=95 mt=P len=0
PKT t=25531 RX ua=95 mt=R len=7
PKT t=25536 TX ua=95 mt=P len=0
PKT t=25546 RX ua=95 mt=R len=7
PKT t=25551 TX ua=95 mt=P len=0
PKT t=25561 RX ua=95 mt=R len=7
PKT t=25566 TX ua=95 mt=P len=0
PKT t=25576 RX ua=95 mt=R len=7
PKT t=25581 TX ua=95 mt=P len=0
PKT t=25610 RX ua=95 mt=R len=7
PKT t=25615 TX ua=95 mt=P len=0
PKT t=25629 RX ua=95 mt=R len=7
PKT t=25634 TX ua=95 mt=T len=7
PKT t=25646 TX ua=95 mt=P len=0
PKT t=25655 RX ua=95 mt=R len=7
PKT t=25660 TX ua=95 mt=P len=0
PKT t=25669 RX ua=95 mt=R len=7
PKT t=25674 TX ua=95 mt=P len=0
PKT t=25683 RX ua=95 mt=R len=7
PKT t=25688 TX ua=95 mt=P len=0
PKT t=25717 RX ua=95 mt=R len=7
PKT t=25722 TX ua=95 mt=P len=0
PKT t=25731 RX ua=95 mt=R len=7
PKT t=25736 TX ua=95 mt=P len=0
PKT t=25745 RX ua=95 mt=R len=7
PKT t=25750 TX ua=95 mt=P len=0
PKT t=25759 RX ua=95 mt=R len=7
PKT t=25764 TX ua=95 mt=P len=0
PKT t=25773 RX ua=95 mt=R len=7
PKT t=25784 TX ua=95 mt=P len=0
PKT t=25817 RX ua=95 mt=R len=7
PKT t=25822 TX ua=95 mt=P len=0
PKT t=25831 RX ua=95 mt=R len=7
PKT t=25836 TX ua=95 mt=P len=0
PKT t=25845 RX ua=95 mt=R len=7
PKT t=25850 TX ua=95 mt=P len=0
PKT t=25859 RX ua=95 mt=R len=7
PKT t=25864 TX ua=95 mt=P len=0
PKT t=25873 RX ua=95 mt=R len=7
PKT t=25878 TX ua=95 mt=P len=0
PKT t=25887 RX ua=95 mt=R len=7
PKT t=25892 TX ua=95 mt=T len=7
PKT t=25904 TX ua=95 mt=P len=0
PKT t=25923 RX ua=95 mt=R len=7
PKT t=25928 TX ua=95 mt=P len=0
PKT t=25939 RX ua=95 mt=R len=7
PKT t=25944 TX ua=95 mt=P len=0
PKT t=25953 RX ua=95 mt=R len=7
PKT t=25958 TX ua=95 mt=P len=0
PKT t=25967 RX ua=95 mt=R len=7
PKT t=25972 TX ua=95 mt=P len=0
PKT t=25981 RX ua=95 mt=R len=7
PKT t=25986 TX ua=95 mt=P len=0
PKT t=25995 RX ua=95 mt=R len=7
PKT t=26000 TX ua=95 mt=P len=0
PKT t=26029 RX ua=95 mt=R len=7
PKT t=26034 TX ua=95 mt=P len=0
PKT t=26043 RX ua=95 mt=R len=7
PKT t=26048 TX ua=95 mt=P len=0
PKT t=26057 RX ua=95 mt=R len=7
PKT t=26062 TX ua=95 mt=P len=0
PKT t=26071 RX ua=95 mt=R len=7
PKT t=26076 TX ua=95 mt=P len=0
PKT t=26085 RX ua=95 mt=R len=7
PKT t=26094 TX ua=95 mt=P len=0
PKT t=26103 RX ua=95 mt=R len=7
PKT t=26108 TX ua=95 mt=T len=7
PKT t=26121 TX ua=95 mt=P len=0
PKT t=26139 RX ua=95 mt=R len=7
PKT t=26144 TX ua=95 mt=T len=7
PKT t=26157 TX ua=95 mt=P len=0
PKT t=26166 RX ua=95 mt=R len=7
PKT t=26171 TX ua=95 mt=P len=0
PKT t=26180 RX ua=95 mt=R len=7
PKT t=26185 TX ua=95 mt=P len=0
PKT t=26194 RX ua=95 mt=R len=7
PKT t=26199 TX ua=95 mt=P len=0
PKT t=26208 RX ua=95 mt=R len=7
PKT t=26213 TX ua=95 mt=P len=0
PKT t=26249 RX ua=95 mt=R len=7
PKT t=26254 TX ua=95 mt=P len=0
PKT t=26263 RX ua=95 mt=R len=7
PKT t=26268 TX ua=95 mt=P len=0
PKT t=26277 RX ua=95 mt=R len=7
PKT t=26282 TX ua=95 mt=P len=0
PKT t=26291 RX ua=95 mt=R len=7
PKT t=26296 TX ua=95 mt=P len=0
PKT t=26305 RX ua=95 mt=R len=7
PKT t=26310 TX ua=95 mt=P len=0
PKT t=26342 RX ua=95 mt=R len=7
PKT t=26347 TX ua=95 mt=P len=0
PKT t=26356 RX ua=95 mt=R len=7
PKT t=26361 TX ua=95 mt=P len=0
PKT t=26370 RX ua=95 mt=R len=7
PKT t=26375 TX ua=95 mt=P len=0
PKT t=26384 RX ua=95 mt=R len=7
PKT t=26389 TX ua=95 mt=T len=7
PKT t=26404 TX ua=95 mt=P len=0
PKT t=26413 RX ua=95 mt=R len=7
PKT t=26418 TX ua=95 mt=P len=0
PKT t=26447 RX ua=95 mt=R len=7
PKT t=26452 TX ua=95 mt=P len=0
PKT t=26461 RX ua=95 mt=R len=7
PKT t=26466 TX ua=95 mt=P len=0
PKT t=26475 RX ua=95 mt=R len=7
PKT t=26480 TX ua=95 mt=P len=0
PKT t=26489 RX ua=95 mt=R len=7
PKT t=26494 TX ua=95 mt=P len=0
PKT t=26503 RX ua=95 mt=R len=7
PKT t=26508 TX ua=95 mt=P len=0
PKT t=26517 RX ua=95 mt=R len=7
PKT t=26522 TX ua=95 mt=P len=0
PKT t=26551 RX ua=95 mt=R len=7
PKT t=26559 TX ua=95 mt=P len=0
PKT t=26568 RX ua=95 mt=R len=7
PKT t=26573 TX ua=95 mt=P len=0
PKT t=26582 RX ua=95 mt=R len=7
PKT t=26587 TX ua=95 mt=P len=0
PKT t=26596 RX ua=95 mt=R len=7
PKT t=26601 TX ua=95 mt=P len=0
PKT t=26610 RX ua=95 mt=R len=7
PKT t=26615 TX ua=95 mt=P len=0
PKT t=26624 RX ua=95 mt=R len=7
PKT t=26629 TX ua=95 mt=P len=0
PKT t=26658 RX ua=95 mt=R len=7
PKT t=26663 TX ua=95 mt=T len=7
PKT t=26676 TX ua=95 mt=P len=0
PKT t=26685 RX ua=95 mt=R len=7
PKT t=26690 TX ua=95 mt=P len=0
PKT t=26699 RX ua=95 mt=R len=7
PKT t=26704 TX ua=95 mt=P len=0
PKT t=26714 RX ua=95 mt=R len=7
PKT t=26719 TX ua=95 mt=P len=0
PKT t=26728 RX ua=95 mt=R len=7
PKT t=26733 TX ua=95 mt=P len=0
PKT t=26762 RX ua=95 mt=R len=7
PKT t=26767 TX ua=95 mt=P len=0
PKT t=26776 RX ua=95 mt=R len=7
PKT t=26781 TX ua=95 mt=P len=0
PKT t=26790 RX ua=95 mt=R len=7
PKT t=26795 TX ua=95 mt=P len=0
PKT t=26804 RX ua=95 mt=R len=7
PKT t=26809 TX ua=95 mt=P len=0
PKT t=26818 RX ua=95 mt=R len=7
PKT t=26823 TX ua=95 mt=P len=0
PKT t=26832 RX ua=95 mt=R len=7
PKT t=26837 TX ua=95 mt=P len=0
PKT t=26869 RX ua=95 mt=R len=7
PKT t=26874 TX ua=95 mt=P len=0
PKT t=26883 RX ua=95 mt=R len=7
PKT t=26888 TX ua=95 mt=T len=7
PKT t=26901 TX ua=95 mt=P len=0
PKT t=26910 RX ua=95 mt=R len=7
PKT t=26915 TX ua=95 mt=P len=0
PKT t=26924 RX ua=95 mt=R len=7
PKT t=26929 TX ua=95 mt=P len=0
PKT t=26938 RX ua=95 mt=R len=7
PKT t=26943 TX ua=95 mt=P len=0
PKT t=26972 RX ua=95 mt=R len=7
PKT t=26977 TX ua=95 mt=P len=0
PKT t=26986 RX ua=95 mt=R len=7
PKT t=26991 TX ua=95 mt=P len=0
PKT t=27000 RX ua=95 mt=R len=7
PKT t=27005 TX ua=95 mt=P len=0
PKT t=27014 RX ua=95 mt=R len=7
PKT t=27024 TX ua=95 mt=P len=0
PKT t=27033 RX ua=95 mt=R len=7
PKT t=27038 TX ua=95 mt=P len=0
PKT t=27047 RX ua=95 mt=R len=7
PKT t=27052 TX ua=95 mt=P len=0
PKT t=27081 RX ua=95 mt=R len=7
PKT t=27086 TX ua=95 mt=P len=0
PKT t=27095 RX ua=95 mt=R len=7
PKT t=27100 TX ua=95 mt=P len=0
PKT t=27109 RX ua=95 mt=R len=7
PKT t=27114 TX ua=95 mt=T len=7
PKT t=27126 TX ua=95 mt=P len=0
PKT t=27135 RX ua=95 mt=R len=7
PKT t=27140 TX ua=95 mt=T len=7
PKT t=27152 TX ua=95 mt=P len=0
PKT t=27181 RX ua=95 mt=R len=7
PKT t=27186 TX ua=95 mt=P len=0
PKT t=27195 RX ua=95 mt=R len=7
PKT t=27200 TX ua=95 mt=P len=0
PKT t=27209 RX ua=95 mt=R len=7
PKT t=27214 TX ua=95 mt=P len=0
PKT t=27223 RX ua=95 mt=R len=7
PKT t=27228 TX ua=95 mt=P len=0
PKT t=27237 RX ua=95 mt=R len=7
PKT t=27242 TX ua=95 mt=P len=0
PKT t=27251 RX ua=95 mt=R len=7
PKT t=27256 TX ua=95 mt=P len=0
PKT t=27285 RX ua=95 mt=R len=7
PKT t=27290 TX ua=95 mt=P len=0
PKT t=27299 RX ua=95 mt=R len=7
PKT t=27304 TX ua=95 mt=P len=0
PKT t=27313 RX ua=95 mt=R len=7
PKT t=27318 TX ua=95 mt=P len=0
PKT t=27334 RX ua=95 mt=R len=7
PKT t=27339 TX ua=95 mt=P len=0
PKT t=27348 RX ua=95 mt=R len=7
PKT t=27353 TX ua=95 mt=P len=0
PKT t=27385 RX ua=95 mt=R len=7
PKT t=27390 TX ua=95 mt=T len=7
PKT t=27402 TX ua=95 mt=P len=0
PKT t=27412 RX ua=95 mt=R len=7
PKT t=27417 TX ua=95 mt=P len=0
PKT t=27427 RX ua=95 mt=R len=7
PKT t=27432 TX ua=95 mt=P len=0
PKT t=27442 RX ua=95 mt=R len=7
PKT t=27447 TX ua=95 mt=P len=0
PKT t=27457 RX ua=95 mt=R len=7
PKT t=27462 TX ua=95 mt=P len=0
PKT t=27492 RX ua=95 mt=R len=7
PKT t=27497 TX ua=95 mt=P len=0
PKT t=27507 RX ua=95 mt=R len=7
PKT t=27512 TX ua=95 mt=P len=0
PKT t=27522 RX ua=95 mt=R len=7
PKT t=27527 TX ua=95 mt=P len=0
PKT t=27537 RX ua=95 mt=R len=7
PKT t=27542 TX ua=95 mt=P len=0
PKT t=27552 RX ua=95 mt=R len=7
PKT t=27557 TX ua=95 mt=P len=0
PKT t=27590 RX ua=95 mt=R len=7
PKT t=27595 TX ua=95 mt=P len=0
PKT t=27605 RX ua=95 mt=R len=7
PKT t=27610 TX ua=95 mt=P len=0
PKT t=27620 RX ua=95 mt=R len=7
PKT t=27625 TX ua=95 mt=P len=0
PKT t=27635 RX ua=95 mt=R len=7
PKT t=27644 TX ua=95 mt=T len=7
PKT t=27656 TX ua=95 mt=P len=0
PKT t=27665 RX ua=95 mt=R len=7
PKT t=27670 TX ua=95 mt=P len=0
PKT t=27699 RX ua=95 mt=R len=7
PKT t=27704 TX ua=95 mt=P len=0
PKT t=27713 RX ua=95 mt=R len=7
PKT t=27718 TX ua=95 mt=P len=0
PKT t=27727 RX ua=95 mt=R len=7
PKT t=27732 TX ua=95 mt=P len=0
PKT t=27741 RX ua=95 mt=R len=7
PKT t=27746 TX ua=95 mt=P len=0
PKT t=27755 RX ua=95 mt=R len=7
PKT t=27760 TX ua=95 mt=P len=0
PKT t=27769 RX ua=95 mt=R len=7
PKT t=27774 TX ua=95 mt=P len=0
PKT t=27803 RX ua=95 mt=R len=7
PKT t=27808 TX ua=95 mt=P len=0
PKT t=27817 RX ua=95 mt=R len=7
PKT t=27822 TX ua=95 mt=P len=0
PKT t=27831 RX ua=95 mt=R len=7
PKT t=27836 TX ua=95 mt=P len=0
PKT t=27845 RX ua=95 mt=R len=7
PKT t=27850 TX ua=95 mt=P len=0
PKT t=27859 RX ua=95 mt=R len=7
PKT t=27864 TX ua=95 mt=P len=0
PKT t=27873 RX ua=95 mt=R len=7
PKT t=27878 TX ua=95 mt=P len=0
PKT t=27907 RX ua=95 mt=R len=7
PKT t=27912 TX ua=95 mt=T len=7
PKT t=27924 TX ua=95 mt=P len=0
PKT t=27933 RX ua=95 mt=R len=7
PKT t=27938 TX ua=95 mt=P len=0
PKT t=27954 RX ua=95 mt=R len=7
PKT t=27959 TX ua=95 mt=P len=0
PKT t=27968 RX ua=95 mt=R len=7
PKT t=27973 TX ua=95 mt=P len=0
PKT t=27982 RX ua=95 mt=R len=7
PKT t=27987 TX ua=95 mt=P len=0
PKT t=28018 RX ua=95 mt=R len=7
PKT t=28023 TX ua=95 mt=P len=0
PKT t=28032 RX ua=95 mt=R len=7
PKT t=28037 TX ua=95 mt=P len=0
PKT t=28046 RX ua=95 mt=R len=7
PKT t=28051 TX ua=95 mt=P len=0
PKT t=28060 RX ua=95 mt=R len=7
PKT t=28065 TX ua=95 mt=P len=0
PKT t=28074 RX ua=95 mt=R len=7
PKT t=28079 TX ua=95 mt=P len=0
PKT t=28088 RX ua=95 mt=R len=7
PKT t=28093 TX ua=95 mt=P len=0
PKT t=28122 RX ua=95 mt=R len=7
PKT t=28127 TX ua=95 mt=T len=7
PKT t=28139 TX ua=95 mt=P len=0
PKT t=28148 RX ua=95 mt=R len=7
PKT t=28153 TX ua=95 mt=P len=0
PKT t=28162 RX ua=95 mt=R len=7
PKT t=28167 TX ua=95 mt=P len=0
PKT t=28176 RX ua=95 mt=R len=7
PKT t=28181 TX ua=95 mt=P len=0
PKT t=28190 RX ua=95 mt=R len=7
PKT t=28195 TX ua=95 mt=P len=0
PKT t=28229 RX ua=95 mt=R len=7
PKT t=28234 TX ua=95 mt=P len=0
PKT t=28243 RX ua=95 mt=R len=7
PKT t=28248 TX ua=95 mt=P len=0
PKT t=28264 RX ua=95 mt=R len=7
PKT t=28269 TX ua=95 mt=P len=0
PKT t=28278 RX ua=95 mt=R len=7
PKT t=28283 TX ua=95 mt=P len=0
PKT t=28292 RX ua=95 mt=R len=7
PKT t=28297 TX ua=95 mt=P len=0
PKT t=28326 RX ua=95 mt=R len=7
PKT t=28331 TX ua=95 mt=P len=0
PKT t=28340 RX ua=95 mt=R len=7
PKT t=28345 TX ua=95 mt=P len=0
PKT t=28354 RX ua=95 mt=R len=7
PKT t=28359 TX ua=95 mt=P len=0
PKT t=28368 RX ua=95 mt=R len=7
PKT t=28373 TX ua=95 mt=P len=0
PKT t=28382 RX ua=95 mt=R len=7
PKT t=28387 TX ua=95 mt=T len=7
PKT t=28399 TX ua=95 mt=P len=0
PKT t=28427 RX ua=95 mt=R len=7
PKT t=28432 TX ua=95 mt=P len=0
PKT t=28441 RX ua=95 mt=R len=7
PKT t=28446 TX ua=95 mt=P len=0
PKT t=28455 RX ua=95 mt=R len=7
PKT t=28460 TX ua=95 mt=P len=0
PKT t=28469 RX ua=95 mt=R len=7
PKT t=28474 TX ua=95 mt=P len=0
PKT t=28483 RX ua=95 mt=R len=7
PKT t=28488 TX ua=95 mt=P len=0
PKT t=28497 RX ua=95 mt=R len=7
PKT t=28502 TX ua=95 mt=P len=0
PKT t=28531 RX ua=95 mt=R len=7
PKT t=28536 TX ua=95 mt=P len=0
PKT t=28545 RX ua=95 mt=R len=7
PKT t=28550 TX ua=95 mt=P len=0
PKT t=28559 RX ua=95 mt=R len=7
PKT t=28564 TX ua=95 mt=P len=0
PKT t=28574 RX ua=95 mt=R len=7
PKT t=28579 TX ua=95 mt=P len=0
PKT t=28588 RX ua=95 mt=R len=7
PKT t=28593 TX ua=95 mt=P len=0
PKT t=28603 RX ua=95 mt=R len=7
PKT t=28607 TX ua=95 mt=P len=0
PKT t=28636 RX ua=95 mt=R len=7
PKT t=28641 TX ua=95 mt=T len=7
PKT t=28653 TX ua=95 mt=P len=0
PKT t=28662 RX ua=95 mt=R len=7
PKT t=28667 TX ua=95 mt=P len=0
PKT t=28676 RX ua=95 mt=R len=7
PKT t=28681 TX ua=95 mt=P len=0
PKT t=28690 RX ua=95 mt=R len=7
PKT t=28695 TX ua=95 mt=P len=0
PKT t=28704 RX ua=95 mt=R len=7
PKT t=28709 TX ua=95 mt=P len=0
PKT t=28738 RX ua=95 mt=R len=7
PKT t=28743 TX ua=95 mt=P len=0
PKT t=28752 RX ua=95 mt=R len=7
PKT t=28757 TX ua=95 mt=P len=0
PKT t=28766 RX ua=95 mt=R len=7
PKT t=28771 TX ua=95 mt=P len=0
PKT t=28780 RX ua=95 mt=R len=7
PKT t=28785 TX ua=95 mt=P len=0
PKT t=28794 RX ua=95 mt=R len=7
PKT t=28799 TX ua=95 mt=P len=0
PKT t=28808 RX ua=95 mt=R len=7
PKT t=28813 TX ua=95 mt=P len=0
PKT t=28842 RX ua=95 mt=R len=7
PKT t=28847 TX ua=95 mt=P len=0
PKT t=28856 RX ua=95 mt=R len=7
PKT t=28861 TX ua=95 mt=P len=0
PKT t=28870 RX ua=95 mt=R len=7
PKT t=28875 TX ua=95 mt=P len=0
PKT t=28884 RX ua=95 mt=R len=7
PKT t=28889 TX ua=95 mt=T len=7
PKT t=28901 TX ua=95 mt=P len=0
PKT t=28910 RX ua=95 mt=R len=7
PKT t=28915 TX ua=95 mt=P len=0
PKT t=28944 RX ua=95 mt=R len=7
PKT t=28949 TX ua=95 mt=P len=0
PKT t=28958 RX ua=95 mt=R len=7
PKT t=28963 TX ua=95 mt=P len=0
PKT t=28972 RX ua=95 mt=R len=7
PKT t=28977 TX ua=95 mt=P len=0
PKT t=28986 RX ua=95 mt=R len=7
PKT t=28991 TX ua=95 mt=P len=0
PKT t=29000 RX ua=95 mt=R len=7
PKT t=29005 TX ua=95 mt=P len=0
PKT t=29014 RX ua=95 mt=R len=7
PKT t=29019 TX ua=95 mt=P len=0
PKT t=29048 RX ua=95 mt=R len=7
PKT t=29053 TX ua=95 mt=P len=0
PKT t=29062 RX ua=95 mt=R len=7
PKT t=29067 TX ua=95 mt=P len=0
PKT t=29076 RX ua=95 mt=R len=7
PKT t=29081 TX ua=95 mt=P len=0
PKT t=29090 RX ua=95 mt=R len=7
PKT t=29095 TX ua=95 mt=P len=0
PKT t=29104 RX ua=95 mt=R len=7
PKT t=29109 TX ua=95 mt=P len=0
PKT t=29118 RX ua=95 mt=R len=7
PKT t=29123 TX ua=95 mt=T len=7
PKT t=29136 TX ua=95 mt=T len=7
PKT t=29149 TX ua=95 mt=P len=0
PKT t=29158 RX ua=95 mt=R len=7
PKT t=29163 TX ua=95 mt=P len=0
PKT t=29172 RX ua=95 mt=R len=7
PKT t=29177 TX ua=95 mt=P len=0
PKT t=29186 RX ua=95 mt=R len=7
PKT t=29194 TX ua=95 mt=P len=0
PKT t=29203 RX ua=95 mt=R len=7
PKT t=29208 TX ua=95 mt=P len=0
PKT t=29217 RX ua=95 mt=R len=7
PKT t=29222 TX ua=95 mt=P len=0
PKT t=29252 RX ua=95 mt=R len=7
PKT t=29257 TX ua=95 mt=P len=0
PKT t=29266 RX ua=95 mt=R len=7
PKT t=29271 TX ua=95 mt=P len=0
PKT t=29280 RX ua=95 mt=R len=7
PKT t=29285 TX ua=95 mt=P len=0
PKT t=29294 RX ua=95 mt=R len=7
PKT t=29299 TX ua=95 mt=P len=0
PKT t=29308 RX ua=95 mt=R len=7
PKT t=29313 TX ua=95 mt=P len=0
PKT t=29322 RX ua=95 mt=R len=7
PKT t=29327 TX ua=95 mt=P len=0
PKT t=29356 RX ua=95 mt=R len=7
PKT t=29361 TX ua=95 mt=P len=0
PKT t=29370 RX ua=95 mt=R len=7
PKT t=29375 TX ua=95 mt=P len=0
PKT t=29384 RX ua=95 mt=R len=7
PKT t=29389 TX ua=95 mt=T len=7
PKT t=29402 TX ua=95 mt=P len=0
PKT t=29412 RX ua=95 mt=R len=7
PKT t=29417 TX ua=95 mt=P len=0
PKT t=29427 RX ua=95 mt=R len=7
PKT t=29432 TX ua=95 mt=P len=0
PKT t=29461 RX ua=95 mt=R len=7
PKT t=29466 TX ua=95 mt=P len=0
PKT t=29476 RX ua=95 mt=R len=7
PKT t=29481 TX ua=95 mt=P len=0
PKT t=29491 RX ua=95 mt=R len=7
PKT t=29496 TX ua=95 mt=P len=0
PKT t=29506 RX ua=95 mt=R len=7
PKT t=29511 TX ua=95 mt=P len=0
PKT t=29521 RX ua=95 mt=R len=7
PKT t=29526 TX ua=95 mt=P len=0
PKT t=29536 RX ua=95 mt=R len=7
PKT t=29541 TX ua=95 mt=P len=0
PKT t=29570 RX ua=95 mt=R len=7
PKT t=29575 TX ua=95 mt=P len=0
PKT t=29585 RX ua=95 mt=R len=7
PKT t=29590 TX ua=95 mt=P len=0
PKT t=29600 RX ua=95 mt=R len=7
PKT t=29605 TX ua=95 mt=P len=0
PKT t=29615 RX ua=95 mt=R len=7
PKT t=29620 TX ua=95 mt=P len=0
PKT t=29630 RX ua=95 mt=R len=7
PKT t=29635 TX ua=95 mt=T len=7
PKT t=29648 TX ua=95 mt=P len=0
PKT t=29675 RX ua=95 mt=R len=7
PKT t=29680 TX ua=95 mt=P len=0
PKT t=29689 RX ua=95 mt=R len=7
PKT t=29694 TX ua=95 mt=P len=0
PKT t=29703 RX ua=95 mt=R len=7
PKT t=29708 TX ua=95 mt=P len=0
PKT t=29717 RX ua=95 mt=R len=7
PKT t=29722 TX ua=95 mt=P len=0
PKT t=29731 RX ua=95 mt=R len=7
PKT t=29736 TX ua=95 mt=P len=0
PKT t=29745 RX ua=95 mt=R len=7
PKT t=29750 TX ua=95 mt=P len=0
PKT t=29779 RX ua=95 mt=R len=7
PKT t=29784 TX ua=95 mt=P len=0
PKT t=29793 RX ua=95 mt=R len=7
PKT t=29798 TX ua=95 mt=P len=0
PKT t=29814 RX ua=95 mt=R len=7
PKT t=29819 TX ua=95 mt=P len=0
PKT t=29828 RX ua=95 mt=R len=7
PKT t=29833 TX ua=95 mt=P len=0
PKT t=29842 RX ua=95 mt=R len=7
PKT t=29847 TX ua=95 mt=P len=0
PKT t=29879 RX ua=95 mt=R len=7
PKT t=29884 TX ua=95 mt=P len=0
PKT t=29893 RX ua=95 mt=R len=7
PKT t=29898 TX ua=95 mt=T len=7
PKT t=29911 TX ua=95 mt=P len=0
PKT t=29920 RX ua=95 mt=R len=7
PKT t=29925 TX ua=95 mt=P len=0
PKT t=29934 RX ua=95 mt=R len=7
PKT t=29939 TX ua=95 mt=P len=0
PKT t=29948 RX ua=95 mt=R len=7
PKT t=29953 TX ua=95 mt=P len=0
PKT t=29982 RX ua=95 mt=R len=7
PKT t=29987 TX ua=95 mt=P len=0
PKT t=29996 RX ua=95 mt=R len=7
PKT t=30001 TX ua=95 mt=P len=0
PKT t=30010 RX ua=95 mt=R len=7
PKT t=30019 TX ua=95 mt=P len=0
PKT t=30028 RX ua=95 mt=R len=7
PKT t=30033 TX ua=95 mt=P len=0
PKT t=30042 RX ua=95 mt=R len=7
PKT t=30047 TX ua=95 mt=P len=0
PKT t=30056 RX ua=95 mt=R len=7
PKT t=30061 TX ua=95 mt=P len=0
PKT t=30090 RX ua=95 mt=R len=7
PKT t=30095 TX ua=95 mt=P len=0
PKT t=30104 RX ua=95 mt=R len=7
PKT t=30109 TX ua=95 mt=P len=0
PKT t=30124 RX ua=95 mt=R len=7
PKT t=30129 TX ua=95 mt=T len=7
PKT t=30141 TX ua=95 mt=P len=0
PKT t=30150 RX ua=95 mt=R len=7
PKT t=30155 TX ua=95 mt=P len=0
PKT t=30164 RX ua=95 mt=R len=7
PKT t=30169 TX ua=95 mt=P len=0
PKT t=30198 RX ua=95 mt=R len=7
PKT t=30203 TX ua=95 mt=P len=0
PKT t=30212 RX ua=95 mt=R len=7
PKT t=30217 TX ua=95 mt=P len=0
PKT t=30226 RX ua=95 mt=R len=7
PKT t=30231 TX ua=95 mt=P len=0
PKT t=30240 RX ua=95 mt=R len=7
PKT t=30245 TX ua=95 mt=P len=0
PKT t=30254 RX ua=95 mt=R len=7
PKT t=30259 TX ua=95 mt=P len=0
PKT t=30268 RX ua=95 mt=R len=7
PKT t=30279 TX ua=95 mt=P len=0
PKT t=30302 RX ua=95 mt=R len=7
PKT t=30307 TX ua=95 mt=P len=0
PKT t=30316 RX ua=95 mt=R len=7
PKT t=30321 TX ua=95 mt=P len=0
PKT t=30330 RX ua=95 mt=R len=7
PKT t=30335 TX ua=95 mt=P len=0
PKT t=30344 RX ua=95 mt=R len=7
PKT t=30349 TX ua=95 mt=P len=0
PKT t=30358 RX ua=95 mt=R len=7
PKT t=30363 TX ua=95 mt=P len=0
PKT t=30372 RX ua=95 mt=R len=7
PKT t=30377 TX ua=95 mt=P len=0
PKT t=30406 RX ua=95 mt=R len=7
PKT t=30411 TX ua=95 mt=T len=7
PKT t=30423 TX ua=95 mt=P len=0
PKT t=30434 RX ua=95 mt=R len=7
PKT t=30439 TX ua=95 mt=P len=0
PKT t=30448 RX ua=95 mt=R len=7
PKT t=30453 TX ua=95 mt=P len=0
PKT t=30462 RX ua=95 mt=R len=7
PKT t=30467 TX ua=95 mt=P len=0
PKT t=30476 RX ua=95 mt=R len=7
PKT t=30481 TX ua=95 mt=P len=0
PKT t=30510 RX ua=95 mt=R len=7
PKT t=30515 TX ua=95 mt=P len=0
PKT t=30524 RX ua=95 mt=R len=7
PKT t=30529 TX ua=95 mt=P len=0
PKT t=30538 RX ua=95 mt=R len=7
PKT t=30543 TX ua=95 mt=P len=0
PKT t=30552 RX ua=95 mt=R len=7
PKT t=30557 TX ua=95 mt=P len=0
PKT t=30566 RX ua=95 mt=R len=7
PKT t=30571 TX ua=95 mt=P len=0
PKT t=30580 RX ua=95 mt=R len=7
PKT t=30589 TX ua=95 mt=P len=0
PKT t=30614 RX ua=95 mt=R len=7
PKT t=30619 TX ua=95 mt=P len=0
PKT t=30628 RX ua=95 mt=R len=7
PKT t=30633 TX ua=95 mt=P len=0
PKT t=30642 RX ua=95 mt=R len=7
PKT t=30647 TX ua=95 mt=T len=7
PKT t=30659 TX ua=95 mt=P len=0
PKT t=30668 RX ua=95 mt=R len=7
PKT t=30673 TX ua=95 mt=P len=0
PKT t=30682 RX ua=95 mt=R len=7
PKT t=30687 TX ua=95 mt=P len=0
PKT t=30716 RX ua=95 mt=R len=7
PKT t=30721 TX ua=95 mt=P len=0
PKT t=30730 RX ua=95 mt=R len=7
PKT t=30735 TX ua=95 mt=P len=0
PKT t=30744 RX ua=95 mt=R len=7
PKT t=30749 TX ua=95 mt=P len=0
PKT t=30758 RX ua=95 mt=R len=7
PKT t=30763 TX ua=95 mt=P len=0
PKT t=30772 RX ua=95 mt=R len=7
PKT t=30777 TX ua=95 mt=P len=0
PKT t=30786 RX ua=95 mt=R len=7
PKT t=30791 TX ua=95 mt=P len=0
PKT t=30820 RX ua=95 mt=R len=7
PKT t=30825 TX ua=95 mt=P len=0
PKT t=30834 RX ua=95 mt=R len=7
PKT t=30839 TX ua=95 mt=P len=0
PKT t=30848 RX ua=95 mt=R len=7
PKT t=30853 TX ua=95 mt=P len=0
PKT t=30862 RX ua=95 mt=R len=7
PKT t=30867 TX ua=95 mt=P len=0
PKT t=30876 RX ua=95 mt=R len=7
PKT t=30881 TX ua=95 mt=P len=0
PKT t=30890 RX ua=95 mt=R len=7
PKT t=30899 TX ua=95 mt=T len=7
PKT t=30911 TX ua=95 mt=P len=0
PKT t=30926 RX ua=95 mt=R len=7
PKT t=30931 TX ua=95 mt=P len=0
PKT t=30940 RX ua=95 mt=R len=7
PKT t=30945 TX ua=95 mt=P len=0
PKT t=30954 RX ua=95 mt=R len=7
PKT t=30959 TX ua=95 mt=P len=0
PKT t=30968 RX ua=95 mt=R len=7
PKT t=30973 TX ua=95 mt=P len=0
PKT t=30982 RX ua=95 mt=R len=7
PKT t=30987 TX ua=95 mt=P len=0
PKT t=30996 RX ua=95 mt=R len=7
PKT t=31001 TX ua=95 mt=P len=0
PKT t=31030 RX ua=95 mt=R len=7
PKT t=31035 TX ua=95 mt=P len=0
PKT t=31044 RX ua=95 mt=R len=7
PKT t=31054 TX ua=95 mt=P len=0
PKT t=31063 RX ua=95 mt=R len=7
PKT t=31068 TX ua=95 mt=P len=0
PKT t=31077 RX ua=95 mt=R len=7
PKT t=31082 TX ua=95 mt=P len=0
PKT t=31091 RX ua=95 mt=R len=7
PKT t=31096 TX ua=95 mt=P len=0
PKT t=31105 RX ua=95 mt=R len=7
PKT t=31110 TX ua=95 mt=T len=7
PKT t=31122 TX ua=95 mt=P len=0
PKT t=31141 RX ua=95 mt=R len=7
PKT t=31146 TX ua=95 mt=T len=7
PKT t=31158 TX ua=95 mt=P len=0
PKT t=31167 RX ua=95 mt=R len=7
PKT t=31172 TX ua=95 mt=P len=0
PKT t=31181 RX ua=95 mt=R len=7
PKT t=31186 TX ua=95 mt=P len=0
PKT t=31195 RX ua=95 mt=R len=7
PKT t=31200 TX ua=95 mt=P len=0
PKT t=31209 RX ua=95 mt=R len=7
PKT t=31214 TX ua=95 mt=P len=0
PKT t=31243 RX ua=95 mt=R len=7
PKT t=31248 TX ua=95 mt=P len=0
PKT t=31257 RX ua=95 mt=R len=7
PKT t=31262 TX ua=95 mt=P len=0
PKT t=31271 RX ua=95 mt=R len=7
PKT t=31276 TX ua=95 mt=P len=0
PKT t=31285 RX ua=95 mt=R len=7
PKT t=31290 TX ua=95 mt=P len=0
PKT t=31299 RX ua=95 mt=R len=7
PKT t=31304 TX ua=95 mt=P len=0
PKT t=31313 RX ua=95 mt=R len=7
PKT t=31318 TX ua=95 mt=P len=0
PKT t=31347 RX ua=95 mt=R len=7
PKT t=31352 TX ua=95 mt=P len=0
PKT t=31364 RX ua=95 mt=R len=7
PKT t=31369 TX ua=95 mt=P len=0
PKT t=31378 RX ua=95 mt=R len=7
PKT t=31383 TX ua=95 mt=P len=0
PKT t=31392 RX ua=95 mt=R len=7
PKT t=31397 TX ua=95 mt=T len=7
PKT t=31409 TX ua=95 mt=P len=0
PKT t=31419 RX ua=95 mt=R len=7
PKT t=31424 TX ua=95 mt=P len=0
PKT t=31453 RX ua=95 mt=R len=7
PKT t=31458 TX ua=95 mt=P len=0
PKT t=31468 RX ua=95 mt=R len=7
PKT t=31473 TX ua=95 mt=P len=0
PKT t=31483 RX ua=95 mt=R len=7
PKT t=31488 TX ua=95 mt=P len=0
PKT t=31498 RX ua=95 mt=R len=7
PKT t=31503 TX ua=95 mt=P len=0
PKT t=31519 RX ua=95 mt=R len=7
PKT t=31524 TX ua=95 mt=P len=0
PKT t=31552 RX ua=95 mt=R len=7
PKT t=31557 TX ua=95 mt=P len=0
PKT t=31567 RX ua=95 mt=R len=7
PKT t=31572 TX ua=95 mt=P len=0
PKT t=31582 RX ua=95 mt=R len=7
PKT t=31587 TX ua=95 mt=P len=0
PKT t=31597 RX ua=95 mt=R len=7
PKT t=31602 TX ua=95 mt=P len=0
PKT t=31612 RX ua=95 mt=R len=7
PKT t=31617 TX ua=95 mt=P len=0
PKT t=31627 RX ua=95 mt=R len=7
PKT t=31632 TX ua=95 mt=P len=0
PKT t=31661 RX ua=95 mt=R len=7
PKT t=31666 TX ua=95 mt=T len=7
PKT t=31681 TX ua=95 mt=P len=0
PKT t=31690 RX ua=95 mt=R len=7
PKT t=31695 TX ua=95 mt=P len=0
PKT t=31704 RX ua=95 mt=R len=7
PKT t=31709 TX ua=95 mt=P len=0
PKT t=31719 RX ua=95 mt=R len=7
PKT t=31724 TX ua=95 mt=P len=0
PKT t=31733 RX ua=95 mt=R len=7
PKT t=31738 TX ua=95 mt=P len=0
PKT t=31767 RX ua=95 mt=R len=7
PKT t=31772 TX ua=95 mt=P len=0
PKT t=31781 RX ua=95 mt=R len=7
PKT t=31786 TX ua=95 mt=P len=0
PKT t=31795 RX ua=95 mt=R len=7
PKT t=31800 TX ua=95 mt=P len=0
PKT t=31809 RX ua=95 mt=R len=7
PKT t=31814 TX ua=95 mt=P len=0
PKT t=31829 RX ua=95 mt=R len=7
PKT t=31834 TX ua=95 mt=P len=0
PKT t=31867 RX ua=95 mt=R len=7
PKT t=31872 TX ua=95 mt=P len=0
PKT t=31881 RX ua=95 mt=R len=7
PKT t=31886 TX ua=95 mt=T len=7
PKT t=31898 TX ua=95 mt=P len=0
PKT t=31908 RX ua=95 mt=R len=7
PKT t=31913 TX ua=95 mt=P len=0
PKT t=31922 RX ua=95 mt=R len=7
PKT t=31927 TX ua=95 mt=P len=0
PKT t=31936 RX ua=95 mt=R len=7
PKT t=31941 TX ua=95 mt=P len=0
PKT t=31970 RX ua=95 mt=R len=7
PKT t=31975 TX ua=95 mt=P len=0
PKT t=31984 RX ua=95 mt=R len=7
PKT t=31989 TX ua=95 mt=P len=0
PKT t=31998 RX ua=95 mt=R len=7
PKT t=32003 TX ua=95 mt=P len=0
PKT t=32012 RX ua=95 mt=R len=7
PKT t=32020 TX ua=95 mt=P len=0
PKT t=32029 RX ua=95 mt=R len=7
PKT t=32034 TX ua=95 mt=P len=0
PKT t=32043 RX ua=95 mt=R len=7
PKT t=32048 TX ua=95 mt=P len=0
PKT t=32077 RX ua=95 mt=R len=7
PKT t=32082 TX ua=95 mt=P len=0
PKT t=32091 RX ua=95 mt=R len=7
PKT t=32096 TX ua=95 mt=P len=0
PKT t=32105 RX ua=95 mt=R len=7
PKT t=32110 TX ua=95 mt=T len=7
PKT t=32122 TX ua=95 mt=P len=0
PKT t=32131 RX ua=95 mt=R len=7
PKT t=32139 TX ua=95 mt=P len=0
PKT t=32148 RX ua=95 mt=R len=7
PKT t=32153 TX ua=95 mt=T len=7
PKT t=32165 TX ua=95 mt=P len=0
PKT t=32184 RX ua=95 mt=R len=7
PKT t=32189 TX ua=95 mt=P len=0
PKT t=32198 RX ua=95 mt=R len=7
PKT t=32203 TX ua=95 mt=P len=0
PKT t=32212 RX ua=95 mt=R len=7
PKT t=32217 TX ua=95 mt=P len=0
PKT t=32226 RX ua=95 mt=R len=7
PKT t=32231 TX ua=95 mt=P len=0
PKT t=32240 RX ua=95 mt=R len=7
PKT t=32245 TX ua=95 mt=P len=0
PKT t=32254 RX ua=95 mt=R len=7
PKT t=32259 TX ua=95 mt=P len=0
PKT t=32294 RX ua=95 mt=R len=7
PKT t=32299 TX ua=95 mt=P len=0
PKT t=32308 RX ua=95 mt=R len=7
PKT t=32313 TX ua=95 mt=P len=0
PKT t=32322 RX ua=95 mt=R len=7
PKT t=32327 TX ua=95 mt=P len=0
PKT t=32336 RX ua=95 mt=R len=7
PKT t=32341 TX ua=95 mt=P len=0
PKT t=32350 RX ua=95 mt=R len=7
PKT t=32355 TX ua=95 mt=P len=0
PKT t=32388 RX ua=95 mt=R len=7
PKT t=32393 TX ua=95 mt=T len=7
PKT t=32405 TX ua=95 mt=P len=0
PKT t=32414 RX ua=95 mt=R len=7
PKT t=32419 TX ua=95 mt=P len=0
PKT t=32428 RX ua=95 mt=R len=7
PKT t=32433 TX ua=95 mt=P len=0
PKT t=32449 RX ua=95 mt=R len=7
PKT t=32454 TX ua=95 mt=P len=0
PKT t=32463 RX ua=95 mt=R len=7
PKT t=32468 TX ua=95 mt=P len=0
PKT t=32497 RX ua=95 mt=R len=7
PKT t=32502 TX ua=95 mt=P len=0
PKT t=32511 RX ua=95 mt=R len=7
PKT t=32516 TX ua=95 mt=P len=0
PKT t=32525 RX ua=95 mt=R len=7
PKT t=32530 TX ua=95 mt=P len=0
PKT t=32539 RX ua=95 mt=R len=7
PKT t=32544 TX ua=95 mt=P len=0
PKT t=32553 RX ua=95 mt=R len=7
PKT t=32558 TX ua=95 mt=P len=0
PKT t=32567 RX ua=95 mt=R len=7
PKT t=32572 TX ua=95 mt=P len=0
PKT t=32604 RX ua=95 mt=R len=7
PKT t=32609 TX ua=95 mt=P len=0
PKT t=32618 RX ua=95 mt=R len=7
PKT t=32623 TX ua=95 mt=P len=0
PKT t=32632 RX ua=95 mt=R len=7
PKT t=32637 TX ua=95 mt=P len=0
PKT t=32646 RX ua=95 mt=R len=7
PKT t=32651 TX ua=95 mt=T len=7
PKT t=32663 TX ua=95 mt=P len=0
PKT t=32672 RX ua=95 mt=R len=7
PKT t=32677 TX ua=95 mt=P len=0
PKT t=32706 RX ua=95 mt=R len=7
PKT t=32711 TX ua=95 mt=P len=0
PKT t=32720 RX ua=95 mt=R len=7
PKT t=32725 TX ua=95 mt=P len=0
PKT t=32734 RX ua=95 mt=R len=7
PKT t=32739 TX ua=95 mt=P len=0
PKT t=32748 RX ua=95 mt=R len=7
PKT t=32759 TX ua=95 mt=P len=0
PKT t=32768 RX ua=95 mt=R len=7
PKT t=32773 TX ua=95 mt=P len=0
PKT t=32806 RX ua=95 mt=R len=7
PKT t=32811 TX ua=95 mt=P len=0
PKT t=32820 RX ua=95 mt=R len=7
PKT t=32825 TX ua=95 mt=P len=0
PKT t=32834 RX ua=95 mt=R len=7
PKT t=32839 TX ua=95 mt=P len=0
PKT t=32848 RX ua=95 mt=R len=7
PKT t=32853 TX ua=95 mt=P len=0
PKT t=32862 RX ua=95 mt=R len=7
PKT t=32867 TX ua=95 mt=P len=0
PKT t=32876 RX ua=95 mt=R len=7
PKT t=32881 TX ua=95 mt=P len=0
PKT t=32914 RX ua=95 mt=R len=7
PKT t=32919 TX ua=95 mt=T len=7
PKT t=32931 TX ua=95 mt=P len=0
PKT t=32940 RX ua=95 mt=R len=7
PKT t=32945 TX ua=95 mt=P len=0
PKT t=32954 RX ua=95 mt=R len=7
PKT t=32959 TX ua=95 mt=P len=0
PKT t=32968 RX ua=95 mt=R len=7
PKT t=32973 TX ua=95 mt=P len=0
PKT t=32982 RX ua=95 mt=R len=7
PKT t=32987 TX ua=95 mt=P len=0
PKT t=33017 RX ua=95 mt=R len=7
PKT t=33022 TX ua=95 mt=P len=0
PKT t=33031 RX ua=95 mt=R len=7
PKT t=33036 TX ua=95 mt=P len=0
PKT t=33045 RX ua=95 mt=R len=7
PKT t=33050 TX ua=95 mt=P len=0
PKT t=33059 RX ua=95 mt=R len=7
PKT t=33069 TX ua=95 mt=P len=0
PKT t=33078 RX ua=95 mt=R len=7
PKT t=33083 TX ua=95 mt=P len=0
PKT t=33116 RX ua=95 mt=R len=7
PKT t=33121 TX ua=95 mt=T len=7
PKT t=33133 TX ua=95 mt=P len=0
PKT t=33142 RX ua=95 mt=R len=7
PKT t=33147 TX ua=95 mt=T len=7
PKT t=33159 TX ua=95 mt=P len=0
PKT t=33168 RX ua=95 mt=R len=7
PKT t=33173 TX ua=95 mt=P len=0
PKT t=33182 RX ua=95 mt=R len=7
PKT t=33187 TX ua=95 mt=P len=0
PKT t=33216 RX ua=95 mt=R len=7
PKT t=33224 TX ua=95 mt=P len=0
PKT t=33233 RX ua=95 mt=R len=7
PKT t=33238 TX ua=95 mt=P len=0
PKT t=33247 RX ua=95 mt=R len=7
PKT t=33252 TX ua=95 mt=P len=0
PKT t=33261 RX ua=95 mt=R len=7
PKT t=33266 TX ua=95 mt=P len=0
PKT t=33275 RX ua=95 mt=R len=7
PKT t=33280 TX ua=95 mt=P len=0
PKT t=33289 RX ua=95 mt=R len=7
PKT t=33294 TX ua=95 mt=P len=0
PKT t=33323 RX ua=95 mt=R len=7
PKT t=33328 TX ua=95 mt=P len=0
PKT t=33337 RX ua=95 mt=R len=7
PKT t=33342 TX ua=95 mt=P len=0
PKT t=33351 RX ua=95 mt=R len=7
PKT t=33356 TX ua=95 mt=P len=0
PKT t=33365 RX ua=95 mt=R len=7
PKT t=33370 TX ua=95 mt=P len=0
PKT t=33379 RX ua=95 mt=R len=7
PKT t=33384 TX ua=95 mt=P len=0
PKT t=33393 RX ua=95 mt=R len=7
PKT t=33398 TX ua=95 mt=T len=7
PKT t=33410 TX ua=95 mt=P len=0
PKT t=33429 RX ua=95 mt=R len=7
PKT t=33434 TX ua=95 mt=P len=0
PKT t=33444 RX ua=95 mt=R len=7
PKT t=33449 TX ua=95 mt=P len=0
PKT t=33459 RX ua=95 mt=R len=7
PKT t=33464 TX ua=95 mt=P len=0
PKT t=33474 RX ua=95 mt=R len=7
PKT t=33479 TX ua=95 mt=P len=0
PKT t=33489 RX ua=95 mt=R len=7
PKT t=33494 TX ua=95 mt=P len=0
PKT t=33534 RX ua=95 mt=R len=7
PKT t=33539 TX ua=95 mt=P len=0
PKT t=33549 RX ua=95 mt=R len=7
PKT t=33554 TX ua=95 mt=P len=0
PKT t=33564 RX ua=95 mt=R len=7
PKT t=33569 TX ua=95 mt=P len=0
PKT t=33579 RX ua=95 mt=R len=7
PKT t=33584 TX ua=95 mt=P len=0
PKT t=33594 RX ua=95 mt=R len=7
PKT t=33599 TX ua=95 mt=P len=0
PKT t=33628 RX ua=95 mt=R len=7
PKT t=33633 TX ua=95 mt=P len=0
PKT t=33643 RX ua=95 mt=R len=7
PKT t=33648 TX ua=95 mt=T len=7
PKT t=33660 TX ua=95 mt=P len=0
PKT t=33669 RX ua=95 mt=R len=7
PKT t=33674 TX ua=95 mt=P len=0
PKT t=33689 RX ua=95 mt=R len=7
PKT t=33694 TX ua=95 mt=P len=0
PKT t=33727 RX ua=95 mt=R len=7
PKT t=33732 TX ua=95 mt=P len=0
PKT t=33741 RX ua=95 mt=R len=7
PKT t=33746 TX ua=95 mt=P len=0
PKT t=33755 RX ua=95 mt=R len=7
PKT t=33760 TX ua=95 mt=P len=0
PKT t=33769 RX ua=95 mt=R len=7
PKT t=33774 TX ua=95 mt=P len=0
PKT t=33783 RX ua=95 mt=R len=7
PKT t=33788 TX ua=95 mt=P len=0
PKT t=33797 RX ua=95 mt=R len=7
PKT t=33802 TX ua=95 mt=P len=0
PKT t=33831 RX ua=95 mt=R len=7
PKT t=33836 TX ua=95 mt=P len=0
PKT t=33845 RX ua=95 mt=R len=7
PKT t=33850 TX ua=95 mt=P len=0
PKT t=33859 RX ua=95 mt=R len=7
PKT t=33864 TX ua=95 mt=P len=0
PKT t=33873 RX ua=95 mt=R len=7
PKT t=33878 TX ua=95 mt=P len=0
PKT t=33887 RX ua=95 mt=R len=7
PKT t=33892 TX ua=95 mt=T len=7
PKT t=33904 TX ua=95 mt=P len=0
PKT t=33932 RX ua=95 mt=R len=7
PKT t=33937 TX ua=95 mt=P len=0
PKT t=33946 RX ua=95 mt=R len=7
PKT t=33951 TX ua=95 mt=P len=0
PKT t=33960 RX ua=95 mt=R len=7
PKT t=33965 TX ua=95 mt=P len=0
PKT t=33974 RX ua=95 mt=R len=7
PKT t=33979 TX ua=95 mt=P len=0
PKT t=33988 RX ua=95 mt=R len=7
PKT t=33999 TX ua=95 mt=P len=0
PKT t=34032 RX ua=95 mt=R len=7
PKT t=34037 TX ua=95 mt=P len=0
PKT t=34046 RX ua=95 mt=R len=7
PKT t=34051 TX ua=95 mt=P len=0
PKT t=34060 RX ua=95 mt=R len=7
PKT t=34065 TX ua=95 mt=P len=0
PKT t=34074 RX ua=95 mt=R len=7
PKT t=34079 TX ua=95 mt=P len=0
PKT t=34088 RX ua=95 mt=R len=7
PKT t=34093 TX ua=95 mt=P len=0
PKT t=34102 RX ua=95 mt=R len=7
PKT t=34107 TX ua=95 mt=P len=0
PKT t=34137 RX ua=95 mt=R len=7
PKT t=34142 TX ua=95 mt=T len=7
PKT t=34161 TX ua=95 mt=P len=0
PKT t=34170 RX ua=95 mt=R len=7
PKT t=34175 TX ua=95 mt=T len=7
PKT t=34188 TX ua=95 mt=P len=0
PKT t=34197 RX ua=95 mt=R len=7
PKT t=34202 TX ua=95 mt=P len=0
PKT t=34211 RX ua=95 mt=R len=7
PKT t=34216 TX ua=95 mt=P len=0
PKT t=34250 RX ua=95 mt=R len=7
PKT t=34255 TX ua=95 mt=P len=0
PKT t=34264 RX ua=95 mt=R len=7
PKT t=34269 TX ua=95 mt=P len=0
PKT t=34278 RX ua=95 mt=R len=7
PKT t=34283 TX ua=95 mt=P len=0
PKT t=34292 RX ua=95 mt=R len=7
PKT t=34297 TX ua=95 mt=P len=0
PKT t=34309 RX ua=95 mt=R len=7
PKT t=34314 TX ua=95 mt=P len=0
PKT t=34345 RX ua=95 mt=R len=7
PKT t=34350 TX ua=95 mt=P len=0
PKT t=34359 RX ua=95 mt=R len=7
PKT t=34364 TX ua=95 mt=P len=0
PKT t=34373 RX ua=95 mt=R len=7
PKT t=34378 TX ua=95 mt=P len=0
PKT t=34387 RX ua=95 mt=R len=7
PKT t=34392 TX ua=95 mt=T len=7
PKT t=34405 TX ua=95 mt=P len=0
PKT t=34414 RX ua=95 mt=R len=7
PKT t=34419 TX ua=95 mt=P len=0
PKT t=34448 RX ua=95 mt=R len=7
PKT t=34453 TX ua=95 mt=P len=0
PKT t=34464 RX ua=95 mt=R len=7
PKT t=34469 TX ua=95 mt=P len=0
PKT t=34478 RX ua=95 mt=R len=7
PKT t=34483 TX ua=95 mt=P len=0
PKT t=34492 RX ua=95 mt=R len=7
PKT t=34497 TX ua=95 mt=P len=0
PKT t=34506 RX ua=95 mt=R len=7
PKT t=34511 TX ua=95 mt=P len=0
PKT t=34520 RX ua=95 mt=R len=7
PKT t=34525 TX ua=95 mt=P len=0
PKT t=34554 RX ua=95 mt=R len=7
PKT t=34559 TX ua=95 mt=P len=0
PKT t=34568 RX ua=95 mt=R len=7
PKT t=34573 TX ua=95 mt=P len=0
PKT t=34582 RX ua=95 mt=R len=7
PKT t=34587 TX ua=95 mt=P len=0
PKT t=34596 RX ua=95 mt=R len=7
PKT t=34601 TX ua=95 mt=P len=0
PKT t=34610 RX ua=95 mt=R len=7
PKT t=34619 TX ua=95 mt=P len=0
PKT t=34628 RX ua=95 mt=R len=7
PKT t=34633 TX ua=95 mt=P len=0
PKT t=34662 RX ua=95 mt=R len=7
PKT t=34667 TX ua=95 mt=T len=7
PKT t=34680 TX ua=95 mt=P len=0
PKT t=34689 RX ua=95 mt=R len=7
PKT t=34694 TX ua=95 mt=P len=0
PKT t=34703 RX ua=95 mt=R len=7
PKT t=34708 TX ua=95 mt=P len=0
PKT t=34717 RX ua=95 mt=R len=7
PKT t=34722 TX ua=95 mt=P len=0
PKT t=34731 RX ua=95 mt=R len=7
PKT t=34736 TX ua=95 mt=P len=0
PKT t=34765 RX ua=95 mt=R len=7
PKT t=34774 TX ua=95 mt=P len=0
PKT t=34783 RX ua=95 mt=R len=7
PKT t=34788 TX ua=95 mt=P len=0
PKT t=34797 RX ua=95 mt=R len=7
PKT t=34802 TX ua=95 mt=P len=0
PKT t=34811 RX ua=95 mt=R len=7
PKT t=34816 TX ua=95 mt=P len=0
PKT t=34825 RX ua=95 mt=R len=7
PKT t=34830 TX ua=95 mt=P len=0
PKT t=34839 RX ua=95 mt=R len=7
PKT t=34844 TX ua=95 mt=P len=0
PKT t=34873 RX ua=95 mt=R len=7
PKT t=34878 TX ua=95 mt=P len=0
PKT t=34887 RX ua=95 mt=R len=7
PKT t=34892 TX ua=95 mt=T len=7
PKT t=34905 TX ua=95 mt=P len=0
PKT t=34914 RX ua=95 mt=R len=7
PKT t=34919 TX ua=95 mt=P len=0
PKT t=34929 RX ua=95 mt=R len=7
PKT t=34934 TX ua=95 mt=P len=0
PKT t=34943 RX ua=95 mt=R len=7
PKT t=34948 TX ua=95 mt=P len=0
PKT t=34977 RX ua=95 mt=R len=7
PKT t=34982 TX ua=95 mt=P len=0
PKT t=34991 RX ua=95 mt=R len=7
PKT t=34996 TX ua=95 mt=P len=0
PKT t=35005 RX ua=95 mt=R len=7
PKT t=35010 TX ua=95 mt=P len=0
PKT t=35019 RX ua=95 mt=R len=7
PKT t=35024 TX ua=95 mt=P len=0
PKT t=35033 RX ua=95 mt=R len=7
PKT t=35038 TX ua=95 mt=P len=0
PKT t=35047 RX ua=95 mt=R len=7
PKT t=35052 TX ua=95 mt=P len=0
PKT t=35084 RX ua=95 mt=R len=7
PKT t=35089 TX ua=95 mt=P len=0
PKT t=35098 RX ua=95 mt=R len=7
PKT t=35103 TX ua=95 mt=P len=0
PKT t=35112 RX ua=95 mt=R len=7
PKT t=35117 TX ua=95 mt=T len=7
PKT t=35129 TX ua=95 mt=P len=0
PKT t=35138 RX ua=95 mt=R len=7
PKT t=35143 TX ua=95 mt=T len=7
PKT t=35155 TX ua=95 mt=P len=0
PKT t=35183 RX ua=95 mt=R len=7
PKT t=35188 TX ua=95 mt=P len=0
PKT t=35197 RX ua=95 mt=R len=7
PKT t=35202 TX ua=96 mt=P len=0
PKT t=35460 TX ua=95 mt=P len=0
PKT t=35483 RX ua=95 mt=R len=7
PKT t=35488 TX ua=95 mt=T len=7
PKT t=35500 TX ua=95 mt=P len=0
PKT t=35510 RX ua=95 mt=R len=7
PKT t=35515 TX ua=95 mt=P len=0
PKT t=35525 RX ua=95 mt=R len=7
PKT t=35530 TX ua=95 mt=P len=0
PKT t=35540 RX ua=95 mt=R len=7
PKT t=35549 TX ua=95 mt=P len=0
PKT t=35559 RX ua=95 mt=R len=7
PKT t=35564 TX ua=95 mt=P len=0
PKT t=35593 RX ua=95 mt=R len=7
PKT t=35598 TX ua=95 mt=P len=0
PKT t=35608 RX ua=95 mt=R len=7
PKT t=35613 TX ua=95 mt=P len=0
PKT t=35623 RX ua=95 mt=R len=7
PKT t=35628 TX ua=95 mt=P len=0
PKT t=35638 RX ua=95 mt=R len=7
PKT t=35643 TX ua=95 mt=P len=0
PKT t=35653 RX ua=95 mt=R len=7
PKT t=35658 TX ua=95 mt=T len=7
PKT t=35670 TX ua=95 mt=P len=0
PKT t=35704 RX ua=95 mt=R len=7
PKT t=35709 TX ua=95 mt=P len=0
PKT t=35718 RX ua=95 mt=R len=7
PKT t=35723 TX ua=95 mt=P len=0
PKT t=35732 RX ua=95 mt=R len=7
PKT t=35737 TX ua=95 mt=P len=0
PKT t=35746 RX ua=95 mt=R len=7
PKT t=35751 TX ua=95 mt=P len=0
PKT t=35760 RX ua=95 mt=R len=7
PKT t=35765 TX ua=95 mt=P len=0
PKT t=35798 RX ua=95 mt=R len=7
PKT t=35803 TX ua=95 mt=P len=0
PKT t=35812 RX ua=95 mt=R len=7
PKT t=35817 TX ua=95 mt=P len=0
PKT t=35826 RX ua=95 mt=R len=7
PKT t=35831 TX ua=95 mt=P len=0
PKT t=35840 RX ua=95 mt=R len=7
PKT t=35845 TX ua=95 mt=P len=0
PKT t=35859 RX ua=95 mt=R len=7
PKT t=35864 TX ua=95 mt=P len=0
PKT t=35873 RX ua=95 mt=R len=7
PKT t=35878 TX ua=95 mt=P len=0
PKT t=35907 RX ua=95 mt=R len=7
PKT t=35912 TX ua=95 mt=T len=7
PKT t=35924 TX ua=95 mt=P len=0
PKT t=35933 RX ua=95 mt=R len=7
PKT t=35938 TX ua=95 mt=P len=0
PKT t=35947 RX ua=95 mt=R len=7
PKT t=35952 TX ua=95 mt=P len=0
PKT t=35961 RX ua=95 mt=R len=7
PKT t=35966 TX ua=95 mt=P len=0
PKT t=35975 RX ua=95 mt=R len=7
PKT t=35980 TX ua=95 mt=P len=0
PKT t=36014 RX ua=95 mt=R len=7
PKT t=36022 TX ua=95 mt=P len=0
PKT t=36031 RX ua=95 mt=R len=7
PKT t=36036 TX ua=95 mt=P len=0
PKT t=36045 RX ua=95 mt=R len=7
PKT t=36050 TX ua=95 mt=P len=0
PKT t=36059 RX ua=95 mt=R len=7
PKT t=36064 TX ua=95 mt=P len=0
PKT t=36073 RX ua=95 mt=R len=7
PKT t=36078 TX ua=95 mt=P len=0
PKT t=36109 RX ua=95 mt=R len=7
PKT t=36114 TX ua=95 mt=T len=7
PKT t=36126 TX ua=95 mt=P len=0
PKT t=36135 RX ua=95 mt=R len=7
PKT t=36140 TX ua=95 mt=P len=0
PKT t=36149 RX ua=95 mt=R len=7
PKT t=36154 TX ua=95 mt=T len=7
PKT t=36169 TX ua=95 mt=P len=0
PKT t=36178 RX ua=95 mt=R len=7
PKT t=36183 TX ua=95 mt=P len=0
PKT t=36212 RX ua=95 mt=R len=7
PKT t=36217 TX ua=95 mt=P len=0
PKT t=36226 RX ua=95 mt=R len=7
PKT t=36231 TX ua=95 mt=P len=0
PKT t=36240 RX ua=95 mt=R len=7
PKT t=36245 TX ua=95 mt=P len=0
PKT t=36254 RX ua=95 mt=R len=7
PKT t=36259 TX ua=95 mt=P len=0
PKT t=36268 RX ua=95 mt=R len=7
PKT t=36273 TX ua=95 mt=P len=0
PKT t=36282 RX ua=95 mt=R len=7
PKT t=36287 TX ua=95 mt=P len=0
PKT t=36316 RX ua=95 mt=R len=7
PKT t=36324 TX ua=95 mt=P len=0
PKT t=36333 RX ua=95 mt=R len=7
PKT t=36338 TX ua=95 mt=P len=0
PKT t=36347 RX ua=95 mt=R len=7
PKT t=36352 TX ua=95 mt=P len=0
PKT t=36361 RX ua=95 mt=R len=7
PKT t=36366 TX ua=95 mt=P len=0
PKT t=36375 RX ua=95 mt=R len=7
PKT t=36380 TX ua=95 mt=P len=0
PKT t=36389 RX ua=95 mt=R len=7
PKT t=36394 TX ua=95 mt=P len=0
PKT t=36423 RX ua=95 mt=R len=7
PKT t=36428 TX ua=95 mt=T len=7
PKT t=36440 TX ua=95 mt=P len=0
PKT t=36449 RX ua=95 mt=R len=7
PKT t=36454 TX ua=95 mt=P len=0
PKT t=36463 RX ua=95 mt=R len=7
PKT t=36468 TX ua=95 mt=P len=0
PKT t=36479 RX ua=95 mt=R len=7
PKT t=36484 TX ua=95 mt=P len=0
PKT t=36493 RX ua=95 mt=R len=7
PKT t=36498 TX ua=95 mt=P len=0
PKT t=36527 RX ua=95 mt=R len=7
PKT t=36532 TX ua=95 mt=P len=0
PKT t=36541 RX ua=95 mt=R len=7
PKT t=36546 TX ua=95 mt=P len=0
PKT t=36555 RX ua=95 mt=R len=7
PKT t=36560 TX ua=95 mt=P len=0
PKT t=36569 RX ua=95 mt=R len=7
PKT t=36574 TX ua=95 mt=P len=0
PKT t=36583 RX ua=95 mt=R len=7
PKT t=36588 TX ua=95 mt=P len=0
PKT t=36597 RX ua=95 mt=R len=7
PKT t=36602 TX ua=95 mt=P len=0
PKT t=36634 RX ua=95 mt=R len=7
PKT t=36639 TX ua=95 mt=P len=0
PKT t=36649 RX ua=95 mt=R len=7
PKT t=36654 TX ua=95 mt=T len=7
PKT t=36666 TX ua=95 mt=P len=0
PKT t=36675 RX ua=95 mt=R len=7
PKT t=36680 TX ua=95 mt=P len=0
PKT t=36689 RX ua=95 mt=R len=7
PKT t=36694 TX ua=95 mt=P len=0
PKT t=36703 RX ua=95 mt=R len=7
PKT t=36708 TX ua=95 mt=P len=0
PKT t=36737 RX ua=95 mt=R len=7
PKT t=36742 TX ua=95 mt=P len=0
PKT t=36751 RX ua=95 mt=R len=7
PKT t=36756 TX ua=95 mt=P len=0
PKT t=36765 RX ua=95 mt=R len=7
PKT t=36770 TX ua=95 mt=P len=0
PKT t=36779 RX ua=95 mt=R len=7
PKT t=36789 TX ua=95 mt=P len=0
PKT t=36798 RX ua=95 mt=R len=7
PKT t=36803 TX ua=95 mt=P len=0
PKT t=36812 RX ua=95 mt=R len=7
PKT t=36817 TX ua=95 mt=P len=0
PKT t=36846 RX ua=95 mt=R len=7
PKT t=36851 TX ua=95 mt=P len=0
PKT t=36860 RX ua=95 mt=R len=7
PKT t=36865 TX ua=95 mt=P len=0
PKT t=36874 RX ua=95 mt=R len=7
PKT t=36879 TX ua=95 mt=P len=0
PKT t=36888 RX ua=95 mt=R len=7
PKT t=36893 TX ua=95 mt=P len=0
PKT t=36902 RX ua=95 mt=R len=7
PKT t=36907 TX ua=95 mt=T len=7
PKT t=36919 TX ua=95 mt=P len=0
PKT t=36947 RX ua=95 mt=R len=7
PKT t=36952 TX ua=95 mt=P len=0
PKT t=36961 RX ua=95 mt=R len=7
PKT t=36966 TX ua=95 mt=P len=0
PKT t=36975 RX ua=95 mt=R len=7
PKT t=36980 TX ua=95 mt=P len=0
PKT t=36989 RX ua=95 mt=R len=7
PKT t=36994 TX ua=95 mt=P len=0
PKT t=37003 RX ua=95 mt=R len=7
PKT t=37008 TX ua=95 mt=P len=0
PKT t=37017 RX ua=95 mt=R len=7
PKT t=37022 TX ua=95 mt=P len=0
PKT t=37052 RX ua=95 mt=R len=7
PKT t=37057 TX ua=95 mt=P len=0
PKT t=37066 RX ua=95 mt=R len=7
PKT t=37071 TX ua=95 mt=P len=0
PKT t=37080 RX ua=95 mt=R len=7
PKT t=37085 TX ua=95 mt=P len=0
PKT t=37099 RX ua=95 mt=R len=7
PKT t=37104 TX ua=95 mt=P len=0
PKT t=37113 RX ua=95 mt=R len=7
PKT t=37118 TX ua=95 mt=T len=7
PKT t=37131 TX ua=95 mt=P len=0
PKT t=37153 RX ua=95 mt=R len=7
PKT t=37158 TX ua=95 mt=T len=7
PKT t=37171 TX ua=95 mt=P len=0
PKT t=37180 RX ua=95 mt=R len=7
PKT t=37185 TX ua=95 mt=P len=0
PKT t=37194 RX ua=95 mt=R len=7
PKT t=37199 TX ua=95 mt=P len=0
PKT t=37208 RX ua=95 mt=R len=7
PKT t=37213 TX ua=95 mt=P len=0
PKT t=37222 RX ua=95 mt=R len=7
PKT t=37227 TX ua=95 mt=P len=0
