PKT t=7120 TX ua=95 mt=P len=0
PKT t=7129 RX ua=95 mt=R len=7
PKT t=7134 TX ua=95 mt=P len=0
PKT t=7163 RX ua=95 mt=R len=7
PKT t=7168 TX ua=95 mt=P len=0
PKT t=7177 RX ua=95 mt=R len=7
PKT t=7182 TX ua=95 mt=P len=0
PKT t=7191 RX ua=95 mt=R len=7
PKT t=7196 TX ua=95 mt=P len=0
PKT t=7205 RX ua=95 mt=R len=7
PKT t=7210 TX ua=95 mt=P len=0
PKT t=7219 RX ua=95 mt=R len=7
PKT t=7224 TX ua=95 mt=P len=0
PKT t=7233 RX ua=95 mt=R len=7
PKT t=7238 TX ua=95 mt=P len=0
PKT t=7267 RX ua=95 mt=R len=7
PKT t=7272 TX ua=95 mt=P len=0
PKT t=7281 RX ua=95 mt=R len=7
PKT t=7286 TX ua=95 mt=P len=0
PKT t=7295 RX ua=95 mt=R len=7
PKT t=7300 TX ua=95 mt=P len=0
PKT t=7309 RX ua=95 mt=R len=7
PKT t=7314 TX ua=95 mt=P len=0
PKT t=7323 RX ua=95 mt=R len=7
PKT t=7328 TX ua=95 mt=P len=0
PKT t=7337 RX ua=95 mt=R len=7
PKT t=7342 TX ua=95 mt=P len=0
PKT t=7371 RX ua=95 mt=R len=7
PKT t=7376 TX ua=95 mt=T len=7
PKT t=7388 TX ua=95 mt=P len=0
PKT t=7398 RX ua=95 mt=R len=7
PKT t=7403 TX ua=95 mt=P len=0
PKT t=7414 RX ua=95 mt=R len=7
PKT t=7419 TX ua=95 mt=P len=0
PKT t=7429 RX ua=95 mt=R len=7
PKT t=7434 TX ua=95 mt=P len=0
PKT t=7444 RX ua=95 mt=R len=7
PKT t=7449 TX ua=95 mt=P len=0
PKT t=7478 RX ua=95 mt=R len=7
PKT t=7483 TX ua=95 mt=P len=0
PKT t=7493 RX ua=95 mt=R len=7
PKT t=7498 TX ua=95 mt=P len=0
PKT t=7508 RX ua=95 mt=R len=7
PKT t=7513 TX ua=95 mt=P len=0
PKT t=7523 RX ua=95 mt=R len=7
PKT t=7528 TX ua=95 mt=P len=0
PKT t=7538 RX ua=95 mt=R len=7
PKT t=7543 TX ua=95 mt=P len=0
PKT t=7553 RX ua=95 mt=R len=7
PKT t=7558 TX ua=95 mt=P len=0
PKT t=7587 RX ua=95 mt=R len=7
PKT t=7592 TX ua=95 mt=P len=0
PKT t=7602 RX ua=95 mt=R len=7
PKT t=7607 TX ua=95 mt=T len=7
PKT t=7619 TX ua=95 mt=P len=0
PKT t=7628 RX ua=95 mt=R len=7
PKT t=7633 TX ua=95 mt=P len=0
PKT t=7642 RX ua=95 mt=R len=7
PKT t=7647 TX ua=95 mt=P len=0
PKT t=7656 RX ua=95 mt=R len=7
PKT t=7661 TX ua=95 mt=P len=0
PKT t=7690 RX ua=95 mt=R len=7
PKT t=7695 TX ua=95 mt=P len=0
PKT t=7704 RX ua=95 mt=R len=7
PKT t=7709 TX ua=95 mt=P len=0
PKT t=7718 RX ua=95 mt=R len=7
PKT t=7723 TX ua=95 mt=P len=0
PKT t=7734 RX ua=95 mt=R len=7
PKT t=7739 TX ua=95 mt=P len=0
PKT t=7748 RX ua=95 mt=R len=7
PKT t=7753 TX ua=95 mt=P len=0
PKT t=7762 RX ua=95 mt=R len=7
PKT t=7767 TX ua=95 mt=P len=0
PKT t=7796 RX ua=95 mt=R len=7
PKT t=7801 TX ua=95 mt=P len=0
PKT t=7810 RX ua=95 mt=R len=7
PKT t=7815 TX ua=95 mt=P len=0
PKT t=7824 RX ua=95 mt=R len=7
PKT t=7829 TX ua=95 mt=P len=0
PKT t=7839 RX ua=95 mt=R len=7
PKT t=7844 TX ua=95 mt=P len=0
PKT t=7853 RX ua=95 mt=R len=7
PKT t=7858 TX ua=95 mt=T len=7
PKT t=7870 TX ua=95 mt=P len=0
PKT t=7898 RX ua=95 mt=R len=7
PKT t=7903 TX ua=95 mt=P len=0
PKT t=7912 RX ua=95 mt=R len=7
PKT t=7917 TX ua=95 mt=P len=0
PKT t=7926 RX ua=95 mt=R len=7
PKT t=7931 TX ua=95 mt=P len=0
PKT t=7940 RX ua=95 mt=R len=7
PKT t=7945 TX ua=95 mt=P len=0
PKT t=7954 RX ua=95 mt=R len=7
PKT t=7959 TX ua=95 mt=P len=0
PKT t=7968 RX ua=95 mt=R len=7
PKT t=7973 TX ua=95 mt=P len=0
PKT t=8002 RX ua=95 mt=R len=7
PKT t=8008 TX ua=95 mt=P len=0
PKT t=8017 RX ua=95 mt=R len=7
PKT t=8022 TX ua=95 mt=P len=0
PKT t=8031 RX ua=95 mt=R len=7
PKT t=8036 TX ua=95 mt=P len=0
PKT t=8045 RX ua=95 mt=R len=7
PKT t=8054 TX ua=95 mt=P len=0
PKT t=8063 RX ua=95 mt=R len=7
PKT t=8068 TX ua=95 mt=P len=0
PKT t=8101 RX ua=95 mt=R len=7
PKT t=8106 TX ua=95 mt=T len=7
PKT t=8118 TX ua=95 mt=P len=0
PKT t=8127 RX ua=95 mt=R len=7
PKT t=8132 TX ua=95 mt=P len=0
PKT t=8141 RX ua=95 mt=R len=7
PKT t=8146 TX ua=95 mt=P len=0
PKT t=8155 RX ua=95 mt=R len=7
PKT t=8160 TX ua=95 mt=P len=0
PKT t=8169 RX ua=95 mt=R len=7
PKT t=8174 TX ua=95 mt=P len=0
PKT t=8203 RX ua=95 mt=R len=7
PKT t=8214 TX ua=95 mt=P len=0
PKT t=8223 RX ua=95 mt=R len=7
PKT t=8228 TX ua=95 mt=P len=0
PKT t=8237 RX ua=95 mt=R len=7
PKT t=8242 TX ua=95 mt=P len=0
PKT t=8251 RX ua=95 mt=R len=7
PKT t=8256 TX ua=95 mt=P len=0
PKT t=8265 RX ua=95 mt=R len=7
PKT t=8270 TX ua=95 mt=P len=0
PKT t=8302 RX ua=95 mt=R len=7
PKT t=8307 TX ua=95 mt=P len=0
PKT t=8316 RX ua=95 mt=R len=7
PKT t=8321 TX ua=95 mt=P len=0
PKT t=8330 RX ua=95 mt=R len=7
PKT t=8335 TX ua=95 mt=P len=0
PKT t=8344 RX ua=95 mt=R len=7
PKT t=8349 TX ua=95 mt=T len=7
PKT t=8361 TX ua=95 mt=P len=0
PKT t=8374 RX ua=95 mt=R len=7
PKT t=8379 TX ua=95 mt=P len=0
PKT t=8404 RX ua=95 mt=R len=7
PKT t=8409 TX ua=95 mt=P len=0
PKT t=8418 RX ua=95 mt=R len=7
PKT t=8423 TX ua=95 mt=P len=0
PKT t=8432 RX ua=95 mt=R len=7
PKT t=8437 TX ua=95 mt=P len=0
PKT t=8446 RX ua=95 mt=R len=7
PKT t=8451 TX ua=95 mt=P len=0
PKT t=8460 RX ua=95 mt=R len=7
PKT t=8465 TX ua=95 mt=P len=0
PKT t=8474 RX ua=95 mt=R len=7
PKT t=8479 TX ua=95 mt=P len=0
PKT t=8508 RX ua=95 mt=R len=7
PKT t=8513 TX ua=95 mt=P len=0
PKT t=8522 RX ua=95 mt=R len=7
PKT t=8527 TX ua=95 mt=P len=0
PKT t=8536 RX ua=95 mt=R len=7
PKT t=8541 TX ua=95 mt=P len=0
PKT t=8550 RX ua=95 mt=R len=7
PKT t=8555 TX ua=95 mt=P len=0
PKT t=8564 RX ua=95 mt=R len=7
PKT t=8569 TX ua=95 mt=P len=0
PKT t=8578 RX ua=95 mt=R len=7
PKT t=8583 TX ua=95 mt=P len=0
PKT t=8612 RX ua=95 mt=R len=7
PKT t=8617 TX ua=95 mt=T len=7
PKT t=8629 TX ua=95 mt=P len=0
PKT t=8638 RX ua=95 mt=R len=7
PKT t=8643 TX ua=95 mt=P len=0
PKT t=8652 RX ua=95 mt=R len=7
PKT t=8657 TX ua=95 mt=P len=0
PKT t=8666 RX ua=95 mt=R len=7
PKT t=8671 TX ua=95 mt=P len=0
PKT t=8680 RX ua=95 mt=R len=7
PKT t=8685 TX ua=95 mt=P len=0
PKT t=8714 RX ua=95 mt=R len=7
PKT t=8719 TX ua=95 mt=P len=0
PKT t=8728 RX ua=95 mt=R len=7
PKT t=8733 TX ua=95 mt=P len=0
PKT t=8742 RX ua=95 mt=R len=7
PKT t=8747 TX ua=95 mt=P len=0
PKT t=8756 RX ua=95 mt=R len=7
PKT t=8761 TX ua=95 mt=P len=0
PKT t=8770 RX ua=95 mt=R len=7
PKT t=8775 TX ua=95 mt=P len=0
PKT t=8784 RX ua=95 mt=R len=7
PKT t=8789 TX ua=95 mt=P len=0
PKT t=8818 RX ua=95 mt=R len=7
PKT t=8823 TX ua=95 mt=P len=0
PKT t=8832 RX ua=95 mt=R len=7
PKT t=8837 TX ua=95 mt=P len=0
PKT t=8846 RX ua=95 mt=R len=7
PKT t=8854 TX ua=95 mt=T len=7
PKT t=8866 TX ua=95 mt=P len=0
PKT t=8875 RX ua=95 mt=R len=7
PKT t=8880 TX ua=95 mt=P len=0
PKT t=8889 RX ua=95 mt=R len=7
PKT t=8894 TX ua=95 mt=P len=0
PKT t=8923 RX ua=95 mt=R len=7
PKT t=8928 TX ua=95 mt=P len=0
PKT t=8937 RX ua=95 mt=R len=7
PKT t=8942 TX ua=95 mt=P len=0
PKT t=8951 RX ua=95 mt=R len=7
PKT t=8956 TX ua=95 mt=P len=0
PKT t=8965 RX ua=95 mt=R len=7
PKT t=8970 TX ua=95 mt=P len=0
PKT t=8979 RX ua=95 mt=R len=7
PKT t=8984 TX ua=95 mt=P len=0
PKT t=8993 RX ua=95 mt=R len=7
PKT t=8998 TX ua=95 mt=P len=0
PKT t=9027 RX ua=95 mt=R len=7
PKT t=9032 TX ua=95 mt=P len=0
PKT t=9041 RX ua=95 mt=R len=7
PKT t=9046 TX ua=95 mt=P len=0
PKT t=9055 RX ua=95 mt=R len=7
PKT t=9060 TX ua=95 mt=P len=0
PKT t=9069 RX ua=95 mt=R len=7
PKT t=9074 TX ua=95 mt=P len=0
PKT t=9083 RX ua=95 mt=R len=7
PKT t=9088 TX ua=95 mt=P len=0
PKT t=9097 RX ua=95 mt=R len=7
PKT t=9102 TX ua=95 mt=T len=7
PKT t=9114 TX ua=95 mt=P len=0
PKT t=9133 RX ua=95 mt=R len=7
PKT t=9138 TX ua=95 mt=P len=0
PKT t=9147 RX ua=95 mt=R len=7
PKT t=9152 TX ua=95 mt=P len=0
PKT t=9161 RX ua=95 mt=R len=7
PKT t=9166 TX ua=95 mt=P len=0
PKT t=9175 RX ua=95 mt=R len=7
PKT t=9180 TX ua=95 mt=P len=0
PKT t=9189 RX ua=95 mt=R len=7
PKT t=9194 TX ua=95 mt=P len=0
PKT t=9203 RX ua=95 mt=R len=7
PKT t=9208 TX ua=95 mt=P len=0
PKT t=9237 RX ua=95 mt=R len=7
PKT t=9242 TX ua=95 mt=P len=0
PKT t=9251 RX ua=95 mt=R len=7
PKT t=9256 TX ua=95 mt=P len=0
PKT t=9265 RX ua=95 mt=R len=7
PKT t=9270 TX ua=95 mt=P len=0
PKT t=9279 RX ua=95 mt=R len=7
PKT t=9284 TX ua=95 mt=P len=0
PKT t=9293 RX ua=95 mt=R len=7
PKT t=9298 TX ua=95 mt=P len=0
PKT t=9307 RX ua=95 mt=R len=7
PKT t=9312 TX ua=95 mt=P len=0
PKT t=9341 RX ua=95 mt=R len=7
PKT t=9346 TX ua=95 mt=P len=0
PKT t=9355 RX ua=95 mt=R len=7
PKT t=9360 TX ua=95 mt=T len=7
PKT t=9372 TX ua=95 mt=P len=0
PKT t=9382 RX ua=95 mt=R len=7
PKT t=9387 TX ua=95 mt=P len=0
PKT t=9397 RX ua=95 mt=R len=7
PKT t=9402 TX ua=95 mt=P len=0
PKT t=9412 RX ua=95 mt=R len=7
PKT t=9417 TX ua=95 mt=P len=0
PKT t=9446 RX ua=95 mt=R len=7
PKT t=9451 TX ua=95 mt=P len=0
PKT t=9461 RX ua=95 mt=R len=7
PKT t=9466 TX ua=95 mt=P len=0
PKT t=9476 RX ua=95 mt=R len=7
PKT t=9481 TX ua=95 mt=P len=0
PKT t=9494 RX ua=95 mt=R len=7
PKT t=9499 TX ua=95 mt=P len=0
PKT t=9509 RX ua=95 mt=R len=7
PKT t=9514 TX ua=95 mt=P len=0
PKT t=9546 RX ua=95 mt=R len=7
PKT t=9551 TX ua=95 mt=P len=0
PKT t=9561 RX ua=95 mt=R len=7
PKT t=9566 TX ua=95 mt=P len=0
PKT t=9576 RX ua=95 mt=R len=7
PKT t=9581 TX ua=95 mt=P len=0
PKT t=9591 RX ua=95 mt=R len=7
PKT t=9596 TX ua=95 mt=P len=0
PKT t=9606 RX ua=95 mt=R len=7
PKT t=9611 TX ua=95 mt=T len=7
PKT t=9623 TX ua=95 mt=P len=0
PKT t=9654 RX ua=95 mt=R len=7
PKT t=9659 TX ua=95 mt=P len=0
PKT t=9668 RX ua=95 mt=R len=7
PKT t=9673 TX ua=95 mt=P len=0
PKT t=9682 RX ua=95 mt=R len=7
PKT t=9687 TX ua=95 mt=P len=0
PKT t=9696 RX ua=95 mt=R len=7
PKT t=9701 TX ua=95 mt=P len=0
PKT t=9710 RX ua=95 mt=R len=7
PKT t=9715 TX ua=95 mt=P len=0
PKT t=9724 RX ua=95 mt=R len=7
PKT t=9729 TX ua=95 mt=P len=0
PKT t=9758 RX ua=95 mt=R len=7
PKT t=9763 TX ua=95 mt=P len=0
PKT t=9772 RX ua=95 mt=R len=7
PKT t=9777 TX ua=95 mt=P len=0
PKT t=9786 RX ua=95 mt=R len=7
PKT t=9791 TX ua=95 mt=P len=0
PKT t=9800 RX ua=95 mt=R len=7
PKT t=9805 TX ua=95 mt=P len=0
PKT t=9814 RX ua=95 mt=R len=7
PKT t=9819 TX ua=95 mt=P len=0
PKT t=9828 RX ua=95 mt=R len=7
PKT t=9833 TX ua=95 mt=P len=0
PKT t=9862 RX ua=95 mt=R len=7
PKT t=9867 TX ua=95 mt=T len=7
PKT t=9879 TX ua=95 mt=P len=0
PKT t=9888 RX ua=95 mt=R len=7
PKT t=9893 TX ua=95 mt=P len=0
PKT t=9902 RX ua=95 mt=R len=7
PKT t=9907 TX ua=95 mt=P len=0
PKT t=9916 RX ua=95 mt=R len=7
PKT t=9921 TX ua=95 mt=P len=0
PKT t=9930 RX ua=95 mt=R len=7
PKT t=9935 TX ua=95 mt=P len=0
PKT t=9964 RX ua=95 mt=R len=7
PKT t=9974 TX ua=95 mt=P len=0
PKT t=9983 RX ua=95 mt=R len=7
PKT t=9988 TX ua=95 mt=P len=0
PKT t=9997 RX ua=95 mt=R len=7
PKT t=10002 TX ua=95 mt=P len=0
PKT t=10011 RX ua=95 mt=R len=7
PKT t=10016 TX ua=95 mt=P len=0
PKT t=10025 RX ua=95 mt=R len=7
PKT t=10030 TX ua=95 mt=P len=0
PKT t=10063 RX ua=95 mt=R len=7
PKT t=10068 TX ua=95 mt=P len=0
PKT t=10077 RX ua=95 mt=R len=7
PKT t=10082 TX ua=95 mt=P len=0
PKT t=10091 RX ua=95 mt=R len=7
PKT t=10096 TX ua=95 mt=P len=0
PKT t=10105 RX ua=95 mt=R len=7
PKT t=10110 TX ua=95 mt=T len=7
PKT t=10123 TX ua=95 mt=P len=0
PKT t=10134 RX ua=95 mt=R len=7
PKT t=10139 TX ua=96 mt=P len=0
PKT t=10397 TX ua=95 mt=P len=0
PKT t=10406 RX ua=95 mt=R len=7
PKT t=10411 TX ua=95 mt=T len=7
PKT t=10424 TX ua=95 mt=P len=0
PKT t=10433 RX ua=95 mt=R len=7
PKT t=10438 TX ua=95 mt=P len=0
PKT t=10467 RX ua=95 mt=R len=7
PKT t=10472 TX ua=95 mt=P len=0
PKT t=10481 RX ua=95 mt=R len=7
PKT t=10486 TX ua=95 mt=P len=0
PKT t=10495 RX ua=95 mt=R len=7
PKT t=10500 TX ua=95 mt=P len=0
PKT t=10509 RX ua=95 mt=R len=7
PKT t=10514 TX ua=95 mt=P len=0
PKT t=10523 RX ua=95 mt=R len=7
PKT t=10528 TX ua=95 mt=P len=0
PKT t=10537 RX ua=95 mt=R len=7
PKT t=10542 TX ua=95 mt=P len=0
PKT t=10571 RX ua=95 mt=R len=7
PKT t=10576 TX ua=95 mt=P len=0
PKT t=10585 RX ua=95 mt=R len=7
PKT t=10590 TX ua=95 mt=P len=0
PKT t=10599 RX ua=95 mt=R len=7
PKT t=10604 TX ua=95 mt=T len=7
PKT t=10621 TX ua=95 mt=P len=0
PKT t=10630 RX ua=95 mt=R len=7
PKT t=10635 TX ua=95 mt=P len=0
PKT t=10644 RX ua=95 mt=R len=7
PKT t=10649 TX ua=95 mt=P len=0
PKT t=10678 RX ua=95 mt=R len=7
PKT t=10683 TX ua=95 mt=P len=0
PKT t=10692 RX ua=95 mt=R len=7
PKT t=10697 TX ua=95 mt=P len=0
PKT t=10706 RX ua=95 mt=R len=7
PKT t=10711 TX ua=95 mt=P len=0
PKT t=10720 RX ua=95 mt=R len=7
PKT t=10725 TX ua=95 mt=P len=0
PKT t=10734 RX ua=95 mt=R len=7
PKT t=10739 TX ua=95 mt=P len=0
PKT t=10748 RX ua=95 mt=R len=7
PKT t=10753 TX ua=95 mt=P len=0
PKT t=10782 RX ua=95 mt=R len=7
PKT t=10787 TX ua=95 mt=P len=0
PKT t=10796 RX ua=95 mt=R len=7
PKT t=10801 TX ua=95 mt=P len=0
PKT t=10810 RX ua=95 mt=R len=7
PKT t=10815 TX ua=95 mt=P len=0
PKT t=10824 RX ua=95 mt=R len=7
PKT t=10829 TX ua=95 mt=P len=0
PKT t=10838 RX ua=95 mt=R len=7
PKT t=10843 TX ua=95 mt=P len=0
PKT t=10852 RX ua=95 mt=R len=7
PKT t=10857 TX ua=95 mt=T len=7
PKT t=10870 TX ua=95 mt=P len=0
PKT t=10888 RX ua=95 mt=R len=7
PKT t=10893 TX ua=95 mt=P len=0
PKT t=10902 RX ua=95 mt=R len=7
PKT t=10907 TX ua=95 mt=P len=0
PKT t=10916 RX ua=95 mt=R len=7
PKT t=10921 TX ua=95 mt=P len=0
PKT t=10934 RX ua=95 mt=R len=7
PKT t=10939 TX ua=95 mt=P len=0
PKT t=10948 RX ua=95 mt=R len=7
PKT t=10953 TX ua=95 mt=P len=0
PKT t=10985 RX ua=95 mt=R len=7
PKT t=10990 TX ua=95 mt=P len=0
PKT t=10999 RX ua=95 mt=R len=7
PKT t=11004 TX ua=95 mt=P len=0
PKT t=11013 RX ua=95 mt=R len=7
PKT t=11018 TX ua=95 mt=P len=0
PKT t=11027 RX ua=95 mt=R len=7
PKT t=11032 TX ua=95 mt=P len=0
PKT t=11041 RX ua=95 mt=R len=7
PKT t=11046 TX ua=95 mt=P len=0
PKT t=11055 RX ua=95 mt=R len=7
PKT t=11060 TX ua=95 mt=P len=0
PKT t=11094 RX ua=95 mt=R len=7
PKT t=11099 TX ua=95 mt=T len=7
PKT t=11111 TX ua=95 mt=P len=0
PKT t=11120 RX ua=95 mt=R len=7
PKT t=11125 TX ua=95 mt=P len=0
PKT t=11134 RX ua=95 mt=R len=7
PKT t=11139 TX ua=95 mt=P len=0
PKT t=11148 RX ua=95 mt=R len=7
PKT t=11153 TX ua=95 mt=P len=0
PKT t=11162 RX ua=95 mt=R len=7
PKT t=11167 TX ua=95 mt=P len=0
PKT t=11196 RX ua=95 mt=R len=7
PKT t=11201 TX ua=95 mt=P len=0
PKT t=11210 RX ua=95 mt=R len=7
PKT t=11215 TX ua=95 mt=P len=0
PKT t=11224 RX ua=95 mt=R len=7
PKT t=11229 TX ua=95 mt=P len=0
PKT t=11238 RX ua=95 mt=R len=7
PKT t=11243 TX ua=95 mt=P len=0
PKT t=11254 RX ua=95 mt=R len=7
PKT t=11259 TX ua=95 mt=P len=0
PKT t=11268 RX ua=95 mt=R len=7
PKT t=11273 TX ua=95 mt=P len=0
PKT t=11302 RX ua=95 mt=R len=7
PKT t=11307 TX ua=95 mt=P len=0
PKT t=11316 RX ua=95 mt=R len=7
PKT t=11321 TX ua=95 mt=P len=0
PKT t=11330 RX ua=95 mt=R len=7
PKT t=11335 TX ua=95 mt=P len=0
PKT t=11344 RX ua=95 mt=R len=7
PKT t=11349 TX ua=95 mt=T len=7
PKT t=11361 TX ua=95 mt=P len=0
PKT t=11371 RX ua=95 mt=R len=7
PKT t=11376 TX ua=95 mt=P len=0
PKT t=11405 RX ua=95 mt=R len=7
PKT t=11414 TX ua=95 mt=P len=0
PKT t=11424 RX ua=95 mt=R len=7
PKT t=11429 TX ua=95 mt=P len=0
PKT t=11439 RX ua=95 mt=R len=7
PKT t=11444 TX ua=95 mt=P len=0
PKT t=11454 RX ua=95 mt=R len=7
PKT t=11459 TX ua=95 mt=P len=0
PKT t=11469 RX ua=95 mt=R len=7
PKT t=11474 TX ua=95 mt=P len=0
PKT t=11505 RX ua=95 mt=R len=7
PKT t=11509 TX ua=95 mt=P len=0
PKT t=11519 RX ua=95 mt=R len=7
PKT t=11524 TX ua=95 mt=P len=0
PKT t=11534 RX ua=95 mt=R len=7
PKT t=11539 TX ua=95 mt=P len=0
PKT t=11549 RX ua=95 mt=R len=7
PKT t=11554 TX ua=95 mt=P len=0
PKT t=11564 RX ua=95 mt=R len=7
PKT t=11574 TX ua=95 mt=P len=0
PKT t=11605 RX ua=95 mt=R len=7
PKT t=11609 TX ua=95 mt=T len=7
PKT t=11621 TX ua=95 mt=P len=0
PKT t=11630 RX ua=95 mt=R len=7
PKT t=11635 TX ua=95 mt=P len=0
PKT t=11644 RX ua=95 mt=R len=7
PKT t=11649 TX ua=95 mt=P len=0
PKT t=11658 RX ua=95 mt=R len=7
PKT t=11663 TX ua=95 mt=P len=0
PKT t=11672 RX ua=95 mt=R len=7
PKT t=11677 TX ua=95 mt=P len=0
PKT t=11706 RX ua=95 mt=R len=7
PKT t=11711 TX ua=95 mt=P len=0
PKT t=11720 RX ua=95 mt=R len=7
PKT t=11725 TX ua=95 mt=P len=0
PKT t=11734 RX ua=95 mt=R len=7
PKT t=11739 TX ua=95 mt=P len=0
PKT t=11748 RX ua=95 mt=R len=7
PKT t=11753 TX ua=95 mt=P len=0
PKT t=11762 RX ua=95 mt=R len=7
PKT t=11767 TX ua=95 mt=P len=0
PKT t=11776 RX ua=95 mt=R len=7
PKT t=11781 TX ua=95 mt=P len=0
PKT t=11810 RX ua=95 mt=R len=7
PKT t=11815 TX ua=95 mt=P len=0
PKT t=11824 RX ua=95 mt=R len=7
PKT t=11829 TX ua=95 mt=P len=0
PKT t=11838 RX ua=95 mt=R len=7
PKT t=11843 TX ua=95 mt=P len=0
PKT t=11852 RX ua=95 mt=R len=7
PKT t=11857 TX ua=95 mt=T len=7
PKT t=11869 TX ua=95 mt=P len=0
PKT t=11878 RX ua=95 mt=R len=7
PKT t=11883 TX ua=95 mt=P len=0
PKT t=11913 RX ua=95 mt=R len=7
PKT t=11917 TX ua=95 mt=P len=0
PKT t=11926 RX ua=95 mt=R len=7
PKT t=11931 TX ua=95 mt=P len=0
PKT t=11940 RX ua=95 mt=R len=7
PKT t=11945 TX ua=95 mt=P len=0
PKT t=11954 RX ua=95 mt=R len=7
PKT t=11959 TX ua=95 mt=P len=0
PKT t=11968 RX ua=95 mt=R len=7
PKT t=11973 TX ua=95 mt=P len=0
PKT t=11982 RX ua=95 mt=R len=7
PKT t=11987 TX ua=95 mt=P len=0
PKT t=12016 RX ua=95 mt=R len=7
PKT t=12021 TX ua=95 mt=P len=0
PKT t=12031 RX ua=95 mt=R len=7
PKT t=12036 TX ua=95 mt=P len=0
PKT t=12045 RX ua=95 mt=R len=7
PKT t=12054 TX ua=95 mt=P len=0
PKT t=12063 RX ua=95 mt=R len=7
PKT t=12068 TX ua=95 mt=P len=0
PKT t=12077 RX ua=95 mt=R len=7
PKT t=12082 TX ua=95 mt=P len=0
PKT t=12115 RX ua=95 mt=R len=7
PKT t=12120 TX ua=95 mt=T len=7
PKT t=12132 TX ua=95 mt=P len=0
PKT t=12141 RX ua=95 mt=R len=7
PKT t=12146 TX ua=95 mt=P len=0
PKT t=12155 RX ua=95 mt=R len=7
PKT t=12160 TX ua=95 mt=P len=0
PKT t=12169 RX ua=95 mt=R len=7
PKT t=12174 TX ua=95 mt=P len=0
PKT t=12183 RX ua=95 mt=R len=7
PKT t=12188 TX ua=95 mt=P len=0
PKT t=12217 RX ua=95 mt=R len=7
PKT t=12222 TX ua=95 mt=P len=0
PKT t=12231 RX ua=95 mt=R len=7
PKT t=12236 TX ua=95 mt=P len=0
PKT t=12245 RX ua=95 mt=R len=7
PKT t=12250 TX ua=95 mt=P len=0
PKT t=12259 RX ua=95 mt=R len=7
PKT t=12264 TX ua=95 mt=P len=0
PKT t=12273 RX ua=95 mt=R len=7
PKT t=12278 TX ua=95 mt=P len=0
PKT t=12287 RX ua=95 mt=R len=7
PKT t=12292 TX ua=95 mt=P len=0
PKT t=12321 RX ua=95 mt=R len=7
PKT t=12326 TX ua=95 mt=P len=0
PKT t=12335 RX ua=95 mt=R len=7
PKT t=12340 TX ua=95 mt=P len=0
PKT t=12349 RX ua=95 mt=R len=7
PKT t=12354 TX ua=95 mt=T len=7
PKT t=12366 TX ua=95 mt=P len=0
PKT t=12375 RX ua=95 mt=R len=7
PKT t=12380 TX ua=95 mt=P len=0
PKT t=12389 RX ua=95 mt=R len=7
PKT t=12394 TX ua=95 mt=P len=0
PKT t=12423 RX ua=95 mt=R len=7
PKT t=12428 TX ua=95 mt=P len=0
PKT t=12437 RX ua=95 mt=R len=7
PKT t=12442 TX ua=95 mt=P len=0
PKT t=12451 RX ua=95 mt=R len=7
PKT t=12456 TX ua=95 mt=P len=0
PKT t=12465 RX ua=95 mt=R len=7
PKT t=12470 TX ua=95 mt=P len=0
PKT t=12479 RX ua=95 mt=R len=7
PKT t=12484 TX ua=95 mt=P len=0
PKT t=12493 RX ua=95 mt=R len=7
PKT t=12498 TX ua=95 mt=P len=0
PKT t=12534 RX ua=95 mt=R len=7
PKT t=12539 TX ua=95 mt=P len=0
PKT t=12548 RX ua=95 mt=R len=7
PKT t=12553 TX ua=95 mt=P len=0
PKT t=12562 RX ua=95 mt=R len=7
PKT t=12567 TX ua=95 mt=P len=0
PKT t=12576 RX ua=95 mt=R len=7
PKT t=12581 TX ua=95 mt=P len=0
PKT t=12590 RX ua=95 mt=R len=7
PKT t=12595 TX ua=95 mt=P len=0
PKT t=12626 RX ua=95 mt=R len=7
PKT t=12631 TX ua=95 mt=T len=7
PKT t=12643 TX ua=95 mt=P len=0
PKT t=12652 RX ua=95 mt=R len=7
PKT t=12657 TX ua=95 mt=P len=0
PKT t=12666 RX ua=95 mt=R len=7
PKT t=12671 TX ua=95 mt=P len=0
PKT t=12680 RX ua=95 mt=R len=7
PKT t=12685 TX ua=95 mt=P len=0
PKT t=12694 RX ua=95 mt=R len=7
PKT t=12699 TX ua=95 mt=P len=0
PKT t=12728 RX ua=95 mt=R len=7
PKT t=12733 TX ua=95 mt=P len=0
PKT t=12742 RX ua=95 mt=R len=7
PKT t=12747 TX ua=95 mt=P len=0
PKT t=12756 RX ua=95 mt=R len=7
PKT t=12761 TX ua=95 mt=P len=0
PKT t=12770 RX ua=95 mt=R len=7
PKT t=12775 TX ua=95 mt=P len=0
PKT t=12784 RX ua=95 mt=R len=7
PKT t=12789 TX ua=95 mt=P len=0
PKT t=12798 RX ua=95 mt=R len=7
PKT t=12803 TX ua=95 mt=P len=0
PKT t=12832 RX ua=95 mt=R len=7
PKT t=12837 TX ua=95 mt=P len=0
PKT t=12846 RX ua=95 mt=R len=7
PKT t=12854 TX ua=95 mt=T len=7
PKT t=12866 TX ua=95 mt=P len=0
PKT t=12875 RX ua=95 mt=R len=7
PKT t=12880 TX ua=95 mt=P len=0
PKT t=12889 RX ua=95 mt=R len=7
PKT t=12894 TX ua=95 mt=P len=0
PKT t=12903 RX ua=95 mt=R len=7
PKT t=12908 TX ua=95 mt=P len=0
PKT t=12937 RX ua=95 mt=R len=7
PKT t=12942 TX ua=95 mt=P len=0
PKT t=12951 RX ua=95 mt=R len=7
PKT t=12956 TX ua=95 mt=P len=0
PKT t=12965 RX ua=95 mt=R len=7
PKT t=12970 TX ua=95 mt=P len=0
PKT t=12979 RX ua=95 mt=R len=7
PKT t=12984 TX ua=95 mt=P len=0
PKT t=12993 RX ua=95 mt=R len=7
PKT t=12998 TX ua=95 mt=P len=0
PKT t=13014 RX ua=95 mt=R len=7
PKT t=13019 TX ua=95 mt=P len=0
PKT t=13041 RX ua=95 mt=R len=7
PKT t=13046 TX ua=95 mt=P len=0
PKT t=13056 RX ua=95 mt=R len=7
PKT t=13061 TX ua=95 mt=P len=0
PKT t=13070 RX ua=95 mt=R len=7
PKT t=13075 TX ua=95 mt=P len=0
PKT t=13084 RX ua=95 mt=R len=7
PKT t=13089 TX ua=95 mt=P len=0
PKT t=13098 RX ua=95 mt=R len=7
PKT t=13103 TX ua=95 mt=T len=7
PKT t=13116 TX ua=95 mt=P len=0
PKT t=13143 RX ua=95 mt=R len=7
PKT t=13148 TX ua=95 mt=P len=0
PKT t=13158 RX ua=95 mt=R len=7
PKT t=13163 TX ua=95 mt=P len=0
PKT t=13174 RX ua=95 mt=R len=7
PKT t=13179 TX ua=95 mt=P len=0
PKT t=13188 RX ua=95 mt=R len=7
PKT t=13193 TX ua=95 mt=P len=0
PKT t=13202 RX ua=95 mt=R len=7
PKT t=13207 TX ua=95 mt=P len=0
PKT t=13216 RX ua=95 mt=R len=7
PKT t=13221 TX ua=95 mt=P len=0
PKT t=13250 RX ua=95 mt=R len=7
PKT t=13255 TX ua=95 mt=P len=0
PKT t=13264 RX ua=95 mt=R len=7
PKT t=13269 TX ua=95 mt=P len=0
PKT t=13278 RX ua=95 mt=R len=7
PKT t=13283 TX ua=95 mt=P len=0
PKT t=13292 RX ua=95 mt=R len=7
PKT t=13297 TX ua=95 mt=P len=0
PKT t=13306 RX ua=95 mt=R len=7
PKT t=13311 TX ua=95 mt=P len=0
PKT t=13320 RX ua=95 mt=R len=7
PKT t=13325 TX ua=95 mt=P len=0
PKT t=13354 RX ua=95 mt=R len=7
PKT t=13359 TX ua=95 mt=T len=7
PKT t=13372 TX ua=95 mt=P len=0
PKT t=13382 RX ua=95 mt=R len=7
PKT t=13387 TX ua=95 mt=P len=0
PKT t=13397 RX ua=95 mt=R len=7
PKT t=13402 TX ua=95 mt=P len=0
PKT t=13412 RX ua=95 mt=R len=7
PKT t=13417 TX ua=95 mt=P len=0
PKT t=13427 RX ua=95 mt=R len=7
PKT t=13432 TX ua=95 mt=P len=0
PKT t=13461 RX ua=95 mt=R len=7
PKT t=13466 TX ua=95 mt=P len=0
PKT t=13476 RX ua=95 mt=R len=7
PKT t=13481 TX ua=95 mt=P len=0
PKT t=13494 RX ua=95 mt=R len=7
PKT t=13499 TX ua=95 mt=P len=0
PKT t=13509 RX ua=95 mt=R len=7
PKT t=13514 TX ua=95 mt=P len=0
PKT t=13524 RX ua=95 mt=R len=7
PKT t=13529 TX ua=95 mt=P len=0
PKT t=13561 RX ua=95 mt=R len=7
PKT t=13566 TX ua=95 mt=P len=0
PKT t=13576 RX ua=95 mt=R len=7
PKT t=13581 TX ua=95 mt=P len=0
PKT t=13591 RX ua=95 mt=R len=7
PKT t=13596 TX ua=95 mt=P len=0
PKT t=13606 RX ua=95 mt=R len=7
PKT t=13611 TX ua=95 mt=T len=7
PKT t=13624 TX ua=95 mt=P len=0
PKT t=13633 RX ua=95 mt=R len=7
PKT t=13638 TX ua=95 mt=P len=0
PKT t=13667 RX ua=95 mt=R len=7
PKT t=13672 TX ua=95 mt=P len=0
PKT t=13681 RX ua=95 mt=R len=7
PKT t=13686 TX ua=95 mt=P len=0
PKT t=13695 RX ua=95 mt=R len=7
PKT t=13700 TX ua=95 mt=P len=0
PKT t=13709 RX ua=95 mt=R len=7
PKT t=13714 TX ua=95 mt=P len=0
PKT t=13723 RX ua=95 mt=R len=7
PKT t=13728 TX ua=95 mt=P len=0
PKT t=13737 RX ua=95 mt=R len=7
PKT t=13742 TX ua=95 mt=P len=0
PKT t=13771 RX ua=95 mt=R len=7
PKT t=13776 TX ua=95 mt=P len=0
PKT t=13785 RX ua=95 mt=R len=7
PKT t=13790 TX ua=95 mt=P len=0
PKT t=13799 RX ua=95 mt=R len=7
PKT t=13804 TX ua=95 mt=P len=0
PKT t=13814 RX ua=95 mt=R len=7
PKT t=13819 TX ua=95 mt=P len=0
PKT t=13828 RX ua=95 mt=R len=7
PKT t=13833 TX ua=95 mt=P len=0
PKT t=13842 RX ua=95 mt=R len=7
PKT t=13847 TX ua=95 mt=T len=7
PKT t=13860 TX ua=95 mt=P len=0
PKT t=13878 RX ua=95 mt=R len=7
PKT t=13883 TX ua=95 mt=P len=0
PKT t=13892 RX ua=95 mt=R len=7
PKT t=13897 TX ua=95 mt=P len=0
PKT t=13906 RX ua=95 mt=R len=7
PKT t=13911 TX ua=95 mt=P len=0
PKT t=13920 RX ua=95 mt=R len=7
PKT t=13925 TX ua=95 mt=P len=0
PKT t=13934 RX ua=95 mt=R len=7
PKT t=13939 TX ua=95 mt=P len=0
PKT t=13948 RX ua=95 mt=R len=7
PKT t=13953 TX ua=95 mt=P len=0
PKT t=13982 RX ua=95 mt=R len=7
PKT t=13987 TX ua=95 mt=P len=0
PKT t=13996 RX ua=95 mt=R len=7
PKT t=14001 TX ua=95 mt=P len=0
PKT t=14011 RX ua=95 mt=R len=7
PKT t=14016 TX ua=95 mt=P len=0
PKT t=14025 RX ua=95 mt=R len=7
PKT t=14030 TX ua=95 mt=P len=0
PKT t=14039 RX ua=95 mt=R len=7
PKT t=14044 TX ua=95 mt=P len=0
PKT t=14053 RX ua=95 mt=R len=7
PKT t=14058 TX ua=95 mt=P len=0
PKT t=14087 RX ua=95 mt=R len=7
PKT t=14092 TX ua=95 mt=P len=0
PKT t=14101 RX ua=95 mt=R len=7
PKT t=14106 TX ua=95 mt=T len=7
PKT t=14118 TX ua=95 mt=P len=0
PKT t=14134 RX ua=95 mt=R len=7
PKT t=14139 TX ua=95 mt=P len=0
PKT t=14148 RX ua=95 mt=R len=7
PKT t=14153 TX ua=95 mt=P len=0
PKT t=14186 RX ua=95 mt=R len=7
PKT t=14191 TX ua=95 mt=P len=0
PKT t=14200 RX ua=95 mt=R len=7
PKT t=14205 TX ua=95 mt=P len=0
PKT t=14214 RX ua=95 mt=R len=7
PKT t=14219 TX ua=95 mt=P len=0
PKT t=14228 RX ua=95 mt=R len=7
PKT t=14233 TX ua=95 mt=P len=0
PKT t=14242 RX ua=95 mt=R len=7
PKT t=14247 TX ua=95 mt=P len=0
PKT t=14256 RX ua=95 mt=R len=7
PKT t=14261 TX ua=95 mt=P len=0
PKT t=14294 RX ua=95 mt=R len=7
PKT t=14299 TX ua=95 mt=P len=0
PKT t=14308 RX ua=95 mt=R len=7
PKT t=14313 TX ua=95 mt=P len=0
PKT t=14322 RX ua=95 mt=R len=7
PKT t=14327 TX ua=95 mt=P len=0
PKT t=14336 RX ua=95 mt=R len=7
PKT t=14341 TX ua=95 mt=P len=0
PKT t=14350 RX ua=95 mt=R len=7
PKT t=14355 TX ua=95 mt=T len=7
PKT t=14367 TX ua=95 mt=P len=0
PKT t=14395 RX ua=95 mt=R len=7
PKT t=14400 TX ua=95 mt=P len=0
PKT t=14409 RX ua=95 mt=R len=7
PKT t=14414 TX ua=95 mt=P len=0
PKT t=14423 RX ua=95 mt=R len=7
PKT t=14428 TX ua=95 mt=P len=0
PKT t=14437 RX ua=95 mt=R len=7
PKT t=14442 TX ua=95 mt=P len=0
PKT t=14454 RX ua=95 mt=R len=7
PKT t=14459 TX ua=95 mt=P len=0
PKT t=14468 RX ua=95 mt=R len=7
PKT t=14473 TX ua=95 mt=P len=0
PKT t=14502 RX ua=95 mt=R len=7
PKT t=14507 TX ua=95 mt=P len=0
PKT t=14516 RX ua=95 mt=R len=7
PKT t=14521 TX ua=95 mt=P len=0
PKT t=14530 RX ua=95 mt=R len=7
PKT t=14535 TX ua=95 mt=P len=0
PKT t=14544 RX ua=95 mt=R len=7
PKT t=14549 TX ua=95 mt=P len=0
PKT t=14558 RX ua=95 mt=R len=7
PKT t=14563 TX ua=95 mt=P len=0
PKT t=14572 RX ua=95 mt=R len=7
PKT t=14577 TX ua=95 mt=P len=0
PKT t=14606 RX ua=95 mt=R len=7
PKT t=14614 TX ua=95 mt=T len=7
PKT t=14626 TX ua=95 mt=P len=0
PKT t=14635 RX ua=95 mt=R len=7
PKT t=14640 TX ua=95 mt=P len=0
PKT t=14649 RX ua=95 mt=R len=7
PKT t=14654 TX ua=95 mt=P len=0
PKT t=14663 RX ua=95 mt=R len=7
PKT t=14668 TX ua=95 mt=P len=0
PKT t=14677 RX ua=95 mt=R len=7
PKT t=14682 TX ua=95 mt=P len=0
PKT t=14711 RX ua=95 mt=R len=7
PKT t=14716 TX ua=95 mt=P len=0
PKT t=14725 RX ua=95 mt=R len=7
PKT t=14730 TX ua=95 mt=P len=0
PKT t=14739 RX ua=95 mt=R len=7
PKT t=14744 TX ua=95 mt=P len=0
PKT t=14753 RX ua=95 mt=R len=7
PKT t=14758 TX ua=95 mt=P len=0
PKT t=14774 RX ua=95 mt=R len=7
PKT t=14779 TX ua=95 mt=P len=0
PKT t=14810 RX ua=95 mt=R len=7
PKT t=14815 TX ua=95 mt=P len=0
PKT t=14824 RX ua=95 mt=R len=7
PKT t=14829 TX ua=95 mt=P len=0
PKT t=14838 RX ua=95 mt=R len=7
PKT t=14843 TX ua=95 mt=P len=0
PKT t=14852 RX ua=95 mt=R len=7
PKT t=14857 TX ua=95 mt=T len=7
PKT t=14869 TX ua=95 mt=P len=0
PKT t=14878 RX ua=95 mt=R len=7
PKT t=14883 TX ua=95 mt=P len=0
PKT t=14912 RX ua=95 mt=R len=7
PKT t=14917 TX ua=95 mt=P len=0
PKT t=14926 RX ua=95 mt=R len=7
PKT t=14934 TX ua=95 mt=P len=0
PKT t=14943 RX ua=95 mt=R len=7
PKT t=14948 TX ua=95 mt=P len=0
PKT t=14957 RX ua=95 mt=R len=7
PKT t=14962 TX ua=95 mt=P len=0
PKT t=14971 RX ua=95 mt=R len=7
PKT t=14976 TX ua=95 mt=P len=0
PKT t=14985 RX ua=95 mt=R len=7
PKT t=14990 TX ua=95 mt=P len=0
PKT t=15019 RX ua=95 mt=R len=7
PKT t=15024 TX ua=95 mt=P len=0
PKT t=15033 RX ua=95 mt=R len=7
PKT t=15038 TX ua=95 mt=P len=0
PKT t=15047 RX ua=95 mt=R len=7
PKT t=15052 TX ua=95 mt=P len=0
PKT t=15061 RX ua=95 mt=R len=7
PKT t=15066 TX ua=95 mt=P len=0
PKT t=15075 RX ua=95 mt=R len=7
PKT t=15080 TX ua=95 mt=P len=0
PKT t=15094 RX ua=95 mt=R len=7
PKT t=15099 TX ua=95 mt=T len=7
PKT t=15111 TX ua=95 mt=P len=0
PKT t=15125 RX ua=95 mt=R len=7
PKT t=15130 TX ua=95 mt=P len=0
PKT t=15139 RX ua=95 mt=R len=7
PKT t=15144 TX ua=95 mt=P len=0
PKT t=15153 RX ua=95 mt=R len=7
PKT t=15158 TX ua=95 mt=P len=0
PKT t=15167 RX ua=95 mt=R len=7
PKT t=15172 TX ua=95 mt=P len=0
PKT t=15181 RX ua=95 mt=R len=7
PKT t=15186 TX ua=95 mt=P len=0
PKT t=15195 RX ua=95 mt=R len=7
PKT t=15200 TX ua=95 mt=P len=0
PKT t=15229 RX ua=95 mt=R len=7
PKT t=15234 TX ua=95 mt=P len=0
PKT t=15243 RX ua=95 mt=R len=7
PKT t=15254 TX ua=95 mt=P len=0
PKT t=15263 RX ua=95 mt=R len=7
PKT t=15268 TX ua=95 mt=P len=0
PKT t=15277 RX ua=95 mt=R len=7
PKT t=15282 TX ua=95 mt=P len=0
PKT t=15291 RX ua=95 mt=R len=7
PKT t=15296 TX ua=95 mt=P len=0
PKT t=15328 RX ua=95 mt=R len=7
PKT t=15333 TX ua=95 mt=P len=0
PKT t=15342 RX ua=95 mt=R len=7
PKT t=15347 TX ua=95 mt=T len=7
PKT t=15359 TX ua=95 mt=P len=0
PKT t=15369 RX ua=95 mt=R len=7
PKT t=15374 TX ua=95 mt=P len=0
PKT t=15384 RX ua=95 mt=R len=7
PKT t=15389 TX ua=95 mt=P len=0
PKT t=15399 RX ua=95 mt=R len=7
PKT t=15404 TX ua=95 mt=P len=0
PKT t=15433 RX ua=95 mt=R len=7
PKT t=15438 TX ua=95 mt=P len=0
PKT t=15448 RX ua=95 mt=R len=7
PKT t=15453 TX ua=95 mt=P len=0
PKT t=15463 RX ua=95 mt=R len=7
PKT t=15468 TX ua=95 mt=P len=0
PKT t=15478 RX ua=95 mt=R len=7
PKT t=15483 TX ua=95 mt=P len=0
PKT t=15493 RX ua=95 mt=R len=7
PKT t=15498 TX ua=95 mt=P len=0
PKT t=15508 RX ua=95 mt=R len=7
PKT t=15513 TX ua=95 mt=P len=0
PKT t=15542 RX ua=95 mt=R len=7
PKT t=15547 TX ua=95 mt=P len=0
PKT t=15557 RX ua=95 mt=R len=7
PKT t=15562 TX ua=95 mt=P len=0
PKT t=15574 RX ua=95 mt=R len=7
PKT t=15579 TX ua=95 mt=P len=0
PKT t=15589 RX ua=95 mt=R len=7
PKT t=15594 TX ua=95 mt=P len=0
PKT t=15604 RX ua=95 mt=R len=7
PKT t=15609 TX ua=95 mt=T len=7
PKT t=15621 TX ua=95 mt=P len=0
PKT t=15643 RX ua=95 mt=R len=7
PKT t=15648 TX ua=95 mt=P len=0
PKT t=15657 RX ua=95 mt=R len=7
PKT t=15662 TX ua=95 mt=P len=0
PKT t=15671 RX ua=95 mt=R len=7
PKT t=15676 TX ua=95 mt=P len=0
PKT t=15685 RX ua=95 mt=R len=7
PKT t=15690 TX ua=95 mt=P len=0
PKT t=15699 RX ua=95 mt=R len=7
PKT t=15704 TX ua=95 mt=P len=0
PKT t=15713 RX ua=95 mt=R len=7
PKT t=15718 TX ua=95 mt=P len=0
PKT t=15747 RX ua=95 mt=R len=7
PKT t=15752 TX ua=95 mt=P len=0
PKT t=15761 RX ua=95 mt=R len=7
PKT t=15766 TX ua=95 mt=P len=0
PKT t=15775 RX ua=95 mt=R len=7
PKT t=15780 TX ua=95 mt=P len=0
PKT t=15789 RX ua=95 mt=R len=7
PKT t=15794 TX ua=95 mt=P len=0
PKT t=15803 RX ua=95 mt=R len=7
PKT t=15808 TX ua=95 mt=P len=0
PKT t=15817 RX ua=95 mt=R len=7
PKT t=15822 TX ua=95 mt=P len=0
PKT t=15851 RX ua=95 mt=R len=7
PKT t=15856 TX ua=95 mt=T len=7
PKT t=15868 TX ua=95 mt=P len=0
PKT t=15877 RX ua=95 mt=R len=7
PKT t=15882 TX ua=95 mt=P len=0
PKT t=15894 RX ua=95 mt=R len=7
PKT t=15899 TX ua=95 mt=P len=0
PKT t=15908 RX ua=95 mt=R len=7
PKT t=15913 TX ua=95 mt=P len=0
PKT t=15922 RX ua=95 mt=R len=7
PKT t=15927 TX ua=95 mt=P len=0
PKT t=15956 RX ua=95 mt=R len=7
PKT t=15961 TX ua=95 mt=P len=0
PKT t=15970 RX ua=95 mt=R len=7
PKT t=15975 TX ua=95 mt=P len=0
PKT t=15984 RX ua=95 mt=R len=7
PKT t=15989 TX ua=95 mt=P len=0
PKT t=15998 RX ua=95 mt=R len=7
PKT t=16003 TX ua=95 mt=P len=0
PKT t=16012 RX ua=95 mt=R len=7
PKT t=16017 TX ua=95 mt=P len=0
PKT t=16026 RX ua=95 mt=R len=7
PKT t=16031 TX ua=95 mt=P len=0
PKT t=16060 RX ua=95 mt=R len=7
PKT t=16065 TX ua=95 mt=P len=0
PKT t=16074 RX ua=95 mt=R len=7
PKT t=16079 TX ua=95 mt=P len=0
PKT t=16088 RX ua=95 mt=R len=7
PKT t=16093 TX ua=95 mt=P len=0
PKT t=16102 RX ua=95 mt=R len=7
PKT t=16107 TX ua=95 mt=T len=7
PKT t=16119 TX ua=95 mt=P len=0
PKT t=16128 RX ua=95 mt=R len=7
PKT t=16133 TX ua=95 mt=P len=0
PKT t=16166 RX ua=95 mt=R len=7
PKT t=16171 TX ua=95 mt=P len=0
PKT t=16180 RX ua=95 mt=R len=7
PKT t=16185 TX ua=95 mt=P len=0
PKT t=16194 RX ua=95 mt=R len=7
PKT t=16199 TX ua=95 mt=P len=0
PKT t=16214 RX ua=95 mt=R len=7
PKT t=16219 TX ua=95 mt=P len=0
PKT t=16228 RX ua=95 mt=R len=7
PKT t=16233 TX ua=95 mt=P len=0
PKT t=16262 RX ua=95 mt=R len=7
PKT t=16267 TX ua=95 mt=P len=0
PKT t=16276 RX ua=95 mt=R len=7
PKT t=16281 TX ua=95 mt=P len=0
PKT t=16290 RX ua=95 mt=R len=7
PKT t=16295 TX ua=95 mt=P len=0
PKT t=16304 RX ua=95 mt=R len=7
PKT t=16309 TX ua=95 mt=P len=0
PKT t=16318 RX ua=95 mt=R len=7
PKT t=16323 TX ua=95 mt=P len=0
PKT t=16332 RX ua=95 mt=R len=7
PKT t=16337 TX ua=95 mt=P len=0
PKT t=16366 RX ua=95 mt=R len=7
PKT t=16374 TX ua=95 mt=T len=7
PKT t=16386 TX ua=95 mt=P len=0
PKT t=16395 RX ua=95 mt=R len=7
PKT t=16400 TX ua=95 mt=P len=0
PKT t=16409 RX ua=95 mt=R len=7
PKT t=16414 TX ua=95 mt=P len=0
PKT t=16423 RX ua=95 mt=R len=7
PKT t=16428 TX ua=95 mt=P len=0
PKT t=16437 RX ua=95 mt=R len=7
PKT t=16442 TX ua=95 mt=P len=0
PKT t=16471 RX ua=95 mt=R len=7
PKT t=16476 TX ua=95 mt=P len=0
PKT t=16485 RX ua=95 mt=R len=7
PKT t=16490 TX ua=95 mt=P len=0
PKT t=16499 RX ua=95 mt=R len=7
PKT t=16504 TX ua=95 mt=P len=0
PKT t=16513 RX ua=95 mt=R len=7
PKT t=16518 TX ua=95 mt=P len=0
PKT t=16534 RX ua=95 mt=R len=7
PKT t=16539 TX ua=95 mt=P len=0
PKT t=16570 RX ua=95 mt=R len=7
PKT t=16575 TX ua=95 mt=P len=0
PKT t=16584 RX ua=95 mt=R len=7
PKT t=16589 TX ua=95 mt=P len=0
PKT t=16598 RX ua=95 mt=R len=7
PKT t=16603 TX ua=95 mt=T len=7
PKT t=16615 TX ua=95 mt=P len=0
PKT t=16624 RX ua=95 mt=R len=7
PKT t=16629 TX ua=95 mt=P len=0
PKT t=16638 RX ua=95 mt=R len=7
PKT t=16643 TX ua=95 mt=P len=0
PKT t=16672 RX ua=95 mt=R len=7
PKT t=16677 TX ua=95 mt=P len=0
PKT t=16686 RX ua=95 mt=R len=7
PKT t=16694 TX ua=95 mt=P len=0
PKT t=16703 RX ua=95 mt=R len=7
PKT t=16708 TX ua=95 mt=P len=0
PKT t=16717 RX ua=95 mt=R len=7
PKT t=16722 TX ua=95 mt=P len=0
PKT t=16731 RX ua=95 mt=R len=7
PKT t=16736 TX ua=95 mt=P len=0
PKT t=16745 RX ua=95 mt=R len=7
PKT t=16750 TX ua=95 mt=P len=0
PKT t=16779 RX ua=95 mt=R len=7
PKT t=16784 TX ua=95 mt=P len=0
PKT t=16793 RX ua=95 mt=R len=7
PKT t=16798 TX ua=95 mt=P len=0
PKT t=16807 RX ua=95 mt=R len=7
PKT t=16812 TX ua=95 mt=P len=0
PKT t=16821 RX ua=95 mt=R len=7
PKT t=16826 TX ua=95 mt=P len=0
PKT t=16835 RX ua=95 mt=R len=7
PKT t=16840 TX ua=95 mt=P len=0
PKT t=16854 RX ua=95 mt=R len=7
PKT t=16859 TX ua=95 mt=T len=7
PKT t=16871 TX ua=95 mt=P len=0
PKT t=16885 RX ua=95 mt=R len=7
PKT t=16890 TX ua=95 mt=P len=0
PKT t=16899 RX ua=95 mt=R len=7
PKT t=16904 TX ua=95 mt=P len=0
PKT t=16913 RX ua=95 mt=R len=7
PKT t=16918 TX ua=95 mt=P len=0
PKT t=16927 RX ua=95 mt=R len=7
PKT t=16932 TX ua=95 mt=P len=0
PKT t=16941 RX ua=95 mt=R len=7
PKT t=16946 TX ua=95 mt=P len=0
PKT t=16955 RX ua=95 mt=R len=7
PKT t=16960 TX ua=95 mt=P len=0
PKT t=16989 RX ua=95 mt=R len=7
PKT t=16994 TX ua=95 mt=P len=0
PKT t=17003 RX ua=95 mt=R len=7
PKT t=17014 TX ua=95 mt=P len=0
PKT t=17023 RX ua=95 mt=R len=7
PKT t=17028 TX ua=95 mt=P len=0
PKT t=17037 RX ua=95 mt=R len=7
PKT t=17042 TX ua=95 mt=P len=0
PKT t=17051 RX ua=95 mt=R len=7
PKT t=17056 TX ua=95 mt=P len=0
PKT t=17088 RX ua=95 mt=R len=7
PKT t=17093 TX ua=95 mt=P len=0
PKT t=17102 RX ua=95 mt=R len=7
PKT t=17107 TX ua=95 mt=T len=7
PKT t=17119 TX ua=95 mt=P len=0
PKT t=17128 RX ua=95 mt=R len=7
PKT t=17133 TX ua=95 mt=P len=0
PKT t=17142 RX ua=95 mt=R len=7
PKT t=17147 TX ua=95 mt=P len=0
PKT t=17156 RX ua=95 mt=R len=7
PKT t=17161 TX ua=95 mt=P len=0
PKT t=17190 RX ua=95 mt=R len=7
PKT t=17195 TX ua=95 mt=P len=0
PKT t=17204 RX ua=95 mt=R len=7
PKT t=17209 TX ua=95 mt=P len=0
PKT t=17218 RX ua=95 mt=R len=7
PKT t=17223 TX ua=95 mt=P len=0
PKT t=17232 RX ua=95 mt=R len=7
PKT t=17237 TX ua=95 mt=P len=0
PKT t=17246 RX ua=95 mt=R len=7
PKT t=17251 TX ua=95 mt=P len=0
PKT t=17260 RX ua=95 mt=R len=7
PKT t=17265 TX ua=95 mt=P len=0
PKT t=17294 RX ua=95 mt=R len=7
PKT t=17299 TX ua=95 mt=P len=0
PKT t=17308 RX ua=95 mt=R len=7
PKT t=17313 TX ua=95 mt=P len=0
PKT t=17322 RX ua=95 mt=R len=7
PKT t=17327 TX ua=95 mt=P len=0
PKT t=17336 RX ua=95 mt=R len=7
PKT t=17341 TX ua=95 mt=P len=0
PKT t=17350 RX ua=95 mt=R len=7
PKT t=17355 TX ua=95 mt=T len=7
PKT t=17367 TX ua=95 mt=P len=0
PKT t=17395 RX ua=95 mt=R len=7
PKT t=17400 TX ua=95 mt=P len=0
PKT t=17410 RX ua=95 mt=R len=7
PKT t=17415 TX ua=95 mt=P len=0
PKT t=17425 RX ua=95 mt=R len=7
PKT t=17430 TX ua=95 mt=P len=0
PKT t=17440 RX ua=95 mt=R len=7
PKT t=17445 TX ua=95 mt=P len=0
PKT t=17455 RX ua=95 mt=R len=7
PKT t=17460 TX ua=95 mt=P len=0
PKT t=17470 RX ua=95 mt=R len=7
PKT t=17475 TX ua=95 mt=P len=0
PKT t=17504 RX ua=95 mt=R len=7
PKT t=17509 TX ua=95 mt=P len=0
PKT t=17519 RX ua=95 mt=R len=7
PKT t=17524 TX ua=95 mt=P len=0
PKT t=17534 RX ua=95 mt=R len=7
PKT t=17539 TX ua=95 mt=P len=0
PKT t=17549 RX ua=95 mt=R len=7
PKT t=17554 TX ua=95 mt=P len=0
PKT t=17564 RX ua=95 mt=R len=7
PKT t=17569 TX ua=95 mt=P len=0
PKT t=17579 RX ua=95 mt=R len=7
PKT t=17584 TX ua=95 mt=P len=0
PKT t=17613 RX ua=95 mt=R len=7
PKT t=17618 TX ua=95 mt=T len=7
PKT t=17630 TX ua=95 mt=P len=0
PKT t=17639 RX ua=95 mt=R len=7
PKT t=17644 TX ua=95 mt=P len=0
PKT t=17654 RX ua=95 mt=R len=7
PKT t=17659 TX ua=95 mt=P len=0
PKT t=17668 RX ua=95 mt=R len=7
PKT t=17673 TX ua=95 mt=P len=0
PKT t=17682 RX ua=95 mt=R len=7
PKT t=17687 TX ua=95 mt=P len=0
PKT t=17716 RX ua=95 mt=R len=7
PKT t=17721 TX ua=95 mt=P len=0
PKT t=17730 RX ua=95 mt=R len=7
PKT t=17735 TX ua=95 mt=P len=0
PKT t=17744 RX ua=95 mt=R len=7
PKT t=17749 TX ua=95 mt=P len=0
PKT t=17758 RX ua=95 mt=R len=7
PKT t=17763 TX ua=95 mt=P len=0
PKT t=17772 RX ua=95 mt=R len=7
PKT t=17777 TX ua=95 mt=P len=0
PKT t=17786 RX ua=95 mt=R len=7
PKT t=17791 TX ua=95 mt=P len=0
PKT t=17820 RX ua=95 mt=R len=7
PKT t=17825 TX ua=95 mt=P len=0
PKT t=17834 RX ua=95 mt=R len=7
PKT t=17839 TX ua=95 mt=P len=0
PKT t=17848 RX ua=95 mt=R len=7
PKT t=17853 TX ua=95 mt=T len=7
PKT t=17865 TX ua=95 mt=P len=0
PKT t=17874 RX ua=95 mt=R len=7
PKT t=17879 TX ua=95 mt=P len=0
PKT t=17888 RX ua=95 mt=R len=7
PKT t=17893 TX ua=95 mt=P len=0
PKT t=17922 RX ua=95 mt=R len=7
PKT t=17927 TX ua=95 mt=P len=0
PKT t=17936 RX ua=95 mt=R len=7
PKT t=17941 TX ua=95 mt=P len=0
PKT t=17950 RX ua=95 mt=R len=7
PKT t=17955 TX ua=95 mt=P len=0
PKT t=17964 RX ua=95 mt=R len=7
PKT t=17974 TX ua=95 mt=P len=0
PKT t=17983 RX ua=95 mt=R len=7
PKT t=17988 TX ua=95 mt=P len=0
PKT t=18021 RX ua=95 mt=R len=7
PKT t=18026 TX ua=95 mt=P len=0
PKT t=18035 RX ua=95 mt=R len=7
PKT t=18040 TX ua=95 mt=P len=0
PKT t=18049 RX ua=95 mt=R len=7
PKT t=18054 TX ua=95 mt=P len=0
PKT t=18063 RX ua=95 mt=R len=7
PKT t=18068 TX ua=95 mt=P len=0
PKT t=18077 RX ua=95 mt=R len=7
PKT t=18082 TX ua=95 mt=P len=0
PKT t=18091 RX ua=95 mt=R len=7
PKT t=18096 TX ua=95 mt=P len=0
PKT t=18125 RX ua=95 mt=R len=7
PKT t=18134 TX ua=95 mt=T len=7
PKT t=18147 TX ua=95 mt=P len=0
PKT t=18156 RX ua=95 mt=R len=7
PKT t=18161 TX ua=95 mt=T len=7
PKT t=18174 TX ua=95 mt=P len=0
PKT t=18183 RX ua=95 mt=R len=7
PKT t=18188 TX ua=95 mt=P len=0
PKT t=18197 RX ua=95 mt=R len=7
PKT t=18202 TX ua=95 mt=P len=0
PKT t=18231 RX ua=95 mt=R len=7
PKT t=18236 TX ua=95 mt=P len=0
PKT t=18245 RX ua=95 mt=R len=7
PKT t=18250 TX ua=95 mt=P len=0
PKT t=18259 RX ua=95 mt=R len=7
PKT t=18264 TX ua=95 mt=P len=0
PKT t=18273 RX ua=95 mt=R len=7
PKT t=18278 TX ua=95 mt=P len=0
PKT t=18294 RX ua=95 mt=R len=7
PKT t=18299 TX ua=95 mt=P len=0
PKT t=18330 RX ua=95 mt=R len=7
PKT t=18335 TX ua=95 mt=P len=0
PKT t=18344 RX ua=95 mt=R len=7
PKT t=18349 TX ua=95 mt=T len=7
PKT t=18362 TX ua=95 mt=P len=0
PKT t=18371 RX ua=95 mt=R len=7
PKT t=18376 TX ua=95 mt=P len=0
PKT t=18385 RX ua=95 mt=R len=7
PKT t=18390 TX ua=95 mt=P len=0
PKT t=18399 RX ua=95 mt=R len=7
PKT t=18404 TX ua=96 mt=I len=13
PKT t=18912 TX ua=96 mt=T len=4
PKT t=18923 TX ua=95 mt=P len=0
PKT t=18934 RX ua=95 mt=R len=7
PKT t=18939 TX ua=96 mt=P len=0
PKT t=19197 TX ua=95 mt=P len=0
PKT t=19206 RX ua=95 mt=R len=7
PKT t=19211 TX ua=95 mt=T len=7
PKT t=19223 TX ua=95 mt=P len=0
PKT t=19242 RX ua=95 mt=R len=7
PKT t=19247 TX ua=95 mt=P len=0
PKT t=19256 RX ua=95 mt=R len=7
PKT t=19261 TX ua=95 mt=P len=0
PKT t=19270 RX ua=95 mt=R len=7
PKT t=19275 TX ua=95 mt=P len=0
PKT t=19284 RX ua=95 mt=R len=7
PKT t=19289 TX ua=95 mt=P len=0
PKT t=19298 RX ua=95 mt=R len=7
PKT t=19303 TX ua=95 mt=P len=0
PKT t=19312 RX ua=95 mt=R len=7
PKT t=19317 TX ua=95 mt=P len=0
PKT t=19346 RX ua=95 mt=R len=7
PKT t=19351 TX ua=95 mt=T len=7
PKT t=19363 TX ua=95 mt=P len=0
PKT t=19373 RX ua=95 mt=R len=7
PKT t=19378 TX ua=95 mt=P len=0
PKT t=19388 RX ua=95 mt=R len=7
PKT t=19393 TX ua=95 mt=P len=0
PKT t=19403 RX ua=95 mt=R len=7
PKT t=19414 TX ua=95 mt=P len=0
PKT t=19446 RX ua=95 mt=R len=7
PKT t=19451 TX ua=95 mt=P len=0
PKT t=19461 RX ua=95 mt=R len=7
PKT t=19466 TX ua=95 mt=P len=0
PKT t=19476 RX ua=95 mt=R len=7
PKT t=19481 TX ua=95 mt=P len=0
PKT t=19491 RX ua=95 mt=R len=7
PKT t=19496 TX ua=95 mt=P len=0
PKT t=19506 RX ua=95 mt=R len=7
PKT t=19511 TX ua=95 mt=P len=0
PKT t=19521 RX ua=95 mt=R len=7
PKT t=19526 TX ua=95 mt=P len=0
PKT t=19555 RX ua=95 mt=R len=7
PKT t=19560 TX ua=95 mt=P len=0
PKT t=19574 RX ua=95 mt=R len=7
PKT t=19579 TX ua=95 mt=P len=0
PKT t=19589 RX ua=95 mt=R len=7
PKT t=19594 TX ua=95 mt=P len=0
PKT t=19604 RX ua=95 mt=R len=7
PKT t=19609 TX ua=95 mt=T len=7
PKT t=19621 TX ua=95 mt=P len=0
PKT t=19654 RX ua=95 mt=R len=7
PKT t=19659 TX ua=95 mt=P len=0
PKT t=19668 RX ua=95 mt=R len=7
PKT t=19673 TX ua=95 mt=P len=0
PKT t=19682 RX ua=95 mt=R len=7
PKT t=19687 TX ua=95 mt=P len=0
PKT t=19696 RX ua=95 mt=R len=7
PKT t=19701 TX ua=95 mt=P len=0
PKT t=19710 RX ua=95 mt=R len=7
PKT t=19715 TX ua=95 mt=P len=0
PKT t=19724 RX ua=95 mt=R len=7
PKT t=19734 TX ua=95 mt=P len=0
PKT t=19758 RX ua=95 mt=R len=7
PKT t=19763 TX ua=95 mt=P len=0
PKT t=19772 RX ua=95 mt=R len=7
PKT t=19777 TX ua=95 mt=P len=0
PKT t=19786 RX ua=95 mt=R len=7
PKT t=19791 TX ua=95 mt=P len=0
PKT t=19800 RX ua=95 mt=R len=7
PKT t=19805 TX ua=95 mt=P len=0
PKT t=19815 RX ua=95 mt=R len=7
PKT t=19820 TX ua=95 mt=P len=0
PKT t=19829 RX ua=95 mt=R len=7
PKT t=19834 TX ua=95 mt=P len=0
PKT t=19863 RX ua=95 mt=R len=7
PKT t=19868 TX ua=95 mt=T len=7
PKT t=19880 TX ua=95 mt=P len=0
PKT t=19894 RX ua=95 mt=R len=7
PKT t=19899 TX ua=95 mt=P len=0
PKT t=19908 RX ua=95 mt=R len=7
PKT t=19913 TX ua=95 mt=P len=0
PKT t=19922 RX ua=95 mt=R len=7
PKT t=19927 TX ua=95 mt=P len=0
PKT t=19936 RX ua=95 mt=R len=7
PKT t=19941 TX ua=95 mt=P len=0
PKT t=19970 RX ua=95 mt=R len=7
PKT t=19975 TX ua=95 mt=P len=0
PKT t=19984 RX ua=95 mt=R len=7
PKT t=19989 TX ua=95 mt=P len=0
PKT t=19998 RX ua=95 mt=R len=7
PKT t=20003 TX ua=95 mt=P len=0
PKT t=20014 RX ua=95 mt=R len=7
PKT t=20019 TX ua=95 mt=P len=0
PKT t=20028 RX ua=95 mt=R len=7
PKT t=20033 TX ua=95 mt=P len=0
PKT t=20042 RX ua=95 mt=R len=7
PKT t=20047 TX ua=95 mt=P len=0
PKT t=20076 RX ua=95 mt=R len=7
PKT t=20081 TX ua=95 mt=P len=0
PKT t=20090 RX ua=95 mt=R len=7
PKT t=20095 TX ua=95 mt=P len=0
PKT t=20104 RX ua=95 mt=R len=7
PKT t=20109 TX ua=95 mt=T len=7
PKT t=20121 TX ua=95 mt=P len=0
PKT t=20130 RX ua=95 mt=R len=7
PKT t=20135 TX ua=95 mt=P len=0
PKT t=20144 RX ua=95 mt=R len=7
PKT t=20149 TX ua=95 mt=P len=0
PKT t=20182 RX ua=95 mt=R len=7
PKT t=20187 TX ua=95 mt=P len=0
PKT t=20197 RX ua=95 mt=R len=7
PKT t=20202 TX ua=95 mt=P len=0
PKT t=20214 RX ua=95 mt=R len=7
PKT t=20219 TX ua=95 mt=P len=0
PKT t=20228 RX ua=95 mt=R len=7
PKT t=20233 TX ua=95 mt=P len=0
PKT t=20242 RX ua=95 mt=R len=7
PKT t=20247 TX ua=95 mt=P len=0
PKT t=20277 RX ua=95 mt=R len=7
PKT t=20282 TX ua=95 mt=P len=0
PKT t=20291 RX ua=95 mt=R len=7
PKT t=20296 TX ua=95 mt=P len=0
PKT t=20305 RX ua=95 mt=R len=7
PKT t=20310 TX ua=95 mt=P len=0
PKT t=20319 RX ua=95 mt=R len=7
PKT t=20324 TX ua=95 mt=P len=0
PKT t=20333 RX ua=95 mt=R len=7
PKT t=20338 TX ua=95 mt=P len=0
PKT t=20347 RX ua=95 mt=R len=7
PKT t=20352 TX ua=95 mt=T len=7
PKT t=20364 TX ua=95 mt=P len=0
PKT t=20383 RX ua=95 mt=R len=7
PKT t=20388 TX ua=95 mt=P len=0
PKT t=20397 RX ua=95 mt=R len=7
PKT t=20402 TX ua=95 mt=P len=0
PKT t=20411 RX ua=95 mt=R len=7
PKT t=20416 TX ua=95 mt=P len=0
PKT t=20425 RX ua=95 mt=R len=7
PKT t=20430 TX ua=95 mt=P len=0
PKT t=20439 RX ua=95 mt=R len=7
PKT t=20444 TX ua=95 mt=P len=0
PKT t=20453 RX ua=95 mt=R len=7
PKT t=20458 TX ua=95 mt=P len=0
PKT t=20487 RX ua=95 mt=R len=7
PKT t=20492 TX ua=95 mt=P len=0
PKT t=20501 RX ua=95 mt=R len=7
PKT t=20506 TX ua=95 mt=P len=0
PKT t=20515 RX ua=95 mt=R len=7
PKT t=20520 TX ua=95 mt=P len=0
PKT t=20534 RX ua=95 mt=R len=7
PKT t=20539 TX ua=95 mt=P len=0
PKT t=20548 RX ua=95 mt=R len=7
PKT t=20553 TX ua=95 mt=P len=0
PKT t=20586 RX ua=95 mt=R len=7
PKT t=20591 TX ua=95 mt=P len=0
PKT t=20600 RX ua=95 mt=R len=7
PKT t=20605 TX ua=95 mt=T len=7
PKT t=20617 TX ua=95 mt=P len=0
PKT t=20626 RX ua=95 mt=R len=7
PKT t=20631 TX ua=95 mt=P len=0
PKT t=20640 RX ua=95 mt=R len=7
PKT t=20645 TX ua=95 mt=P len=0
PKT t=20654 RX ua=95 mt=R len=7
PKT t=20659 TX ua=95 mt=P len=0
PKT t=20694 RX ua=95 mt=R len=7
PKT t=20699 TX ua=95 mt=P len=0
PKT t=20708 RX ua=95 mt=R len=7
PKT t=20713 TX ua=95 mt=P len=0
PKT t=20722 RX ua=95 mt=R len=7
PKT t=20727 TX ua=95 mt=P len=0
PKT t=20736 RX ua=95 mt=R len=7
PKT t=20741 TX ua=95 mt=P len=0
PKT t=20750 RX ua=95 mt=R len=7
PKT t=20755 TX ua=95 mt=P len=0
PKT t=20787 RX ua=95 mt=R len=7
PKT t=20792 TX ua=95 mt=P len=0
PKT t=20801 RX ua=95 mt=R len=7
PKT t=20806 TX ua=95 mt=P len=0
PKT t=20815 RX ua=95 mt=R len=7
PKT t=20820 TX ua=95 mt=P len=0
PKT t=20829 RX ua=95 mt=R len=7
PKT t=20834 TX ua=95 mt=P len=0
PKT t=20843 RX ua=95 mt=R len=7
PKT t=20854 TX ua=95 mt=T len=7
PKT t=20866 TX ua=95 mt=P len=0
PKT t=20889 RX ua=95 mt=R len=7
PKT t=20894 TX ua=95 mt=P len=0
PKT t=20903 RX ua=95 mt=R len=7
PKT t=20908 TX ua=95 mt=P len=0
PKT t=20917 RX ua=95 mt=R len=7
PKT t=20922 TX ua=95 mt=P len=0
PKT t=20931 RX ua=95 mt=R len=7
PKT t=20936 TX ua=95 mt=P len=0
PKT t=20945 RX ua=95 mt=R len=7
PKT t=20950 TX ua=95 mt=P len=0
PKT t=20959 RX ua=95 mt=R len=7
PKT t=20964 TX ua=95 mt=P len=0
PKT t=20993 RX ua=95 mt=R len=7
PKT t=20998 TX ua=95 mt=P len=0
PKT t=21014 RX ua=95 mt=R len=7
PKT t=21019 TX ua=95 mt=P len=0
PKT t=21028 RX ua=95 mt=R len=7
PKT t=21033 TX ua=95 mt=P len=0
PKT t=21042 RX ua=95 mt=R len=7
PKT t=21047 TX ua=95 mt=P len=0
PKT t=21056 RX ua=95 mt=R len=7
PKT t=21061 TX ua=95 mt=P len=0
PKT t=21092 RX ua=95 mt=R len=7
PKT t=21097 TX ua=95 mt=T len=7
PKT t=21110 TX ua=95 mt=P len=0
PKT t=21119 RX ua=95 mt=R len=7
PKT t=21124 TX ua=95 mt=P len=0
PKT t=21133 RX ua=95 mt=R len=7
PKT t=21138 TX ua=95 mt=P len=0
PKT t=21147 RX ua=95 mt=R len=7
PKT t=21152 TX ua=95 mt=P len=0
PKT t=21161 RX ua=95 mt=R len=7
PKT t=21166 TX ua=95 mt=P len=0
PKT t=21195 RX ua=95 mt=R len=7
PKT t=21200 TX ua=95 mt=P len=0
PKT t=21209 RX ua=95 mt=R len=7
PKT t=21214 TX ua=95 mt=P len=0
PKT t=21223 RX ua=95 mt=R len=7
PKT t=21228 TX ua=95 mt=P len=0
PKT t=21237 RX ua=95 mt=R len=7
PKT t=21242 TX ua=95 mt=P len=0
PKT t=21251 RX ua=95 mt=R len=7
PKT t=21256 TX ua=95 mt=P len=0
PKT t=21265 RX ua=95 mt=R len=7
PKT t=21270 TX ua=95 mt=P len=0
PKT t=21299 RX ua=95 mt=R len=7
PKT t=21304 TX ua=95 mt=P len=0
PKT t=21313 RX ua=95 mt=R len=7
PKT t=21318 TX ua=95 mt=P len=0
PKT t=21334 RX ua=95 mt=R len=7
PKT t=21339 TX ua=95 mt=P len=0
PKT t=21348 RX ua=95 mt=R len=7
PKT t=21353 TX ua=95 mt=T len=7
PKT t=21366 TX ua=95 mt=P len=0
PKT t=21399 RX ua=95 mt=R len=7
PKT t=21404 TX ua=95 mt=P len=0
PKT t=21414 RX ua=95 mt=R len=7
PKT t=21419 TX ua=95 mt=P len=0
PKT t=21429 RX ua=95 mt=R len=7
PKT t=21434 TX ua=95 mt=P len=0
PKT t=21444 RX ua=95 mt=R len=7
PKT t=21449 TX ua=95 mt=P len=0
PKT t=21459 RX ua=95 mt=R len=7
PKT t=21464 TX ua=95 mt=P len=0
PKT t=21474 RX ua=95 mt=R len=7
PKT t=21479 TX ua=95 mt=P len=0
PKT t=21508 RX ua=95 mt=R len=7
PKT t=21513 TX ua=95 mt=P len=0
PKT t=21523 RX ua=95 mt=R len=7
PKT t=21528 TX ua=95 mt=P len=0
PKT t=21538 RX ua=95 mt=R len=7
PKT t=21543 TX ua=95 mt=P len=0
PKT t=21553 RX ua=95 mt=R len=7
PKT t=21558 TX ua=95 mt=P len=0
PKT t=21568 RX ua=95 mt=R len=7
PKT t=21573 TX ua=95 mt=P len=0
PKT t=21583 RX ua=95 mt=R len=7
PKT t=21588 TX ua=95 mt=P len=0
PKT t=21617 RX ua=95 mt=R len=7
PKT t=21622 TX ua=95 mt=T len=7
PKT t=21635 TX ua=95 mt=P len=0
PKT t=21644 RX ua=95 mt=R len=7
PKT t=21654 TX ua=95 mt=P len=0
PKT t=21663 RX ua=95 mt=R len=7
PKT t=21668 TX ua=95 mt=P len=0
PKT t=21677 RX ua=95 mt=R len=7
PKT t=21682 TX ua=95 mt=P len=0
PKT t=21691 RX ua=95 mt=R len=7
PKT t=21696 TX ua=95 mt=P len=0
PKT t=21725 RX ua=95 mt=R len=7
PKT t=21730 TX ua=95 mt=P len=0
PKT t=21739 RX ua=95 mt=R len=7
PKT t=21744 TX ua=95 mt=P len=0
PKT t=21753 RX ua=95 mt=R len=7
PKT t=21758 TX ua=95 mt=P len=0
PKT t=21767 RX ua=95 mt=R len=7
PKT t=21772 TX ua=95 mt=P len=0
PKT t=21781 RX ua=95 mt=R len=7
PKT t=21786 TX ua=95 mt=P len=0
PKT t=21795 RX ua=95 mt=R len=7
PKT t=21800 TX ua=95 mt=P len=0
PKT t=21829 RX ua=95 mt=R len=7
PKT t=21834 TX ua=95 mt=P len=0
PKT t=21843 RX ua=95 mt=R len=7
PKT t=21848 TX ua=95 mt=T len=7
PKT t=21861 TX ua=95 mt=P len=0
PKT t=21870 RX ua=95 mt=R len=7
PKT t=21875 TX ua=95 mt=P len=0
PKT t=21884 RX ua=95 mt=R len=7
PKT t=21889 TX ua=95 mt=P len=0
PKT t=21898 RX ua=95 mt=R len=7
PKT t=21903 TX ua=95 mt=P len=0
PKT t=21932 RX ua=95 mt=R len=7
PKT t=21937 TX ua=95 mt=P len=0
PKT t=21946 RX ua=95 mt=R len=7
PKT t=21951 TX ua=95 mt=P len=0
PKT t=21960 RX ua=95 mt=R len=7
PKT t=21965 TX ua=95 mt=P len=0
PKT t=21974 RX ua=95 mt=R len=7
PKT t=21979 TX ua=95 mt=P len=0
PKT t=21988 RX ua=95 mt=R len=7
PKT t=21993 TX ua=95 mt=P len=0
PKT t=22002 RX ua=95 mt=R len=7
PKT t=22007 TX ua=95 mt=P len=0
PKT t=22036 RX ua=95 mt=R len=7
PKT t=22041 TX ua=95 mt=P len=0
PKT t=22050 RX ua=95 mt=R len=7
PKT t=22055 TX ua=95 mt=P len=0
PKT t=22064 RX ua=95 mt=R len=7
PKT t=22069 TX ua=95 mt=P len=0
PKT t=22078 RX ua=95 mt=R len=7
PKT t=22083 TX ua=95 mt=P len=0
PKT t=22092 RX ua=95 mt=R len=7
PKT t=22097 TX ua=95 mt=T len=7
PKT t=22109 TX ua=95 mt=P len=0
PKT t=22137 RX ua=95 mt=R len=7
PKT t=22142 TX ua=95 mt=P len=0
PKT t=22151 RX ua=95 mt=R len=7
PKT t=22156 TX ua=95 mt=P len=0
PKT t=22165 RX ua=95 mt=R len=7
PKT t=22170 TX ua=95 mt=P len=0
PKT t=22179 RX ua=95 mt=R len=7
PKT t=22184 TX ua=95 mt=P len=0
PKT t=22193 RX ua=95 mt=R len=7
PKT t=22198 TX ua=95 mt=P len=0
PKT t=22207 RX ua=95 mt=R len=7
PKT t=22212 TX ua=95 mt=P len=0
PKT t=22241 RX ua=95 mt=R len=7
PKT t=22246 TX ua=95 mt=P len=0
PKT t=22255 RX ua=95 mt=R len=7
PKT t=22260 TX ua=95 mt=P len=0
PKT t=22269 RX ua=95 mt=R len=7
PKT t=22274 TX ua=95 mt=P len=0
PKT t=22283 RX ua=95 mt=R len=7
PKT t=22294 TX ua=95 mt=P len=0
PKT t=22303 RX ua=95 mt=R len=7
PKT t=22308 TX ua=95 mt=P len=0
PKT t=22340 RX ua=95 mt=R len=7
PKT t=22345 TX ua=95 mt=P len=0
PKT t=22354 RX ua=95 mt=R len=7
PKT t=22359 TX ua=95 mt=T len=7
PKT t=22371 TX ua=95 mt=P len=0
PKT t=22380 RX ua=95 mt=R len=7
PKT t=22385 TX ua=95 mt=P len=0
PKT t=22394 RX ua=95 mt=R len=7
PKT t=22399 TX ua=95 mt=P len=0
PKT t=22408 RX ua=95 mt=R len=7
PKT t=22413 TX ua=95 mt=P len=0
PKT t=22442 RX ua=95 mt=R len=7
PKT t=22447 TX ua=95 mt=P len=0
PKT t=22456 RX ua=95 mt=R len=7
PKT t=22461 TX ua=95 mt=P len=0
PKT t=22470 RX ua=95 mt=R len=7
PKT t=22475 TX ua=95 mt=P len=0
PKT t=22484 RX ua=95 mt=R len=7
PKT t=22489 TX ua=95 mt=P len=0
PKT t=22498 RX ua=95 mt=R len=7
PKT t=22503 TX ua=95 mt=P len=0
PKT t=22512 RX ua=95 mt=R len=7
PKT t=22517 TX ua=95 mt=P len=0
PKT t=22546 RX ua=95 mt=R len=7
PKT t=22551 TX ua=95 mt=P len=0
PKT t=22560 RX ua=95 mt=R len=7
PKT t=22565 TX ua=95 mt=P len=0
PKT t=22574 RX ua=95 mt=R len=7
PKT t=22579 TX ua=95 mt=P len=0
PKT t=22588 RX ua=95 mt=R len=7
PKT t=22593 TX ua=95 mt=P len=0
PKT t=22602 RX ua=95 mt=R len=7
PKT t=22607 TX ua=95 mt=T len=7
PKT t=22622 TX ua=95 mt=P len=0
PKT t=22647 RX ua=95 mt=R len=7
PKT t=22652 TX ua=95 mt=P len=0
PKT t=22661 RX ua=95 mt=R len=7
PKT t=22666 TX ua=95 mt=P len=0
PKT t=22675 RX ua=95 mt=R len=7
PKT t=22680 TX ua=95 mt=P len=0
PKT t=22689 RX ua=95 mt=R len=7
PKT t=22694 TX ua=95 mt=P len=0
PKT t=22703 RX ua=95 mt=R len=7
PKT t=22708 TX ua=95 mt=P len=0
PKT t=22717 RX ua=95 mt=R len=7
PKT t=22722 TX ua=95 mt=P len=0
PKT t=22751 RX ua=95 mt=R len=7
PKT t=22756 TX ua=95 mt=P len=0
PKT t=22765 RX ua=95 mt=R len=7
PKT t=22774 TX ua=95 mt=P len=0
PKT t=22783 RX ua=95 mt=R len=7
PKT t=22788 TX ua=95 mt=P len=0
PKT t=22797 RX ua=95 mt=R len=7
PKT t=22802 TX ua=95 mt=P len=0
PKT t=22811 RX ua=95 mt=R len=7
PKT t=22816 TX ua=95 mt=P len=0
PKT t=22825 RX ua=95 mt=R len=7
PKT t=22830 TX ua=95 mt=P len=0
PKT t=22859 RX ua=95 mt=R len=7
PKT t=22864 TX ua=95 mt=T len=7
PKT t=22876 TX ua=95 mt=P len=0
PKT t=22885 RX ua=95 mt=R len=7
PKT t=22890 TX ua=95 mt=P len=0
PKT t=22899 RX ua=95 mt=R len=7
PKT t=22904 TX ua=95 mt=P len=0
PKT t=22913 RX ua=95 mt=R len=7
PKT t=22918 TX ua=95 mt=P len=0
PKT t=22934 RX ua=95 mt=R len=7
PKT t=22939 TX ua=95 mt=P len=0
PKT t=22961 RX ua=95 mt=R len=7
PKT t=22966 TX ua=95 mt=P len=0
PKT t=22975 RX ua=95 mt=R len=7
PKT t=22980 TX ua=95 mt=P len=0
PKT t=22989 RX ua=95 mt=R len=7
PKT t=22994 TX ua=95 mt=P len=0
PKT t=23003 RX ua=95 mt=R len=7
PKT t=23008 TX ua=95 mt=P len=0
PKT t=23017 RX ua=95 mt=R len=7
PKT t=23022 TX ua=95 mt=P len=0
PKT t=23031 RX ua=95 mt=R len=7
PKT t=23036 TX ua=95 mt=P len=0
PKT t=23065 RX ua=95 mt=R len=7
PKT t=23070 TX ua=95 mt=P len=0
PKT t=23079 RX ua=95 mt=R len=7
PKT t=23084 TX ua=95 mt=P len=0
PKT t=23094 RX ua=95 mt=R len=7
PKT t=23099 TX ua=95 mt=T len=7
PKT t=23111 TX ua=95 mt=P len=0
PKT t=23120 RX ua=95 mt=R len=7
PKT t=23125 TX ua=95 mt=P len=0
PKT t=23134 RX ua=95 mt=R len=7
PKT t=23139 TX ua=95 mt=P len=0
PKT t=23168 RX ua=95 mt=R len=7
PKT t=23173 TX ua=95 mt=P len=0
PKT t=23182 RX ua=95 mt=R len=7
PKT t=23187 TX ua=95 mt=P len=0
PKT t=23196 RX ua=95 mt=R len=7
PKT t=23201 TX ua=95 mt=P len=0
PKT t=23210 RX ua=95 mt=R len=7
PKT t=23215 TX ua=95 mt=P len=0
PKT t=23224 RX ua=95 mt=R len=7
PKT t=23229 TX ua=95 mt=P len=0
PKT t=23238 RX ua=95 mt=R len=7
PKT t=23243 TX ua=95 mt=P len=0
PKT t=23272 RX ua=95 mt=R len=7
PKT t=23277 TX ua=95 mt=P len=0
PKT t=23286 RX ua=95 mt=R len=7
PKT t=23291 TX ua=95 mt=P len=0
PKT t=23300 RX ua=95 mt=R len=7
PKT t=23305 TX ua=95 mt=P len=0
PKT t=23314 RX ua=95 mt=R len=7
PKT t=23319 TX ua=95 mt=P len=0
PKT t=23328 RX ua=95 mt=R len=7
PKT t=23333 TX ua=95 mt=P len=0
PKT t=23342 RX ua=95 mt=R len=7
PKT t=23347 TX ua=95 mt=T len=7
PKT t=23359 TX ua=95 mt=P len=0
PKT t=23378 RX ua=95 mt=R len=7
PKT t=23383 TX ua=95 mt=P len=0
PKT t=23393 RX ua=95 mt=R len=7
PKT t=23398 TX ua=95 mt=P len=0
PKT t=23414 RX ua=95 mt=R len=7
PKT t=23419 TX ua=95 mt=P len=0
PKT t=23429 RX ua=95 mt=R len=7
PKT t=23434 TX ua=95 mt=P len=0
PKT t=23444 RX ua=95 mt=R len=7
PKT t=23449 TX ua=95 mt=P len=0
PKT t=23478 RX ua=95 mt=R len=7
PKT t=23483 TX ua=95 mt=P len=0
PKT t=23493 RX ua=95 mt=R len=7
PKT t=23498 TX ua=95 mt=P len=0
PKT t=23508 RX ua=95 mt=R len=7
PKT t=23513 TX ua=95 mt=P len=0
PKT t=23523 RX ua=95 mt=R len=7
PKT t=23528 TX ua=95 mt=P len=0
PKT t=23538 RX ua=95 mt=R len=7
PKT t=23543 TX ua=95 mt=P len=0
PKT t=23553 RX ua=95 mt=R len=7
PKT t=23558 TX ua=95 mt=P len=0
PKT t=23587 RX ua=95 mt=R len=7
PKT t=23592 TX ua=95 mt=P len=0
PKT t=23602 RX ua=95 mt=R len=7
PKT t=23607 TX ua=95 mt=T len=7
PKT t=23619 TX ua=95 mt=P len=0
PKT t=23628 RX ua=95 mt=R len=7
PKT t=23633 TX ua=95 mt=P len=0
PKT t=23642 RX ua=95 mt=R len=7
PKT t=23647 TX ua=95 mt=P len=0
PKT t=23656 RX ua=95 mt=R len=7
PKT t=23661 TX ua=95 mt=P len=0
PKT t=23690 RX ua=95 mt=R len=7
PKT t=23695 TX ua=95 mt=P len=0
PKT t=23704 RX ua=95 mt=R len=7
PKT t=23709 TX ua=95 mt=P len=0
PKT t=23718 RX ua=95 mt=R len=7
PKT t=23723 TX ua=95 mt=P len=0
PKT t=23734 RX ua=95 mt=R len=7
PKT t=23739 TX ua=95 mt=P len=0
PKT t=23748 RX ua=95 mt=R len=7
PKT t=23753 TX ua=95 mt=P len=0
PKT t=23762 RX ua=95 mt=R len=7
PKT t=23767 TX ua=95 mt=P len=0
PKT t=23796 RX ua=95 mt=R len=7
PKT t=23801 TX ua=95 mt=P len=0
PKT t=23810 RX ua=95 mt=R len=7
PKT t=23815 TX ua=95 mt=P len=0
PKT t=23825 RX ua=95 mt=R len=7
PKT t=23830 TX ua=95 mt=P len=0
PKT t=23839 RX ua=95 mt=R len=7
PKT t=23844 TX ua=95 mt=P len=0
PKT t=23853 RX ua=95 mt=R len=7
PKT t=23858 TX ua=95 mt=T len=7
PKT t=23870 TX ua=95 mt=P len=0
PKT t=23899 RX ua=95 mt=R len=7
PKT t=23904 TX ua=95 mt=P len=0
PKT t=23913 RX ua=95 mt=R len=7
PKT t=23918 TX ua=95 mt=P len=0
PKT t=23927 RX ua=95 mt=R len=7
PKT t=23932 TX ua=95 mt=P len=0
PKT t=23941 RX ua=95 mt=R len=7
PKT t=23946 TX ua=95 mt=P len=0
PKT t=23955 RX ua=95 mt=R len=7
PKT t=23960 TX ua=95 mt=P len=0
PKT t=23969 RX ua=95 mt=R len=7
PKT t=23974 TX ua=95 mt=P len=0
PKT t=24003 RX ua=95 mt=R len=7
PKT t=24008 TX ua=95 mt=P len=0
PKT t=24017 RX ua=95 mt=R len=7
PKT t=24022 TX ua=95 mt=P len=0
PKT t=24031 RX ua=95 mt=R len=7
PKT t=24036 TX ua=95 mt=P len=0
PKT t=24045 RX ua=95 mt=R len=7
PKT t=24054 TX ua=95 mt=P len=0
PKT t=24063 RX ua=95 mt=R len=7
PKT t=24068 TX ua=95 mt=P len=0
PKT t=24077 RX ua=95 mt=R len=7
PKT t=24082 TX ua=95 mt=P len=0
PKT t=24111 RX ua=95 mt=R len=7
PKT t=24116 TX ua=95 mt=T len=7
PKT t=24128 TX ua=95 mt=P len=0
PKT t=24137 RX ua=95 mt=R len=7
PKT t=24142 TX ua=95 mt=P len=0
PKT t=24151 RX ua=95 mt=R len=7
PKT t=24156 TX ua=95 mt=P len=0
PKT t=24165 RX ua=95 mt=R len=7
PKT t=24170 TX ua=95 mt=P len=0
PKT t=24179 RX ua=95 mt=R len=7
PKT t=24184 TX ua=95 mt=P len=0
PKT t=24218 RX ua=95 mt=R len=7
PKT t=24222 TX ua=95 mt=P len=0
PKT t=24231 RX ua=95 mt=R len=7
PKT t=24236 TX ua=95 mt=P len=0
PKT t=24245 RX ua=95 mt=R len=7
PKT t=24250 TX ua=95 mt=P len=0
PKT t=24259 RX ua=95 mt=R len=7
PKT t=24264 TX ua=95 mt=P len=0
PKT t=24273 RX ua=95 mt=R len=7
PKT t=24278 TX ua=95 mt=P len=0
PKT t=24287 RX ua=95 mt=R len=7
PKT t=24292 TX ua=95 mt=P len=0
PKT t=24322 RX ua=95 mt=R len=7
PKT t=24327 TX ua=95 mt=P len=0
PKT t=24336 RX ua=95 mt=R len=7
PKT t=24341 TX ua=95 mt=P len=0
PKT t=24350 RX ua=95 mt=R len=7
PKT t=24355 TX ua=95 mt=T len=7
PKT t=24367 TX ua=95 mt=P len=0
PKT t=24376 RX ua=95 mt=R len=7
PKT t=24381 TX ua=95 mt=P len=0
PKT t=24390 RX ua=95 mt=R len=7
PKT t=24395 TX ua=95 mt=P len=0
PKT t=24424 RX ua=95 mt=R len=7
PKT t=24429 TX ua=95 mt=P len=0
PKT t=24438 RX ua=95 mt=R len=7
PKT t=24443 TX ua=95 mt=P len=0
PKT t=24452 RX ua=95 mt=R len=7
PKT t=24457 TX ua=95 mt=P len=0
PKT t=24466 RX ua=95 mt=R len=7
PKT t=24471 TX ua=95 mt=P len=0
PKT t=24480 RX ua=95 mt=R len=7
PKT t=24485 TX ua=95 mt=P len=0
PKT t=24494 RX ua=95 mt=R len=7
PKT t=24499 TX ua=95 mt=P len=0
PKT t=24534 RX ua=95 mt=R len=7
PKT t=24539 TX ua=95 mt=P len=0
PKT t=24548 RX ua=95 mt=R len=7
PKT t=24553 TX ua=95 mt=P len=0
PKT t=24562 RX ua=95 mt=R len=7
PKT t=24567 TX ua=95 mt=P len=0
PKT t=24576 RX ua=95 mt=R len=7
PKT t=24581 TX ua=95 mt=P len=0
PKT t=24590 RX ua=95 mt=R len=7
PKT t=24595 TX ua=95 mt=P len=0
PKT t=24627 RX ua=95 mt=R len=7
PKT t=24632 TX ua=95 mt=T len=7
PKT t=24644 TX ua=95 mt=P len=0
PKT t=24653 RX ua=95 mt=R len=7
PKT t=24658 TX ua=95 mt=P len=0
PKT t=24667 RX ua=95 mt=R len=7
PKT t=24672 TX ua=95 mt=P len=0
PKT t=24681 RX ua=95 mt=R len=7
PKT t=24686 TX ua=95 mt=P len=0
PKT t=24695 RX ua=95 mt=R len=7
PKT t=24700 TX ua=95 mt=P len=0
PKT t=24729 RX ua=95 mt=R len=7
PKT t=24734 TX ua=95 mt=P len=0
PKT t=24743 RX ua=95 mt=R len=7
PKT t=24748 TX ua=95 mt=P len=0
PKT t=24757 RX ua=95 mt=R len=7
PKT t=24762 TX ua=95 mt=P len=0
PKT t=24771 RX ua=95 mt=R len=7
PKT t=24776 TX ua=95 mt=P len=0
PKT t=24785 RX ua=95 mt=R len=7
PKT t=24790 TX ua=95 mt=P len=0
PKT t=24799 RX ua=95 mt=R len=7
PKT t=24804 TX ua=95 mt=P len=0
PKT t=24833 RX ua=95 mt=R len=7
PKT t=24838 TX ua=95 mt=P len=0
PKT t=24854 RX ua=95 mt=R len=7
PKT t=24859 TX ua=95 mt=T len=7
PKT t=24871 TX ua=95 mt=P len=0
PKT t=24880 RX ua=95 mt=R len=7
PKT t=24885 TX ua=95 mt=P len=0
PKT t=24894 RX ua=95 mt=R len=7
PKT t=24899 TX ua=95 mt=P len=0
PKT t=24933 RX ua=95 mt=R len=7
PKT t=24938 TX ua=95 mt=P len=0
PKT t=24947 RX ua=95 mt=R len=7
PKT t=24952 TX ua=95 mt=P len=0
PKT t=24961 RX ua=95 mt=R len=7
PKT t=24966 TX ua=95 mt=P len=0
PKT t=24975 RX ua=95 mt=R len=7
PKT t=24980 TX ua=95 mt=P len=0
PKT t=24989 RX ua=95 mt=R len=7
PKT t=24994 TX ua=95 mt=P len=0
PKT t=25003 RX ua=95 mt=R len=7
PKT t=25014 TX ua=95 mt=P len=0
PKT t=25038 RX ua=95 mt=R len=7
PKT t=25043 TX ua=95 mt=P len=0
PKT t=25052 RX ua=95 mt=R len=7
PKT t=25057 TX ua=95 mt=P len=0
PKT t=25066 RX ua=95 mt=R len=7
PKT t=25071 TX ua=95 mt=P len=0
PKT t=25080 RX ua=95 mt=R len=7
PKT t=25085 TX ua=95 mt=P len=0
PKT t=25094 RX ua=95 mt=R len=7
PKT t=25099 TX ua=95 mt=T len=7
PKT t=25111 TX ua=95 mt=P len=0
PKT t=25140 RX ua=95 mt=R len=7
PKT t=25145 TX ua=95 mt=P len=0
PKT t=25154 RX ua=95 mt=R len=7
PKT t=25159 TX ua=95 mt=P len=0
PKT t=25174 RX ua=95 mt=R len=7
PKT t=25179 TX ua=95 mt=P len=0
PKT t=25188 RX ua=95 mt=R len=7
PKT t=25193 TX ua=95 mt=P len=0
PKT t=25202 RX ua=95 mt=R len=7
PKT t=25207 TX ua=95 mt=P len=0
PKT t=25238 RX ua=95 mt=R len=7
PKT t=25243 TX ua=95 mt=P len=0
PKT t=25252 RX ua=95 mt=R len=7
PKT t=25257 TX ua=95 mt=P len=0
PKT t=25266 RX ua=95 mt=R len=7
PKT t=25271 TX ua=95 mt=P len=0
PKT t=25280 RX ua=95 mt=R len=7
PKT t=25285 TX ua=95 mt=P len=0
PKT t=25294 RX ua=95 mt=R len=7
PKT t=25299 TX ua=95 mt=P len=0
PKT t=25308 RX ua=95 mt=R len=7
PKT t=25313 TX ua=95 mt=P len=0
PKT t=25342 RX ua=95 mt=R len=7
PKT t=25347 TX ua=95 mt=T len=7
PKT t=25359 TX ua=95 mt=P len=0
PKT t=25369 RX ua=95 mt=R len=7
PKT t=25374 TX ua=95 mt=P len=0
PKT t=25384 RX ua=95 mt=R len=7
PKT t=25389 TX ua=95 mt=P len=0
PKT t=25399 RX ua=95 mt=R len=7
PKT t=25404 TX ua=95 mt=P len=0
PKT t=25414 RX ua=95 mt=R len=7
PKT t=25419 TX ua=95 mt=P len=0
PKT t=25448 RX ua=95 mt=R len=7
PKT t=25453 TX ua=95 mt=P len=0
PKT t=25463 RX ua=95 mt=R len=7
PKT t=25468 TX ua=95 mt=P len=0
PKT t=25478 RX ua=95 mt=R len=7
PKT t=25483 TX ua=95 mt=P len=0
PKT t=25494 RX ua=95 mt=R len=7
PKT t=25499 TX ua=95 mt=P len=0
PKT t=25509 RX ua=95 mt=R len=7
PKT t=25514 TX ua=95 mt=P len=0
PKT t=25548 RX ua=95 mt=R len=7
PKT t=25553 TX ua=95 mt=P len=0
PKT t=25563 RX ua=95 mt=R len=7
PKT t=25568 TX ua=95 mt=P len=0
PKT t=25578 RX ua=95 mt=R len=7
PKT t=25583 TX ua=95 mt=P len=0
PKT t=25593 RX ua=95 mt=R len=7
PKT t=25598 TX ua=95 mt=T len=7
PKT t=25610 TX ua=95 mt=P len=0
PKT t=25619 RX ua=95 mt=R len=7
PKT t=25624 TX ua=95 mt=P len=0
PKT t=25654 RX ua=95 mt=R len=7
PKT t=25659 TX ua=95 mt=P len=0
PKT t=25668 RX ua=95 mt=R len=7
PKT t=25673 TX ua=95 mt=P len=0
PKT t=25682 RX ua=95 mt=R len=7
PKT t=25687 TX ua=95 mt=P len=0
PKT t=25696 RX ua=95 mt=R len=7
PKT t=25701 TX ua=95 mt=P len=0
PKT t=25710 RX ua=95 mt=R len=7
PKT t=25715 TX ua=95 mt=P len=0
PKT t=25724 RX ua=95 mt=R len=7
PKT t=25729 TX ua=95 mt=P len=0
PKT t=25758 RX ua=95 mt=R len=7
PKT t=25763 TX ua=95 mt=P len=0
PKT t=25772 RX ua=95 mt=R len=7
PKT t=25777 TX ua=95 mt=P len=0
PKT t=25786 RX ua=95 mt=R len=7
PKT t=25791 TX ua=95 mt=P len=0
PKT t=25800 RX ua=95 mt=R len=7
PKT t=25805 TX ua=95 mt=P len=0
PKT t=25814 RX ua=95 mt=R len=7
PKT t=25819 TX ua=95 mt=P len=0
PKT t=25828 RX ua=95 mt=R len=7
PKT t=25833 TX ua=95 mt=P len=0
PKT t=25862 RX ua=95 mt=R len=7
PKT t=25867 TX ua=95 mt=T len=7
PKT t=25879 TX ua=95 mt=P len=0
PKT t=25888 RX ua=95 mt=R len=7
PKT t=25893 TX ua=95 mt=P len=0
PKT t=25902 RX ua=95 mt=R len=7
PKT t=25907 TX ua=95 mt=P len=0
PKT t=25916 RX ua=95 mt=R len=7
PKT t=25921 TX ua=95 mt=P len=0
PKT t=25930 RX ua=95 mt=R len=7
PKT t=25935 TX ua=95 mt=P len=0
PKT t=25964 RX ua=95 mt=R len=7
PKT t=25974 TX ua=95 mt=P len=0
PKT t=25983 RX ua=95 mt=R len=7
PKT t=25988 TX ua=95 mt=P len=0
PKT t=25997 RX ua=95 mt=R len=7
PKT t=26002 TX ua=95 mt=P len=0
PKT t=26011 RX ua=95 mt=R len=7
PKT t=26017 TX ua=95 mt=P len=0
PKT t=26026 RX ua=95 mt=R len=7
PKT t=26031 TX ua=95 mt=P len=0
PKT t=26064 RX ua=95 mt=R len=7
PKT t=26069 TX ua=95 mt=P len=0
PKT t=26078 RX ua=95 mt=R len=7
PKT t=26083 TX ua=95 mt=P len=0
PKT t=26092 RX ua=95 mt=R len=7
PKT t=26097 TX ua=95 mt=T len=7
PKT t=26110 TX ua=95 mt=P len=0
PKT t=26119 RX ua=95 mt=R len=7
PKT t=26124 TX ua=95 mt=T len=7
PKT t=26141 TX ua=95 mt=P len=0
PKT t=26164 RX ua=95 mt=R len=7
PKT t=26169 TX ua=95 mt=P len=0
PKT t=26178 RX ua=95 mt=R len=7
PKT t=26183 TX ua=95 mt=P len=0
PKT t=26192 RX ua=95 mt=R len=7
PKT t=26197 TX ua=95 mt=P len=0
PKT t=26206 RX ua=95 mt=R len=7
PKT t=26211 TX ua=95 mt=P len=0
PKT t=26220 RX ua=95 mt=R len=7
PKT t=26225 TX ua=95 mt=P len=0
PKT t=26234 RX ua=95 mt=R len=7
PKT t=26239 TX ua=95 mt=P len=0
PKT t=26268 RX ua=95 mt=R len=7
PKT t=26273 TX ua=95 mt=P len=0
PKT t=26282 RX ua=95 mt=R len=7
PKT t=26287 TX ua=95 mt=P len=0
PKT t=26296 RX ua=95 mt=R len=7
PKT t=26301 TX ua=95 mt=P len=0
PKT t=26310 RX ua=95 mt=R len=7
PKT t=26315 TX ua=95 mt=P len=0
PKT t=26324 RX ua=95 mt=R len=7
PKT t=26329 TX ua=95 mt=P len=0
PKT t=26338 RX ua=95 mt=R len=7
PKT t=26343 TX ua=95 mt=P len=0
PKT t=26372 RX ua=95 mt=R len=7
PKT t=26377 TX ua=95 mt=T len=7
PKT t=26390 TX ua=95 mt=P len=0
PKT t=26399 RX ua=95 mt=R len=7
PKT t=26404 TX ua=95 mt=P len=0
PKT t=26413 RX ua=95 mt=R len=7
PKT t=26418 TX ua=95 mt=P len=0
PKT t=26427 RX ua=95 mt=R len=7
PKT t=26432 TX ua=95 mt=P len=0
PKT t=26441 RX ua=95 mt=R len=7
PKT t=26446 TX ua=95 mt=P len=0
PKT t=26475 RX ua=95 mt=R len=7
PKT t=26480 TX ua=95 mt=P len=0
PKT t=26489 RX ua=95 mt=R len=7
PKT t=26494 TX ua=95 mt=P len=0
PKT t=26503 RX ua=95 mt=R len=7
PKT t=26508 TX ua=95 mt=P len=0
PKT t=26517 RX ua=95 mt=R len=7
PKT t=26522 TX ua=95 mt=P len=0
PKT t=26531 RX ua=95 mt=R len=7
PKT t=26536 TX ua=95 mt=P len=0
PKT t=26545 RX ua=95 mt=R len=7
PKT t=26550 TX ua=95 mt=P len=0
PKT t=26580 RX ua=95 mt=R len=7
PKT t=26585 TX ua=95 mt=P len=0
PKT t=26594 RX ua=95 mt=R len=7
PKT t=26599 TX ua=95 mt=T len=7
PKT t=26614 TX ua=95 mt=P len=0
PKT t=26623 RX ua=95 mt=R len=7
PKT t=26628 TX ua=95 mt=P len=0
PKT t=26637 RX ua=95 mt=R len=7
PKT t=26642 TX ua=95 mt=P len=0
PKT t=26651 RX ua=95 mt=R len=7
PKT t=26656 TX ua=95 mt=P len=0
PKT t=26685 RX ua=95 mt=R len=7
PKT t=26690 TX ua=95 mt=P len=0
PKT t=26699 RX ua=95 mt=R len=7
PKT t=26704 TX ua=95 mt=P len=0
PKT t=26713 RX ua=95 mt=R len=7
PKT t=26718 TX ua=95 mt=P len=0
PKT t=26727 RX ua=95 mt=R len=7
PKT t=26732 TX ua=95 mt=P len=0
PKT t=26741 RX ua=95 mt=R len=7
PKT t=26746 TX ua=95 mt=P len=0
PKT t=26755 RX ua=95 mt=R len=7
PKT t=26760 TX ua=95 mt=P len=0
PKT t=26789 RX ua=95 mt=R len=7
PKT t=26794 TX ua=95 mt=P len=0
PKT t=26803 RX ua=95 mt=R len=7
PKT t=26808 TX ua=95 mt=P len=0
PKT t=26817 RX ua=95 mt=R len=7
PKT t=26822 TX ua=95 mt=P len=0
PKT t=26831 RX ua=95 mt=R len=7
PKT t=26836 TX ua=95 mt=P len=0
PKT t=26845 RX ua=95 mt=R len=7
PKT t=26850 TX ua=95 mt=T len=7
PKT t=26863 TX ua=95 mt=P len=0
PKT t=26890 RX ua=95 mt=R len=7
PKT t=26895 TX ua=95 mt=P len=0
PKT t=26904 RX ua=95 mt=R len=7
PKT t=26909 TX ua=95 mt=P len=0
PKT t=26918 RX ua=95 mt=R len=7
PKT t=26923 TX ua=95 mt=P len=0
PKT t=26934 RX ua=95 mt=R len=7
PKT t=26939 TX ua=95 mt=P len=0
PKT t=26948 RX ua=95 mt=R len=7
PKT t=26953 TX ua=95 mt=P len=0
PKT t=26962 RX ua=95 mt=R len=7
PKT t=26967 TX ua=95 mt=P len=0
PKT t=26996 RX ua=95 mt=R len=7
PKT t=27001 TX ua=95 mt=P len=0
PKT t=27010 RX ua=95 mt=R len=7
PKT t=27015 TX ua=95 mt=P len=0
PKT t=27024 RX ua=95 mt=R len=7
PKT t=27029 TX ua=95 mt=P len=0
PKT t=27038 RX ua=95 mt=R len=7
PKT t=27043 TX ua=95 mt=P len=0
PKT t=27052 RX ua=95 mt=R len=7
PKT t=27057 TX ua=95 mt=P len=0
PKT t=27066 RX ua=95 mt=R len=7
PKT t=27071 TX ua=95 mt=P len=0
PKT t=27100 RX ua=95 mt=R len=7
PKT t=27105 TX ua=95 mt=T len=7
PKT t=27117 TX ua=95 mt=P len=0
PKT t=27126 RX ua=95 mt=R len=7
PKT t=27131 TX ua=95 mt=P len=0
PKT t=27140 RX ua=95 mt=R len=7
PKT t=27145 TX ua=95 mt=P len=0
PKT t=27154 RX ua=95 mt=R len=7
PKT t=27159 TX ua=95 mt=P len=0
PKT t=27168 RX ua=95 mt=R len=7
PKT t=27173 TX ua=95 mt=P len=0
PKT t=27202 RX ua=95 mt=R len=7
PKT t=27207 TX ua=95 mt=P len=0
PKT t=27216 RX ua=95 mt=R len=7
PKT t=27221 TX ua=95 mt=P len=0
PKT t=27230 RX ua=95 mt=R len=7
PKT t=27235 TX ua=95 mt=P len=0
PKT t=27244 RX ua=95 mt=R len=7
PKT t=27254 TX ua=95 mt=P len=0
PKT t=27264 RX ua=95 mt=R len=7
PKT t=27269 TX ua=95 mt=P len=0
PKT t=27301 RX ua=95 mt=R len=7
PKT t=27306 TX ua=95 mt=P len=0
PKT t=27315 RX ua=95 mt=R len=7
PKT t=27320 TX ua=95 mt=P len=0
PKT t=27329 RX ua=95 mt=R len=7
PKT t=27334 TX ua=95 mt=P len=0
PKT t=27343 RX ua=95 mt=R len=7
PKT t=27348 TX ua=95 mt=T len=7
PKT t=27360 TX ua=95 mt=P len=0
PKT t=27370 RX ua=95 mt=R len=7
PKT t=27375 TX ua=95 mt=P len=0
PKT t=27404 RX ua=95 mt=R len=7
PKT t=27414 TX ua=95 mt=P len=0
PKT t=27424 RX ua=95 mt=R len=7
PKT t=27429 TX ua=95 mt=P len=0
PKT t=27439 RX ua=95 mt=R len=7
PKT t=27444 TX ua=95 mt=P len=0
PKT t=27454 RX ua=95 mt=R len=7
PKT t=27459 TX ua=95 mt=P len=0
PKT t=27469 RX ua=95 mt=R len=7
PKT t=27474 TX ua=95 mt=P len=0
PKT t=27504 RX ua=95 mt=R len=7
PKT t=27509 TX ua=95 mt=P len=0
PKT t=27519 RX ua=95 mt=R len=7
PKT t=27524 TX ua=95 mt=P len=0
PKT t=27534 RX ua=95 mt=R len=7
PKT t=27539 TX ua=95 mt=P len=0
PKT t=27549 RX ua=95 mt=R len=7
PKT t=27554 TX ua=95 mt=P len=0
PKT t=27564 RX ua=95 mt=R len=7
PKT t=27574 TX ua=95 mt=P len=0
PKT t=27604 RX ua=95 mt=R len=7
PKT t=27609 TX ua=95 mt=T len=7
PKT t=27621 TX ua=95 mt=P len=0
PKT t=27630 RX ua=95 mt=R len=7
PKT t=27635 TX ua=95 mt=P len=0
PKT t=27644 RX ua=95 mt=R len=7
PKT t=27649 TX ua=95 mt=P len=0
PKT t=27658 RX ua=95 mt=R len=7
PKT t=27663 TX ua=95 mt=P len=0
PKT t=27672 RX ua=95 mt=R len=7
PKT t=27677 TX ua=95 mt=P len=0
PKT t=27706 RX ua=95 mt=R len=7
PKT t=27711 TX ua=95 mt=P len=0
PKT t=27720 RX ua=95 mt=R len=7
PKT t=27725 TX ua=95 mt=P len=0
PKT t=27734 RX ua=95 mt=R len=7
PKT t=27739 TX ua=95 mt=P len=0
PKT t=27748 RX ua=95 mt=R len=7
PKT t=27753 TX ua=95 mt=P len=0
PKT t=27762 RX ua=95 mt=R len=7
PKT t=27767 TX ua=95 mt=P len=0
PKT t=27776 RX ua=95 mt=R len=7
PKT t=27781 TX ua=95 mt=P len=0
PKT t=27810 RX ua=95 mt=R len=7
PKT t=27815 TX ua=95 mt=P len=0
PKT t=27825 RX ua=95 mt=R len=7
PKT t=27830 TX ua=95 mt=P len=0
PKT t=27839 RX ua=95 mt=R len=7
PKT t=27844 TX ua=95 mt=P len=0
PKT t=27853 RX ua=95 mt=R len=7
PKT t=27858 TX ua=95 mt=T len=7
PKT t=27870 TX ua=95 mt=P len=0
PKT t=27879 RX ua=95 mt=R len=7
PKT t=27884 TX ua=95 mt=P len=0
PKT t=27913 RX ua=95 mt=R len=7
PKT t=27918 TX ua=95 mt=P len=0
PKT t=27928 RX ua=95 mt=R len=7
PKT t=27933 TX ua=95 mt=P len=0
PKT t=27942 RX ua=95 mt=R len=7
PKT t=27947 TX ua=95 mt=P len=0
PKT t=27956 RX ua=95 mt=R len=7
PKT t=27961 TX ua=95 mt=P len=0
PKT t=27970 RX ua=95 mt=R len=7
PKT t=27975 TX ua=95 mt=P len=0
PKT t=27984 RX ua=95 mt=R len=7
PKT t=27989 TX ua=95 mt=P len=0
PKT t=28018 RX ua=95 mt=R len=7
PKT t=28023 TX ua=95 mt=P len=0
PKT t=28032 RX ua=95 mt=R len=7
PKT t=28037 TX ua=95 mt=P len=0
PKT t=28046 RX ua=95 mt=R len=7
PKT t=28054 TX ua=95 mt=P len=0
PKT t=28063 RX ua=95 mt=R len=7
PKT t=28068 TX ua=95 mt=P len=0
PKT t=28077 RX ua=95 mt=R len=7
PKT t=28082 TX ua=95 mt=P len=0
PKT t=28091 RX ua=95 mt=R len=7
PKT t=28096 TX ua=95 mt=P len=0
PKT t=28125 RX ua=95 mt=R len=7
PKT t=28130 TX ua=95 mt=T len=7
PKT t=28142 TX ua=95 mt=P len=0
PKT t=28151 RX ua=95 mt=R len=7
PKT t=28156 TX ua=95 mt=P len=0
PKT t=28165 RX ua=95 mt=R len=7
PKT t=28170 TX ua=95 mt=P len=0
PKT t=28179 RX ua=95 mt=R len=7
PKT t=28184 TX ua=95 mt=P len=0
PKT t=28193 RX ua=95 mt=R len=7
PKT t=28198 TX ua=95 mt=P len=0
PKT t=28231 RX ua=95 mt=R len=7
PKT t=28236 TX ua=95 mt=P len=0
PKT t=28245 RX ua=95 mt=R len=7
PKT t=28250 TX ua=95 mt=P len=0
PKT t=28259 RX ua=95 mt=R len=7
PKT t=28264 TX ua=95 mt=P len=0
PKT t=28273 RX ua=95 mt=R len=7
PKT t=28278 TX ua=95 mt=P len=0
PKT t=28287 RX ua=95 mt=R len=7
PKT t=28292 TX ua=95 mt=P len=0
PKT t=28301 RX ua=95 mt=R len=7
PKT t=28306 TX ua=95 mt=P len=0
PKT t=28335 RX ua=95 mt=R len=7
PKT t=28340 TX ua=95 mt=P len=0
PKT t=28349 RX ua=95 mt=R len=7
PKT t=28354 TX ua=95 mt=T len=7
PKT t=28366 TX ua=95 mt=P len=0
PKT t=28375 RX ua=95 mt=R len=7
PKT t=28380 TX ua=95 mt=P len=0
PKT t=28389 RX ua=95 mt=R len=7
PKT t=28394 TX ua=95 mt=P len=0
PKT t=28403 RX ua=95 mt=R len=7
PKT t=28408 TX ua=95 mt=P len=0
PKT t=28437 RX ua=95 mt=R len=7
PKT t=28442 TX ua=95 mt=P len=0
PKT t=28451 RX ua=95 mt=R len=7
PKT t=28456 TX ua=95 mt=P len=0
PKT t=28465 RX ua=95 mt=R len=7
PKT t=28470 TX ua=95 mt=P len=0
PKT t=28479 RX ua=95 mt=R len=7
PKT t=28484 TX ua=95 mt=P len=0
PKT t=28493 RX ua=95 mt=R len=7
PKT t=28498 TX ua=95 mt=P len=0
PKT t=28507 RX ua=95 mt=R len=7
PKT t=28512 TX ua=95 mt=P len=0
PKT t=28541 RX ua=95 mt=R len=7
PKT t=28546 TX ua=95 mt=P len=0
PKT t=28555 RX ua=95 mt=R len=7
PKT t=28560 TX ua=95 mt=P len=0
PKT t=28569 RX ua=95 mt=R len=7
PKT t=28574 TX ua=95 mt=P len=0
PKT t=28583 RX ua=95 mt=R len=7
PKT t=28588 TX ua=95 mt=P len=0
PKT t=28597 RX ua=95 mt=R len=7
PKT t=28602 TX ua=95 mt=T len=7
PKT t=28614 TX ua=95 mt=P len=0
PKT t=28642 RX ua=95 mt=R len=7
PKT t=28647 TX ua=95 mt=P len=0
PKT t=28656 RX ua=95 mt=R len=7
PKT t=28661 TX ua=95 mt=P len=0
PKT t=28670 RX ua=95 mt=R len=7
PKT t=28675 TX ua=95 mt=P len=0
PKT t=28684 RX ua=95 mt=R len=7
PKT t=28694 TX ua=95 mt=P len=0
PKT t=28703 RX ua=95 mt=R len=7
PKT t=28708 TX ua=95 mt=P len=0
PKT t=28742 RX ua=95 mt=R len=7
PKT t=28747 TX ua=95 mt=P len=0
PKT t=28756 RX ua=95 mt=R len=7
PKT t=28761 TX ua=95 mt=P len=0
PKT t=28770 RX ua=95 mt=R len=7
PKT t=28775 TX ua=95 mt=P len=0
PKT t=28784 RX ua=95 mt=R len=7
PKT t=28789 TX ua=95 mt=P len=0
PKT t=28798 RX ua=95 mt=R len=7
PKT t=28803 TX ua=95 mt=P len=0
PKT t=28812 RX ua=95 mt=R len=7
PKT t=28817 TX ua=95 mt=P len=0
PKT t=28846 RX ua=95 mt=R len=7
PKT t=28854 TX ua=95 mt=T len=7
PKT t=28866 TX ua=95 mt=P len=0
PKT t=28875 RX ua=95 mt=R len=7
PKT t=28880 TX ua=95 mt=P len=0
PKT t=28889 RX ua=95 mt=R len=7
PKT t=28894 TX ua=95 mt=P len=0
PKT t=28903 RX ua=95 mt=R len=7
PKT t=28908 TX ua=95 mt=P len=0
PKT t=28917 RX ua=95 mt=R len=7
PKT t=28922 TX ua=95 mt=P len=0
PKT t=28951 RX ua=95 mt=R len=7
PKT t=28956 TX ua=95 mt=P len=0
PKT t=28965 RX ua=95 mt=R len=7
PKT t=28970 TX ua=95 mt=P len=0
PKT t=28979 RX ua=95 mt=R len=7
PKT t=28984 TX ua=95 mt=P len=0
PKT t=28993 RX ua=95 mt=R len=7
PKT t=28998 TX ua=95 mt=P len=0
PKT t=29014 RX ua=95 mt=R len=7
PKT t=29019 TX ua=95 mt=P len=0
PKT t=29051 RX ua=95 mt=R len=7
PKT t=29056 TX ua=95 mt=P len=0
PKT t=29065 RX ua=95 mt=R len=7
PKT t=29070 TX ua=95 mt=P len=0
PKT t=29079 RX ua=95 mt=R len=7
PKT t=29084 TX ua=95 mt=P len=0
PKT t=29093 RX ua=95 mt=R len=7
PKT t=29098 TX ua=95 mt=T len=7
PKT t=29111 TX ua=95 mt=P len=0
PKT t=29120 RX ua=95 mt=R len=7
PKT t=29125 TX ua=95 mt=P len=0
PKT t=29154 RX ua=95 mt=R len=7
PKT t=29159 TX ua=95 mt=P len=0
PKT t=29174 RX ua=95 mt=R len=7
PKT t=29179 TX ua=95 mt=P len=0
PKT t=29188 RX ua=95 mt=R len=7
PKT t=29193 TX ua=95 mt=P len=0
PKT t=29202 RX ua=95 mt=R len=7
PKT t=29207 TX ua=95 mt=P len=0
PKT t=29216 RX ua=95 mt=R len=7
PKT t=29221 TX ua=95 mt=P len=0
PKT t=29254 RX ua=95 mt=R len=7
PKT t=29259 TX ua=95 mt=P len=0
PKT t=29268 RX ua=95 mt=R len=7
PKT t=29273 TX ua=95 mt=P len=0
PKT t=29282 RX ua=95 mt=R len=7
PKT t=29287 TX ua=95 mt=P len=0
PKT t=29296 RX ua=95 mt=R len=7
PKT t=29301 TX ua=95 mt=P len=0
PKT t=29310 RX ua=95 mt=R len=7
PKT t=29315 TX ua=95 mt=P len=0
PKT t=29324 RX ua=95 mt=R len=7
PKT t=29334 TX ua=95 mt=P len=0
PKT t=29358 RX ua=95 mt=R len=7
PKT t=29363 TX ua=95 mt=T len=7
PKT t=29376 TX ua=95 mt=P len=0
PKT t=29386 RX ua=95 mt=R len=7
PKT t=29391 TX ua=95 mt=P len=0
PKT t=29401 RX ua=95 mt=R len=7
PKT t=29406 TX ua=95 mt=P len=0
PKT t=29416 RX ua=95 mt=R len=7
PKT t=29421 TX ua=95 mt=P len=0
PKT t=29431 RX ua=95 mt=R len=7
PKT t=29436 TX ua=95 mt=P len=0
PKT t=29465 RX ua=95 mt=R len=7
PKT t=29470 TX ua=95 mt=P len=0
PKT t=29480 RX ua=95 mt=R len=7
PKT t=29485 TX ua=95 mt=P len=0
PKT t=29495 RX ua=95 mt=R len=7
PKT t=29500 TX ua=95 mt=P len=0
PKT t=29510 RX ua=95 mt=R len=7
PKT t=29515 TX ua=95 mt=P len=0
PKT t=29525 RX ua=95 mt=R len=7
PKT t=29530 TX ua=95 mt=P len=0
PKT t=29540 RX ua=95 mt=R len=7
PKT t=29545 TX ua=95 mt=P len=0
PKT t=29574 RX ua=95 mt=R len=7
PKT t=29579 TX ua=95 mt=P len=0
PKT t=29589 RX ua=95 mt=R len=7
PKT t=29594 TX ua=95 mt=P len=0
PKT t=29604 RX ua=95 mt=R len=7
PKT t=29609 TX ua=95 mt=T len=7
PKT t=29622 TX ua=95 mt=P len=0
PKT t=29631 RX ua=95 mt=R len=7
PKT t=29636 TX ua=95 mt=P len=0
PKT t=29645 RX ua=95 mt=R len=7
PKT t=29654 TX ua=95 mt=P len=0
PKT t=29679 RX ua=95 mt=R len=7
PKT t=29684 TX ua=95 mt=P len=0
PKT t=29693 RX ua=95 mt=R len=7
PKT t=29698 TX ua=95 mt=P len=0
PKT t=29707 RX ua=95 mt=R len=7
PKT t=29712 TX ua=95 mt=P len=0
PKT t=29721 RX ua=95 mt=R len=7
PKT t=29726 TX ua=95 mt=P len=0
PKT t=29735 RX ua=95 mt=R len=7
PKT t=29740 TX ua=95 mt=P len=0
PKT t=29749 RX ua=95 mt=R len=7
PKT t=29754 TX ua=95 mt=P len=0
PKT t=29783 RX ua=95 mt=R len=7
PKT t=29788 TX ua=95 mt=P len=0
PKT t=29797 RX ua=95 mt=R len=7
PKT t=29802 TX ua=95 mt=P len=0
PKT t=29814 RX ua=95 mt=R len=7
PKT t=29819 TX ua=95 mt=P len=0
PKT t=29829 RX ua=95 mt=R len=7
PKT t=29834 TX ua=95 mt=P len=0
PKT t=29843 RX ua=95 mt=R len=7
PKT t=29848 TX ua=95 mt=T len=7
PKT t=29861 TX ua=95 mt=P len=0
PKT t=29889 RX ua=95 mt=R len=7
PKT t=29894 TX ua=95 mt=P len=0
PKT t=29903 RX ua=95 mt=R len=7
PKT t=29908 TX ua=95 mt=P len=0
PKT t=29917 RX ua=95 mt=R len=7
PKT t=29922 TX ua=95 mt=P len=0
PKT t=29931 RX ua=95 mt=R len=7
PKT t=29936 TX ua=95 mt=P len=0
PKT t=29945 RX ua=95 mt=R len=7
PKT t=29950 TX ua=95 mt=P len=0
PKT t=29959 RX ua=95 mt=R len=7
PKT t=29964 TX ua=95 mt=P len=0
PKT t=29993 RX ua=95 mt=R len=7
PKT t=29998 TX ua=95 mt=P len=0
PKT t=30007 RX ua=95 mt=R len=7
PKT t=30012 TX ua=95 mt=P len=0
PKT t=30021 RX ua=95 mt=R len=7
PKT t=30026 TX ua=95 mt=P len=0
PKT t=30035 RX ua=95 mt=R len=7
PKT t=30040 TX ua=95 mt=P len=0
PKT t=30049 RX ua=95 mt=R len=7
PKT t=30054 TX ua=95 mt=P len=0
PKT t=30063 RX ua=95 mt=R len=7
PKT t=30068 TX ua=95 mt=P len=0
PKT t=30097 RX ua=95 mt=R len=7
PKT t=30102 TX ua=95 mt=T len=7
PKT t=30114 TX ua=95 mt=P len=0
PKT t=30123 RX ua=95 mt=R len=7
PKT t=30134 TX ua=95 mt=P len=0
PKT t=30143 RX ua=95 mt=R len=7
PKT t=30148 TX ua=95 mt=P len=0
PKT t=30157 RX ua=95 mt=R len=7
PKT t=30162 TX ua=95 mt=P len=0
PKT t=30171 RX ua=95 mt=R len=7
PKT t=30176 TX ua=95 mt=P len=0
PKT t=30205 RX ua=95 mt=R len=7
PKT t=30210 TX ua=95 mt=P len=0
PKT t=30219 RX ua=95 mt=R len=7
PKT t=30224 TX ua=95 mt=P len=0
PKT t=30233 RX ua=95 mt=R len=7
PKT t=30238 TX ua=95 mt=P len=0
PKT t=30247 RX ua=95 mt=R len=7
PKT t=30252 TX ua=95 mt=P len=0
PKT t=30261 RX ua=95 mt=R len=7
PKT t=30266 TX ua=95 mt=P len=0
PKT t=30275 RX ua=95 mt=R len=7
PKT t=30280 TX ua=95 mt=P len=0
PKT t=30309 RX ua=95 mt=R len=7
PKT t=30314 TX ua=95 mt=P len=0
PKT t=30323 RX ua=95 mt=R len=7
PKT t=30328 TX ua=95 mt=P len=0
PKT t=30337 RX ua=95 mt=R len=7
PKT t=30342 TX ua=95 mt=P len=0
PKT t=30351 RX ua=95 mt=R len=7
PKT t=30356 TX ua=95 mt=T len=7
PKT t=30368 TX ua=95 mt=P len=0
PKT t=30377 RX ua=95 mt=R len=7
PKT t=30382 TX ua=95 mt=P len=0
PKT t=30411 RX ua=95 mt=R len=7
PKT t=30416 TX ua=95 mt=P len=0
PKT t=30425 RX ua=95 mt=R len=7
PKT t=30430 TX ua=95 mt=P len=0
PKT t=30439 RX ua=95 mt=R len=7
PKT t=30444 TX ua=95 mt=P len=0
PKT t=30454 RX ua=95 mt=R len=7
PKT t=30459 TX ua=95 mt=P len=0
PKT t=30468 RX ua=95 mt=R len=7
PKT t=30473 TX ua=95 mt=P len=0
PKT t=30482 RX ua=95 mt=R len=7
PKT t=30487 TX ua=95 mt=P len=0
PKT t=30516 RX ua=95 mt=R len=7
PKT t=30521 TX ua=95 mt=P len=0
PKT t=30530 RX ua=95 mt=R len=7
PKT t=30535 TX ua=95 mt=P len=0
PKT t=30544 RX ua=95 mt=R len=7
PKT t=30549 TX ua=95 mt=P len=0
PKT t=30558 RX ua=95 mt=R len=7
PKT t=30563 TX ua=95 mt=P len=0
PKT t=30572 RX ua=95 mt=R len=7
PKT t=30577 TX ua=95 mt=P len=0
PKT t=30586 RX ua=95 mt=R len=7
PKT t=30591 TX ua=95 mt=P len=0
PKT t=30620 RX ua=95 mt=R len=7
PKT t=30625 TX ua=95 mt=T len=7
PKT t=30637 TX ua=95 mt=P len=0
PKT t=30646 RX ua=95 mt=R len=7
PKT t=30651 TX ua=95 mt=P len=0
PKT t=30660 RX ua=95 mt=R len=7
PKT t=30665 TX ua=95 mt=P len=0
PKT t=30674 RX ua=95 mt=R len=7
PKT t=30679 TX ua=95 mt=P len=0
PKT t=30688 RX ua=95 mt=R len=7
PKT t=30693 TX ua=95 mt=P len=0
PKT t=30722 RX ua=95 mt=R len=7
PKT t=30727 TX ua=95 mt=P len=0
PKT t=30736 RX ua=95 mt=R len=7
PKT t=30741 TX ua=95 mt=P len=0
PKT t=30750 RX ua=95 mt=R len=7
PKT t=30755 TX ua=95 mt=P len=0
PKT t=30764 RX ua=95 mt=R len=7
PKT t=30774 TX ua=95 mt=P len=0
PKT t=30783 RX ua=95 mt=R len=7
PKT t=30788 TX ua=95 mt=P len=0
PKT t=30821 RX ua=95 mt=R len=7
PKT t=30826 TX ua=95 mt=P len=0
PKT t=30835 RX ua=95 mt=R len=7
PKT t=30840 TX ua=95 mt=P len=0
PKT t=30849 RX ua=95 mt=R len=7
PKT t=30854 TX ua=95 mt=T len=7
PKT t=30866 TX ua=95 mt=P len=0
PKT t=30875 RX ua=95 mt=R len=7
PKT t=30880 TX ua=95 mt=P len=0
PKT t=30889 RX ua=95 mt=R len=7
PKT t=30894 TX ua=95 mt=P len=0
PKT t=30923 RX ua=95 mt=R len=7
PKT t=30934 TX ua=95 mt=P len=0
PKT t=30943 RX ua=95 mt=R len=7
PKT t=30948 TX ua=95 mt=P len=0
PKT t=30957 RX ua=95 mt=R len=7
PKT t=30962 TX ua=95 mt=P len=0
PKT t=30971 RX ua=95 mt=R len=7
PKT t=30976 TX ua=95 mt=P len=0
PKT t=30985 RX ua=95 mt=R len=7
PKT t=30990 TX ua=95 mt=P len=0
PKT t=31023 RX ua=95 mt=R len=7
PKT t=31027 TX ua=95 mt=P len=0
PKT t=31036 RX ua=95 mt=R len=7
PKT t=31041 TX ua=95 mt=P len=0
PKT t=31050 RX ua=95 mt=R len=7
PKT t=31055 TX ua=95 mt=P len=0
PKT t=31064 RX ua=95 mt=R len=7
PKT t=31069 TX ua=95 mt=P len=0
PKT t=31078 RX ua=95 mt=R len=7
PKT t=31083 TX ua=95 mt=P len=0
PKT t=31094 RX ua=95 mt=R len=7
PKT t=31099 TX ua=95 mt=T len=7
PKT t=31111 TX ua=95 mt=P len=0
PKT t=31128 RX ua=95 mt=R len=7
PKT t=31133 TX ua=95 mt=P len=0
PKT t=31142 RX ua=95 mt=R len=7
PKT t=31147 TX ua=95 mt=P len=0
PKT t=31156 RX ua=95 mt=R len=7
PKT t=31161 TX ua=95 mt=P len=0
PKT t=31170 RX ua=95 mt=R len=7
PKT t=31175 TX ua=95 mt=P len=0
PKT t=31184 RX ua=95 mt=R len=7
PKT t=31189 TX ua=95 mt=P len=0
PKT t=31198 RX ua=95 mt=R len=7
PKT t=31203 TX ua=95 mt=P len=0
PKT t=31232 RX ua=95 mt=R len=7
PKT t=31237 TX ua=95 mt=P len=0
PKT t=31246 RX ua=95 mt=R len=7
PKT t=31254 TX ua=95 mt=P len=0
PKT t=31263 RX ua=95 mt=R len=7
PKT t=31268 TX ua=95 mt=P len=0
PKT t=31277 RX ua=95 mt=R len=7
PKT t=31282 TX ua=95 mt=P len=0
PKT t=31291 RX ua=95 mt=R len=7
PKT t=31296 TX ua=95 mt=P len=0
PKT t=31305 RX ua=95 mt=R len=7
PKT t=31310 TX ua=95 mt=P len=0
PKT t=31339 RX ua=95 mt=R len=7
PKT t=31344 TX ua=95 mt=P len=0
PKT t=31353 RX ua=95 mt=R len=7
PKT t=31358 TX ua=95 mt=T len=7
PKT t=31370 TX ua=95 mt=P len=0
PKT t=31380 RX ua=95 mt=R len=7
PKT t=31385 TX ua=95 mt=P len=0
PKT t=31395 RX ua=95 mt=R len=7
PKT t=31400 TX ua=95 mt=P len=0
PKT t=31414 RX ua=95 mt=R len=7
PKT t=31419 TX ua=95 mt=P len=0
PKT t=31444 RX ua=95 mt=R len=7
PKT t=31449 TX ua=95 mt=P len=0
PKT t=31459 RX ua=95 mt=R len=7
PKT t=31464 TX ua=95 mt=P len=0
PKT t=31474 RX ua=95 mt=R len=7
PKT t=31479 TX ua=95 mt=P len=0
PKT t=31489 RX ua=95 mt=R len=7
PKT t=31494 TX ua=95 mt=P len=0
PKT t=31504 RX ua=95 mt=R len=7
PKT t=31509 TX ua=95 mt=P len=0
PKT t=31519 RX ua=95 mt=R len=7
PKT t=31524 TX ua=95 mt=P len=0
PKT t=31553 RX ua=95 mt=R len=7
PKT t=31558 TX ua=95 mt=P len=0
PKT t=31574 RX ua=95 mt=R len=7
PKT t=31579 TX ua=95 mt=P len=0
PKT t=31589 RX ua=95 mt=R len=7
PKT t=31594 TX ua=95 mt=P len=0
PKT t=31604 RX ua=95 mt=R len=7
PKT t=31609 TX ua=95 mt=T len=7
PKT t=31621 TX ua=95 mt=P len=0
PKT t=31652 RX ua=95 mt=R len=7
PKT t=31657 TX ua=95 mt=P len=0
PKT t=31666 RX ua=95 mt=R len=7
PKT t=31671 TX ua=95 mt=P len=0
PKT t=31680 RX ua=95 mt=R len=7
PKT t=31685 TX ua=95 mt=P len=0
PKT t=31694 RX ua=95 mt=R len=7
PKT t=31699 TX ua=95 mt=P len=0
PKT t=31708 RX ua=95 mt=R len=7
PKT t=31713 TX ua=95 mt=P len=0
PKT t=31722 RX ua=95 mt=R len=7
PKT t=31727 TX ua=95 mt=P len=0
PKT t=31756 RX ua=95 mt=R len=7
PKT t=31761 TX ua=95 mt=P len=0
PKT t=31770 RX ua=95 mt=R len=7
PKT t=31775 TX ua=95 mt=P len=0
PKT t=31784 RX ua=95 mt=R len=7
PKT t=31789 TX ua=95 mt=P len=0
PKT t=31798 RX ua=95 mt=R len=7
PKT t=31803 TX ua=95 mt=P len=0
PKT t=31812 RX ua=95 mt=R len=7
PKT t=31817 TX ua=95 mt=P len=0
PKT t=31826 RX ua=95 mt=R len=7
PKT t=31831 TX ua=95 mt=P len=0
PKT t=31860 RX ua=95 mt=R len=7
PKT t=31865 TX ua=95 mt=T len=7
PKT t=31877 TX ua=95 mt=P len=0
PKT t=31886 RX ua=95 mt=R len=7
PKT t=31894 TX ua=95 mt=P len=0
PKT t=31903 RX ua=95 mt=R len=7
PKT t=31908 TX ua=95 mt=P len=0
PKT t=31917 RX ua=95 mt=R len=7
PKT t=31922 TX ua=95 mt=P len=0
PKT t=31931 RX ua=95 mt=R len=7
PKT t=31936 TX ua=95 mt=P len=0
PKT t=31965 RX ua=95 mt=R len=7
PKT t=31970 TX ua=95 mt=P len=0
PKT t=31979 RX ua=95 mt=R len=7
PKT t=31984 TX ua=95 mt=P len=0
PKT t=31993 RX ua=95 mt=R len=7
PKT t=31998 TX ua=95 mt=P len=0
PKT t=32007 RX ua=95 mt=R len=7
PKT t=32012 TX ua=95 mt=P len=0
PKT t=32021 RX ua=95 mt=R len=7
PKT t=32026 TX ua=95 mt=P len=0
PKT t=32035 RX ua=95 mt=R len=7
PKT t=32040 TX ua=95 mt=P len=0
PKT t=32069 RX ua=95 mt=R len=7
PKT t=32074 TX ua=95 mt=P len=0
PKT t=32083 RX ua=95 mt=R len=7
PKT t=32088 TX ua=95 mt=P len=0
PKT t=32097 RX ua=95 mt=R len=7
PKT t=32102 TX ua=95 mt=T len=7
PKT t=32114 TX ua=95 mt=P len=0
PKT t=32123 RX ua=95 mt=R len=7
PKT t=32128 TX ua=95 mt=P len=0
PKT t=32137 RX ua=95 mt=R len=7
PKT t=32142 TX ua=95 mt=P len=0
PKT t=32171 RX ua=95 mt=R len=7
PKT t=32176 TX ua=95 mt=P len=0
PKT t=32185 RX ua=95 mt=R len=7
PKT t=32190 TX ua=95 mt=P len=0
PKT t=32199 RX ua=95 mt=R len=7
PKT t=32204 TX ua=95 mt=P len=0
PKT t=32214 RX ua=95 mt=R len=7
PKT t=32219 TX ua=95 mt=P len=0
PKT t=32228 RX ua=95 mt=R len=7
PKT t=32233 TX ua=95 mt=P len=0
PKT t=32242 RX ua=95 mt=R len=7
PKT t=32247 TX ua=95 mt=P len=0
PKT t=32276 RX ua=95 mt=R len=7
PKT t=32281 TX ua=95 mt=P len=0
PKT t=32290 RX ua=95 mt=R len=7
PKT t=32295 TX ua=95 mt=P len=0
PKT t=32304 RX ua=95 mt=R len=7
PKT t=32309 TX ua=95 mt=P len=0
PKT t=32318 RX ua=95 mt=R len=7
PKT t=32323 TX ua=95 mt=P len=0
PKT t=32332 RX ua=95 mt=R len=7
PKT t=32337 TX ua=95 mt=P len=0
PKT t=32346 RX ua=95 mt=R len=7
PKT t=32351 TX ua=95 mt=T len=7
PKT t=32363 TX ua=95 mt=P len=0
PKT t=32382 RX ua=95 mt=R len=7
PKT t=32387 TX ua=95 mt=P len=0
PKT t=32396 RX ua=95 mt=R len=7
PKT t=32401 TX ua=95 mt=P len=0
PKT t=32410 RX ua=95 mt=R len=7
PKT t=32415 TX ua=95 mt=P len=0
PKT t=32424 RX ua=95 mt=R len=7
PKT t=32429 TX ua=95 mt=P len=0
PKT t=32438 RX ua=95 mt=R len=7
PKT t=32443 TX ua=95 mt=P len=0
PKT t=32452 RX ua=95 mt=R len=7
PKT t=32457 TX ua=95 mt=P len=0
PKT t=32486 RX ua=95 mt=R len=7
PKT t=32491 TX ua=95 mt=P len=0
PKT t=32500 RX ua=95 mt=R len=7
PKT t=32505 TX ua=95 mt=P len=0
PKT t=32514 RX ua=95 mt=R len=7
PKT t=32519 TX ua=95 mt=P len=0
PKT t=32534 RX ua=95 mt=R len=7
PKT t=32539 TX ua=95 mt=P len=0
PKT t=32548 RX ua=95 mt=R len=7
PKT t=32553 TX ua=95 mt=P len=0
PKT t=32585 RX ua=95 mt=R len=7
PKT t=32590 TX ua=95 mt=P len=0
PKT t=32599 RX ua=95 mt=R len=7
PKT t=32604 TX ua=95 mt=T len=7
PKT t=32616 TX ua=95 mt=P len=0
PKT t=32625 RX ua=95 mt=R len=7
PKT t=32630 TX ua=95 mt=P len=0
PKT t=32639 RX ua=95 mt=R len=7
PKT t=32644 TX ua=95 mt=P len=0
PKT t=32653 RX ua=95 mt=R len=7
PKT t=32658 TX ua=95 mt=P len=0
PKT t=32694 RX ua=95 mt=R len=7
PKT t=32699 TX ua=95 mt=P len=0
PKT t=32708 RX ua=95 mt=R len=7
PKT t=32713 TX ua=95 mt=P len=0
PKT t=32722 RX ua=95 mt=R len=7
PKT t=32727 TX ua=95 mt=P len=0
PKT t=32736 RX ua=95 mt=R len=7
PKT t=32741 TX ua=95 mt=P len=0
PKT t=32750 RX ua=95 mt=R len=7
PKT t=32755 TX ua=95 mt=P len=0
PKT t=32786 RX ua=95 mt=R len=7
PKT t=32791 TX ua=95 mt=P len=0
PKT t=32800 RX ua=95 mt=R len=7
PKT t=32805 TX ua=95 mt=P len=0
PKT t=32814 RX ua=95 mt=R len=7
PKT t=32819 TX ua=95 mt=P len=0
PKT t=32828 RX ua=95 mt=R len=7
PKT t=32833 TX ua=95 mt=P len=0
PKT t=32842 RX ua=95 mt=R len=7
PKT t=32847 TX ua=95 mt=T len=7
PKT t=32862 TX ua=95 mt=P len=0
PKT t=32887 RX ua=95 mt=R len=7
PKT t=32892 TX ua=95 mt=P len=0
PKT t=32901 RX ua=95 mt=R len=7
PKT t=32906 TX ua=95 mt=P len=0
PKT t=32915 RX ua=95 mt=R len=7
PKT t=32920 TX ua=95 mt=P len=0
PKT t=32929 RX ua=95 mt=R len=7
PKT t=32934 TX ua=95 mt=P len=0
PKT t=32943 RX ua=95 mt=R len=7
PKT t=32948 TX ua=95 mt=P len=0
PKT t=32958 RX ua=95 mt=R len=7
PKT t=32963 TX ua=95 mt=P len=0
PKT t=32991 RX ua=95 mt=R len=7
PKT t=32996 TX ua=95 mt=P len=0
PKT t=33005 RX ua=95 mt=R len=7
PKT t=33014 TX ua=95 mt=P len=0
PKT t=33023 RX ua=95 mt=R len=7
PKT t=33028 TX ua=95 mt=P len=0
PKT t=33037 RX ua=95 mt=R len=7
PKT t=33042 TX ua=95 mt=P len=0
PKT t=33051 RX ua=95 mt=R len=7
PKT t=33056 TX ua=95 mt=P len=0
PKT t=33065 RX ua=95 mt=R len=7
PKT t=33070 TX ua=95 mt=P len=0
PKT t=33099 RX ua=95 mt=R len=7
PKT t=33104 TX ua=95 mt=T len=7
PKT t=33116 TX ua=95 mt=P len=0
PKT t=33126 RX ua=95 mt=R len=7
PKT t=33131 TX ua=95 mt=P len=0
PKT t=33140 RX ua=95 mt=R len=7
PKT t=33145 TX ua=95 mt=P len=0
PKT t=33154 RX ua=95 mt=R len=7
PKT t=33159 TX ua=95 mt=P len=0
PKT t=33174 RX ua=95 mt=R len=7
PKT t=33179 TX ua=95 mt=P len=0
PKT t=33202 RX ua=95 mt=R len=7
PKT t=33207 TX ua=95 mt=P len=0
PKT t=33216 RX ua=95 mt=R len=7
PKT t=33221 TX ua=95 mt=P len=0
PKT t=33230 RX ua=95 mt=R len=7
PKT t=33235 TX ua=95 mt=P len=0
PKT t=33244 RX ua=95 mt=R len=7
PKT t=33249 TX ua=95 mt=P len=0
PKT t=33258 RX ua=95 mt=R len=7
PKT t=33263 TX ua=95 mt=P len=0
PKT t=33272 RX ua=95 mt=R len=7
PKT t=33277 TX ua=95 mt=P len=0
PKT t=33306 RX ua=95 mt=R len=7
PKT t=33311 TX ua=95 mt=P len=0
PKT t=33320 RX ua=95 mt=R len=7
PKT t=33325 TX ua=95 mt=P len=0
PKT t=33334 RX ua=95 mt=R len=7
PKT t=33339 TX ua=95 mt=P len=0
PKT t=33348 RX ua=95 mt=R len=7
PKT t=33353 TX ua=95 mt=T len=7
PKT t=33365 TX ua=95 mt=P len=0
PKT t=33375 RX ua=95 mt=R len=7
PKT t=33380 TX ua=95 mt=P len=0
PKT t=33409 RX ua=95 mt=R len=7
PKT t=33414 TX ua=95 mt=P len=0
PKT t=33424 RX ua=95 mt=R len=7
PKT t=33429 TX ua=95 mt=P len=0
PKT t=33439 RX ua=95 mt=R len=7
PKT t=33444 TX ua=95 mt=P len=0
PKT t=33454 RX ua=95 mt=R len=7
PKT t=33459 TX ua=95 mt=P len=0
PKT t=33469 RX ua=95 mt=R len=7
PKT t=33474 TX ua=95 mt=P len=0
PKT t=33484 RX ua=95 mt=R len=7
PKT t=33494 TX ua=95 mt=P len=0
PKT t=33518 RX ua=95 mt=R len=7
PKT t=33523 TX ua=95 mt=P len=0
PKT t=33533 RX ua=95 mt=R len=7
PKT t=33538 TX ua=95 mt=P len=0
PKT t=33548 RX ua=95 mt=R len=7
PKT t=33553 TX ua=95 mt=P len=0
PKT t=33563 RX ua=95 mt=R len=7
PKT t=33568 TX ua=95 mt=P len=0
PKT t=33578 RX ua=95 mt=R len=7
PKT t=33583 TX ua=95 mt=P len=0
PKT t=33593 RX ua=95 mt=R len=7
PKT t=33598 TX ua=95 mt=T len=7
PKT t=33610 TX ua=95 mt=P len=0
PKT t=33628 RX ua=95 mt=R len=7
PKT t=33633 TX ua=95 mt=P len=0
PKT t=33642 RX ua=95 mt=R len=7
PKT t=33647 TX ua=95 mt=P len=0
PKT t=33656 RX ua=95 mt=R len=7
PKT t=33661 TX ua=95 mt=P len=0
PKT t=33670 RX ua=95 mt=R len=7
PKT t=33675 TX ua=95 mt=P len=0
PKT t=33684 RX ua=95 mt=R len=7
PKT t=33689 TX ua=95 mt=P len=0
PKT t=33698 RX ua=95 mt=R len=7
PKT t=33703 TX ua=95 mt=P len=0
PKT t=33732 RX ua=95 mt=R len=7
PKT t=33737 TX ua=95 mt=P len=0
PKT t=33746 RX ua=95 mt=R len=7
PKT t=33751 TX ua=95 mt=P len=0
PKT t=33760 RX ua=95 mt=R len=7
PKT t=33765 TX ua=95 mt=P len=0
PKT t=33774 RX ua=95 mt=R len=7
PKT t=33779 TX ua=95 mt=P len=0
PKT t=33788 RX ua=95 mt=R len=7
PKT t=33793 TX ua=95 mt=P len=0
PKT t=33802 RX ua=95 mt=R len=7
PKT t=33807 TX ua=95 mt=P len=0
PKT t=33836 RX ua=95 mt=R len=7
PKT t=33841 TX ua=95 mt=P len=0
PKT t=33850 RX ua=95 mt=R len=7
PKT t=33855 TX ua=95 mt=T len=7
PKT t=33867 TX ua=95 mt=P len=0
PKT t=33876 RX ua=95 mt=R len=7
PKT t=33881 TX ua=95 mt=P len=0
PKT t=33890 RX ua=95 mt=R len=7
PKT t=33895 TX ua=95 mt=P len=0
PKT t=33904 RX ua=95 mt=R len=7
PKT t=33909 TX ua=95 mt=P len=0
PKT t=33938 RX ua=95 mt=R len=7
PKT t=33943 TX ua=95 mt=P len=0
PKT t=33952 RX ua=95 mt=R len=7
PKT t=33957 TX ua=95 mt=P len=0
PKT t=33966 RX ua=95 mt=R len=7
PKT t=33974 TX ua=95 mt=P len=0
PKT t=33983 RX ua=95 mt=R len=7
PKT t=33988 TX ua=95 mt=P len=0
PKT t=33997 RX ua=95 mt=R len=7
PKT t=34002 TX ua=95 mt=P len=0
PKT t=34011 RX ua=95 mt=R len=7
PKT t=34016 TX ua=95 mt=P len=0
PKT t=34045 RX ua=95 mt=R len=7
PKT t=34050 TX ua=95 mt=P len=0
PKT t=34059 RX ua=95 mt=R len=7
PKT t=34064 TX ua=95 mt=P len=0
PKT t=34073 RX ua=95 mt=R len=7
PKT t=34078 TX ua=95 mt=P len=0
PKT t=34087 RX ua=95 mt=R len=7
PKT t=34092 TX ua=95 mt=P len=0
PKT t=34101 RX ua=95 mt=R len=7
PKT t=34106 TX ua=95 mt=T len=7
PKT t=34119 TX ua=95 mt=P len=0
PKT t=34146 RX ua=95 mt=R len=7
PKT t=34151 TX ua=95 mt=T len=7
PKT t=34164 TX ua=95 mt=P len=0
PKT t=34173 RX ua=95 mt=R len=7
PKT t=34178 TX ua=95 mt=P len=0
PKT t=34187 RX ua=95 mt=R len=7
PKT t=34192 TX ua=95 mt=P len=0
PKT t=34201 RX ua=95 mt=R len=7
PKT t=34206 TX ua=95 mt=P len=0
PKT t=34215 RX ua=95 mt=R len=7
PKT t=34220 TX ua=95 mt=P len=0
PKT t=34254 RX ua=95 mt=R len=7
PKT t=34259 TX ua=95 mt=P len=0
PKT t=34268 RX ua=95 mt=R len=7
PKT t=34273 TX ua=95 mt=P len=0
PKT t=34282 RX ua=95 mt=R len=7
PKT t=34287 TX ua=95 mt=P len=0
PKT t=34296 RX ua=95 mt=R len=7
PKT t=34301 TX ua=95 mt=P len=0
PKT t=34310 RX ua=95 mt=R len=7
PKT t=34315 TX ua=95 mt=P len=0
PKT t=34349 RX ua=95 mt=R len=7
PKT t=34354 TX ua=95 mt=T len=7
PKT t=34367 TX ua=95 mt=P len=0
PKT t=34376 RX ua=95 mt=R len=7
PKT t=34381 TX ua=95 mt=P len=0
PKT t=34390 RX ua=95 mt=R len=7
PKT t=34395 TX ua=95 mt=P len=0
PKT t=34404 RX ua=95 mt=R len=7
PKT t=34409 TX ua=95 mt=P len=0
PKT t=34418 RX ua=95 mt=R len=7
PKT t=34423 TX ua=95 mt=P len=0
PKT t=34454 RX ua=95 mt=R len=7
PKT t=34459 TX ua=95 mt=P len=0
PKT t=34468 RX ua=95 mt=R len=7
PKT t=34473 TX ua=95 mt=P len=0
PKT t=34482 RX ua=95 mt=R len=7
PKT t=34487 TX ua=95 mt=P len=0
PKT t=34496 RX ua=95 mt=R len=7
PKT t=34501 TX ua=95 mt=P len=0
PKT t=34510 RX ua=95 mt=R len=7
PKT t=34515 TX ua=95 mt=P len=0
PKT t=34524 RX ua=95 mt=R len=7
PKT t=34529 TX ua=95 mt=P len=0
PKT t=34558 RX ua=95 mt=R len=7
PKT t=34563 TX ua=95 mt=P len=0
PKT t=34572 RX ua=95 mt=R len=7
PKT t=34577 TX ua=95 mt=P len=0
PKT t=34586 RX ua=95 mt=R len=7
PKT t=34591 TX ua=95 mt=P len=0
PKT t=34600 RX ua=95 mt=R len=7
PKT t=34605 TX ua=95 mt=T len=7
PKT t=34621 TX ua=95 mt=P len=0
PKT t=34630 RX ua=95 mt=R len=7
PKT t=34635 TX ua=95 mt=P len=0
PKT t=34664 RX ua=95 mt=R len=7
PKT t=34669 TX ua=95 mt=P len=0
PKT t=34678 RX ua=95 mt=R len=7
PKT t=34683 TX ua=95 mt=P len=0
PKT t=34692 RX ua=95 mt=R len=7
PKT t=34697 TX ua=95 mt=P len=0
PKT t=34706 RX ua=95 mt=R len=7
PKT t=34711 TX ua=95 mt=P len=0
PKT t=34720 RX ua=95 mt=R len=7
PKT t=34725 TX ua=95 mt=P len=0
PKT t=34734 RX ua=95 mt=R len=7
PKT t=34739 TX ua=95 mt=P len=0
PKT t=34774 RX ua=95 mt=R len=7
PKT t=34779 TX ua=95 mt=P len=0
PKT t=34788 RX ua=95 mt=R len=7
PKT t=34793 TX ua=95 mt=P len=0
PKT t=34802 RX ua=95 mt=R len=7
PKT t=34807 TX ua=95 mt=P len=0
PKT t=34816 RX ua=95 mt=R len=7
PKT t=34821 TX ua=95 mt=P len=0
PKT t=34830 RX ua=95 mt=R len=7
PKT t=34835 TX ua=95 mt=P len=0
PKT t=34867 RX ua=95 mt=R len=7
PKT t=34872 TX ua=95 mt=T len=7
PKT t=34885 TX ua=95 mt=P len=0
PKT t=34894 RX ua=95 mt=R len=7
PKT t=34899 TX ua=95 mt=P len=0
PKT t=34908 RX ua=95 mt=R len=7
PKT t=34913 TX ua=95 mt=P len=0
PKT t=34922 RX ua=95 mt=R len=7
PKT t=34927 TX ua=95 mt=P len=0
PKT t=34936 RX ua=95 mt=R len=7
PKT t=34941 TX ua=95 mt=P len=0
PKT t=34970 RX ua=95 mt=R len=7
PKT t=34975 TX ua=95 mt=P len=0
PKT t=34984 RX ua=95 mt=R len=7
PKT t=34989 TX ua=95 mt=P len=0
PKT t=34998 RX ua=95 mt=R len=7
PKT t=35003 TX ua=95 mt=P len=0
PKT t=35012 RX ua=95 mt=R len=7
PKT t=35017 TX ua=95 mt=P len=0
PKT t=35026 RX ua=95 mt=R len=7
PKT t=35031 TX ua=95 mt=P len=0
PKT t=35040 RX ua=95 mt=R len=7
PKT t=35045 TX ua=95 mt=P len=0
PKT t=35074 RX ua=95 mt=R len=7
PKT t=35079 TX ua=95 mt=P len=0
PKT t=35094 RX ua=95 mt=R len=7
PKT t=35099 TX ua=95 mt=T len=7
PKT t=35111 TX ua=95 mt=P len=0
PKT t=35120 RX ua=95 mt=R len=7
PKT t=35125 TX ua=95 mt=P len=0
PKT t=35134 RX ua=95 mt=R len=7
PKT t=35139 TX ua=95 mt=P len=0
PKT t=35148 RX ua=95 mt=R len=7
PKT t=35153 TX ua=95 mt=P len=0
PKT t=35182 RX ua=95 mt=R len=7
PKT t=35187 TX ua=95 mt=P len=0
PKT t=35196 RX ua=95 mt=R len=7
PKT t=35201 TX ua=96 mt=P len=0
PKT t=35459 TX ua=95 mt=P len=0
PKT t=35468 RX ua=95 mt=R len=7
PKT t=35473 TX ua=95 mt=T len=7
PKT t=35485 TX ua=95 mt=P len=0
PKT t=35495 RX ua=95 mt=R len=7
PKT t=35500 TX ua=95 mt=P len=0
PKT t=35510 RX ua=95 mt=R len=7
PKT t=35515 TX ua=95 mt=P len=0
PKT t=35525 RX ua=95 mt=R len=7
PKT t=35530 TX ua=95 mt=P len=0
PKT t=35540 RX ua=95 mt=R len=7
PKT t=35545 TX ua=95 mt=P len=0
PKT t=35555 RX ua=95 mt=R len=7
PKT t=35560 TX ua=95 mt=P len=0
PKT t=35589 RX ua=95 mt=R len=7
PKT t=35594 TX ua=95 mt=P len=0
PKT t=35604 RX ua=95 mt=R len=7
PKT t=35609 TX ua=95 mt=T len=7
PKT t=35621 TX ua=95 mt=P len=0
PKT t=35630 RX ua=95 mt=R len=7
PKT t=35635 TX ua=95 mt=P len=0
PKT t=35644 RX ua=95 mt=R len=7
PKT t=35649 TX ua=95 mt=P len=0
PKT t=35658 RX ua=95 mt=R len=7
PKT t=35663 TX ua=95 mt=P len=0
PKT t=35692 RX ua=95 mt=R len=7
PKT t=35697 TX ua=95 mt=P len=0
PKT t=35706 RX ua=95 mt=R len=7
PKT t=35711 TX ua=95 mt=P len=0
PKT t=35720 RX ua=95 mt=R len=7
PKT t=35725 TX ua=95 mt=P len=0
PKT t=35734 RX ua=95 mt=R len=7
PKT t=35739 TX ua=95 mt=P len=0
PKT t=35748 RX ua=95 mt=R len=7
PKT t=35753 TX ua=95 mt=P len=0
PKT t=35762 RX ua=95 mt=R len=7
PKT t=35767 TX ua=95 mt=P len=0
PKT t=35796 RX ua=95 mt=R len=7
PKT t=35801 TX ua=95 mt=P len=0
PKT t=35810 RX ua=95 mt=R len=7
PKT t=35815 TX ua=95 mt=P len=0
PKT t=35824 RX ua=95 mt=R len=7
PKT t=35829 TX ua=95 mt=P len=0
PKT t=35838 RX ua=95 mt=R len=7
PKT t=35843 TX ua=95 mt=P len=0
PKT t=35852 RX ua=95 mt=R len=7
PKT t=35857 TX ua=95 mt=T len=7
PKT t=35869 TX ua=95 mt=P len=0
PKT t=35897 RX ua=95 mt=R len=7
PKT t=35902 TX ua=95 mt=P len=0
PKT t=35911 RX ua=95 mt=R len=7
PKT t=35916 TX ua=95 mt=P len=0
PKT t=35925 RX ua=95 mt=R len=7
PKT t=35930 TX ua=95 mt=P len=0
PKT t=35939 RX ua=95 mt=R len=7
PKT t=35944 TX ua=95 mt=P len=0
PKT t=35953 RX ua=95 mt=R len=7
PKT t=35958 TX ua=95 mt=P len=0
PKT t=35967 RX ua=95 mt=R len=7
PKT t=35972 TX ua=95 mt=P len=0
PKT t=36001 RX ua=95 mt=R len=7
PKT t=36006 TX ua=95 mt=P len=0
PKT t=36015 RX ua=95 mt=R len=7
PKT t=36022 TX ua=95 mt=P len=0
PKT t=36031 RX ua=95 mt=R len=7
PKT t=36036 TX ua=95 mt=P len=0
PKT t=36045 RX ua=95 mt=R len=7
PKT t=36054 TX ua=95 mt=P len=0
PKT t=36063 RX ua=95 mt=R len=7
PKT t=36068 TX ua=95 mt=P len=0
PKT t=36100 RX ua=95 mt=R len=7
PKT t=36105 TX ua=95 mt=T len=7
PKT t=36117 TX ua=95 mt=P len=0
PKT t=36126 RX ua=95 mt=R len=7
PKT t=36131 TX ua=95 mt=P len=0
PKT t=36140 RX ua=95 mt=R len=7
PKT t=36145 TX ua=95 mt=P len=0
PKT t=36154 RX ua=95 mt=R len=7
PKT t=36159 TX ua=95 mt=P len=0
PKT t=36168 RX ua=95 mt=R len=7
PKT t=36173 TX ua=95 mt=P len=0
PKT t=36202 RX ua=95 mt=R len=7
PKT t=36207 TX ua=95 mt=P len=0
PKT t=36216 RX ua=95 mt=R len=7
PKT t=36221 TX ua=95 mt=P len=0
PKT t=36230 RX ua=95 mt=R len=7
PKT t=36235 TX ua=95 mt=P len=0
PKT t=36244 RX ua=95 mt=R len=7
PKT t=36249 TX ua=95 mt=P len=0
PKT t=36258 RX ua=95 mt=R len=7
PKT t=36263 TX ua=95 mt=P len=0
PKT t=36272 RX ua=95 mt=R len=7
PKT t=36277 TX ua=95 mt=P len=0
PKT t=36306 RX ua=95 mt=R len=7
PKT t=36311 TX ua=95 mt=P len=0
PKT t=36320 RX ua=95 mt=R len=7
PKT t=36325 TX ua=95 mt=P len=0
PKT t=36334 RX ua=95 mt=R len=7
PKT t=36339 TX ua=95 mt=P len=0
PKT t=36348 RX ua=95 mt=R len=7
PKT t=36353 TX ua=95 mt=T len=7
PKT t=36365 TX ua=95 mt=P len=0
PKT t=36374 RX ua=95 mt=R len=7
PKT t=36379 TX ua=95 mt=P len=0
PKT t=36408 RX ua=95 mt=R len=7
PKT t=36413 TX ua=95 mt=P len=0
PKT t=36422 RX ua=95 mt=R len=7
PKT t=36427 TX ua=95 mt=P len=0
PKT t=36436 RX ua=95 mt=R len=7
PKT t=36441 TX ua=95 mt=P len=0
PKT t=36450 RX ua=95 mt=R len=7
PKT t=36455 TX ua=95 mt=P len=0
PKT t=36464 RX ua=95 mt=R len=7
PKT t=36469 TX ua=95 mt=P len=0
PKT t=36478 RX ua=95 mt=R len=7
PKT t=36483 TX ua=95 mt=P len=0
PKT t=36512 RX ua=95 mt=R len=7
PKT t=36517 TX ua=95 mt=P len=0
PKT t=36526 RX ua=95 mt=R len=7
PKT t=36534 TX ua=95 mt=P len=0
PKT t=36543 RX ua=95 mt=R len=7
PKT t=36548 TX ua=95 mt=P len=0
PKT t=36557 RX ua=95 mt=R len=7
PKT t=36562 TX ua=95 mt=P len=0
PKT t=36571 RX ua=95 mt=R len=7
PKT t=36576 TX ua=95 mt=P len=0
PKT t=36585 RX ua=95 mt=R len=7
PKT t=36590 TX ua=95 mt=P len=0
PKT t=36619 RX ua=95 mt=R len=7
PKT t=36624 TX ua=95 mt=T len=7
PKT t=36636 TX ua=95 mt=P len=0
PKT t=36645 RX ua=95 mt=R len=7
PKT t=36650 TX ua=95 mt=P len=0
PKT t=36659 RX ua=95 mt=R len=7
PKT t=36664 TX ua=95 mt=P len=0
PKT t=36673 RX ua=95 mt=R len=7
PKT t=36678 TX ua=95 mt=P len=0
PKT t=36694 RX ua=95 mt=R len=7
PKT t=36699 TX ua=95 mt=P len=0
PKT t=36721 RX ua=95 mt=R len=7
PKT t=36726 TX ua=95 mt=P len=0
PKT t=36735 RX ua=95 mt=R len=7
PKT t=36740 TX ua=95 mt=P len=0
PKT t=36749 RX ua=95 mt=R len=7
PKT t=36754 TX ua=95 mt=P len=0
PKT t=36763 RX ua=95 mt=R len=7
PKT t=36768 TX ua=95 mt=P len=0
PKT t=36777 RX ua=95 mt=R len=7
PKT t=36782 TX ua=95 mt=P len=0
PKT t=36791 RX ua=95 mt=R len=7
PKT t=36796 TX ua=95 mt=P len=0
PKT t=36825 RX ua=95 mt=R len=7
PKT t=36830 TX ua=95 mt=P len=0
PKT t=36839 RX ua=95 mt=R len=7
PKT t=36844 TX ua=95 mt=P len=0
PKT t=36854 RX ua=95 mt=R len=7
PKT t=36859 TX ua=95 mt=T len=7
PKT t=36871 TX ua=95 mt=P len=0
PKT t=36880 RX ua=95 mt=R len=7
PKT t=36885 TX ua=95 mt=P len=0
PKT t=36894 RX ua=95 mt=R len=7
PKT t=36899 TX ua=95 mt=P len=0
PKT t=36928 RX ua=95 mt=R len=7
PKT t=36933 TX ua=95 mt=P len=0
PKT t=36942 RX ua=95 mt=R len=7
PKT t=36947 TX ua=95 mt=P len=0
PKT t=36956 RX ua=95 mt=R len=7
PKT t=36961 TX ua=95 mt=P len=0
PKT t=36970 RX ua=95 mt=R len=7
PKT t=36975 TX ua=95 mt=P len=0
PKT t=36984 RX ua=95 mt=R len=7
PKT t=36989 TX ua=95 mt=P len=0
PKT t=36998 RX ua=95 mt=R len=7
PKT t=37003 TX ua=95 mt=P len=0
PKT t=37032 RX ua=95 mt=R len=7
PKT t=37037 TX ua=95 mt=P len=0
PKT t=37046 RX ua=95 mt=R len=7
PKT t=37051 TX ua=95 mt=P len=0
PKT t=37060 RX ua=95 mt=R len=7
PKT t=37065 TX ua=95 mt=P len=0
PKT t=37074 RX ua=95 mt=R len=7
PKT t=37079 TX ua=95 mt=P len=0
PKT t=37088 RX ua=95 mt=R len=7
PKT t=37093 TX ua=95 mt=P len=0
PKT t=37102 RX ua=95 mt=R len=7
PKT t=37107 TX ua=95 mt=T len=7
PKT t=37120 TX ua=95 mt=P len=0
PKT t=37138 RX ua=95 mt=R len=7
PKT t=37143 TX ua=95 mt=P len=0
PKT t=37152 RX ua=95 mt=R len=7
PKT t=37157 TX ua=95 mt=P len=0
PKT t=37166 RX ua=95 mt=R len=7
PKT t=37174 TX ua=95 mt=P len=0
PKT t=37183 RX ua=95 mt=R len=7
PKT t=37188 TX ua=95 mt=P len=0
PKT t=37197 RX ua=95 mt=R len=7
PKT t=37202 TX ua=95 mt=P len=0
PKT t=37235 RX ua=95 mt=R len=7
PKT t=37240 TX ua=95 mt=P len=0
