PKT t=7130 RX ua=95 mt=R len=7
PKT t=7135 TX ua=95 mt=T len=7
PKT t=7147 TX ua=95 mt=P len=0
PKT t=7156 RX ua=95 mt=R len=7
PKT t=7161 TX ua=95 mt=P len=0
PKT t=7170 RX ua=95 mt=R len=7
PKT t=7175 TX ua=95 mt=P len=0
PKT t=7184 RX ua=95 mt=R len=7
PKT t=7189 TX ua=95 mt=P len=0
PKT t=7198 RX ua=95 mt=R len=7
PKT t=7203 TX ua=95 mt=P len=0
PKT t=7232 RX ua=95 mt=R len=7
PKT t=7237 TX ua=95 mt=P len=0
PKT t=7246 RX ua=95 mt=R len=7
PKT t=7254 TX ua=95 mt=P len=0
PKT t=7263 RX ua=95 mt=R len=7
PKT t=7268 TX ua=95 mt=P len=0
PKT t=7277 RX ua=95 mt=R len=7
PKT t=7282 TX ua=95 mt=P len=0
PKT t=7291 RX ua=95 mt=R len=7
PKT t=7296 TX ua=95 mt=P len=0
PKT t=7305 RX ua=95 mt=R len=7
PKT t=7310 TX ua=95 mt=P len=0
PKT t=7339 RX ua=95 mt=R len=7
PKT t=7344 TX ua=95 mt=P len=0
PKT t=7354 RX ua=95 mt=R len=7
PKT t=7359 TX ua=95 mt=T len=7
PKT t=7371 TX ua=95 mt=P len=0
PKT t=7381 RX ua=95 mt=R len=7
PKT t=7386 TX ua=95 mt=P len=0
PKT t=7396 RX ua=95 mt=R len=7
PKT t=7401 TX ua=95 mt=P len=0
PKT t=7411 RX ua=95 mt=R len=7
PKT t=7416 TX ua=95 mt=P len=0
PKT t=7445 RX ua=95 mt=R len=7
PKT t=7454 TX ua=95 mt=P len=0
PKT t=7464 RX ua=95 mt=R len=7
PKT t=7469 TX ua=95 mt=P len=0
PKT t=7479 RX ua=95 mt=R len=7
PKT t=7484 TX ua=95 mt=P len=0
PKT t=7494 RX ua=95 mt=R len=7
PKT t=7499 TX ua=95 mt=P len=0
PKT t=7509 RX ua=95 mt=R len=7
PKT t=7514 TX ua=95 mt=P len=0
PKT t=7544 RX ua=95 mt=R len=7
PKT t=7554 TX ua=95 mt=P len=0
PKT t=7564 RX ua=95 mt=R len=7
PKT t=7569 TX ua=95 mt=P len=0
PKT t=7579 RX ua=95 mt=R len=7
PKT t=7584 TX ua=95 mt=P len=0
PKT t=7594 RX ua=95 mt=R len=7
PKT t=7599 TX ua=95 mt=T len=7
PKT t=7611 TX ua=95 mt=P len=0
PKT t=7644 RX ua=95 mt=R len=7
PKT t=7654 TX ua=95 mt=P len=0
PKT t=7663 RX ua=95 mt=R len=7
PKT t=7668 TX ua=95 mt=P len=0
PKT t=7677 RX ua=95 mt=R len=7
PKT t=7682 TX ua=95 mt=P len=0
PKT t=7691 RX ua=95 mt=R len=7
PKT t=7696 TX ua=95 mt=P len=0
PKT t=7705 RX ua=95 mt=R len=7
PKT t=7710 TX ua=95 mt=P len=0
PKT t=7744 RX ua=95 mt=R len=7
PKT t=7754 TX ua=95 mt=P len=0
PKT t=7763 RX ua=95 mt=R len=7
PKT t=7768 TX ua=95 mt=P len=0
PKT t=7777 RX ua=95 mt=R len=7
PKT t=7782 TX ua=95 mt=P len=0
PKT t=7791 RX ua=95 mt=R len=7
PKT t=7796 TX ua=95 mt=P len=0
PKT t=7805 RX ua=95 mt=R len=7
PKT t=7810 TX ua=95 mt=P len=0
PKT t=7845 RX ua=95 mt=R len=7
PKT t=7854 TX ua=95 mt=T len=7
PKT t=7866 TX ua=95 mt=P len=0
PKT t=7875 RX ua=95 mt=R len=7
PKT t=7880 TX ua=95 mt=P len=0
PKT t=7889 RX ua=95 mt=R len=7
PKT t=7894 TX ua=95 mt=P len=0
PKT t=7903 RX ua=95 mt=R len=7
PKT t=7908 TX ua=95 mt=P len=0
PKT t=7917 RX ua=95 mt=R len=7
PKT t=7922 TX ua=95 mt=P len=0
PKT t=7954 RX ua=95 mt=R len=7
PKT t=7959 TX ua=95 mt=P len=0
PKT t=7968 RX ua=95 mt=R len=7
PKT t=7973 TX ua=95 mt=P len=0
PKT t=7982 RX ua=95 mt=R len=7
PKT t=7987 TX ua=95 mt=P len=0
PKT t=7996 RX ua=95 mt=R len=7
PKT t=8001 TX ua=95 mt=P len=0
PKT t=8010 RX ua=95 mt=R len=7
PKT t=8015 TX ua=95 mt=P len=0
PKT t=8024 RX ua=95 mt=R len=7
PKT t=8029 TX ua=95 mt=P len=0
PKT t=8058 RX ua=95 mt=R len=7
PKT t=8063 TX ua=95 mt=P len=0
PKT t=8072 RX ua=95 mt=R len=7
PKT t=8077 TX ua=95 mt=P len=0
PKT t=8086 RX ua=95 mt=R len=7
PKT t=8091 TX ua=95 mt=P len=0
PKT t=8100 RX ua=95 mt=R len=7
PKT t=8105 TX ua=95 mt=T len=7
PKT t=8117 TX ua=95 mt=P len=0
PKT t=8126 RX ua=95 mt=R len=7
PKT t=8131 TX ua=95 mt=P len=0
PKT t=8160 RX ua=95 mt=R len=7
PKT t=8165 TX ua=95 mt=P len=0
PKT t=8174 RX ua=95 mt=R len=7
PKT t=8179 TX ua=95 mt=P len=0
PKT t=8188 RX ua=95 mt=R len=7
PKT t=8193 TX ua=95 mt=P len=0
PKT t=8202 RX ua=95 mt=R len=7
PKT t=8207 TX ua=95 mt=P len=0
PKT t=8216 RX ua=95 mt=R len=7
PKT t=8221 TX ua=95 mt=P len=0
PKT t=8231 RX ua=95 mt=R len=7
PKT t=8235 TX ua=95 mt=P len=0
PKT t=8264 RX ua=95 mt=R len=7
PKT t=8269 TX ua=95 mt=P len=0
PKT t=8278 RX ua=95 mt=R len=7
PKT t=8283 TX ua=95 mt=P len=0
PKT t=8292 RX ua=95 mt=R len=7
PKT t=8297 TX ua=95 mt=P len=0
PKT t=8306 RX ua=95 mt=R len=7
PKT t=8311 TX ua=95 mt=P len=0
PKT t=8320 RX ua=95 mt=R len=7
PKT t=8325 TX ua=95 mt=P len=0
PKT t=8334 RX ua=95 mt=R len=7
PKT t=8339 TX ua=95 mt=P len=0
PKT t=8368 RX ua=95 mt=R len=7
PKT t=8373 TX ua=95 mt=T len=7
PKT t=8385 TX ua=95 mt=P len=0
PKT t=8394 RX ua=95 mt=R len=7
PKT t=8399 TX ua=95 mt=P len=0
PKT t=8408 RX ua=95 mt=R len=7
PKT t=8413 TX ua=95 mt=P len=0
PKT t=8422 RX ua=95 mt=R len=7
PKT t=8427 TX ua=95 mt=P len=0
PKT t=8436 RX ua=95 mt=R len=7
PKT t=8441 TX ua=95 mt=P len=0
PKT t=8470 RX ua=95 mt=R len=7
PKT t=8475 TX ua=95 mt=P len=0
PKT t=8484 RX ua=95 mt=R len=7
PKT t=8489 TX ua=95 mt=P len=0
PKT t=8498 RX ua=95 mt=R len=7
PKT t=8503 TX ua=95 mt=P len=0
PKT t=8512 RX ua=95 mt=R len=7
PKT t=8517 TX ua=95 mt=P len=0
PKT t=8526 RX ua=95 mt=R len=7
PKT t=8531 TX ua=95 mt=P len=0
PKT t=8540 RX ua=95 mt=R len=7
PKT t=8545 TX ua=95 mt=P len=0
PKT t=8574 RX ua=95 mt=R len=7
PKT t=8579 TX ua=95 mt=P len=0
PKT t=8588 RX ua=95 mt=R len=7
PKT t=8593 TX ua=95 mt=P len=0
PKT t=8602 RX ua=95 mt=R len=7
PKT t=8607 TX ua=95 mt=T len=7
PKT t=8619 TX ua=95 mt=P len=0
PKT t=8628 RX ua=95 mt=R len=7
PKT t=8633 TX ua=95 mt=P len=0
PKT t=8642 RX ua=95 mt=R len=7
PKT t=8647 TX ua=95 mt=P len=0
PKT t=8678 RX ua=95 mt=R len=7
PKT t=8683 TX ua=95 mt=P len=0
PKT t=8692 RX ua=95 mt=R len=7
PKT t=8697 TX ua=95 mt=P len=0
PKT t=8706 RX ua=95 mt=R len=7
PKT t=8711 TX ua=95 mt=P len=0
PKT t=8720 RX ua=95 mt=R len=7
PKT t=8725 TX ua=95 mt=P len=0
PKT t=8734 RX ua=95 mt=R len=7
PKT t=8739 TX ua=95 mt=P len=0
PKT t=8754 RX ua=95 mt=R len=7
PKT t=8759 TX ua=95 mt=P len=0
PKT t=8782 RX ua=95 mt=R len=7
PKT t=8787 TX ua=95 mt=P len=0
PKT t=8796 RX ua=95 mt=R len=7
PKT t=8801 TX ua=95 mt=P len=0
PKT t=8810 RX ua=95 mt=R len=7
PKT t=8815 TX ua=95 mt=P len=0
PKT t=8824 RX ua=95 mt=R len=7
PKT t=8829 TX ua=95 mt=P len=0
PKT t=8838 RX ua=95 mt=R len=7
PKT t=8843 TX ua=95 mt=P len=0
PKT t=8854 RX ua=95 mt=R len=7
PKT t=8859 TX ua=95 mt=T len=7
PKT t=8871 TX ua=95 mt=P len=0
PKT t=8888 RX ua=95 mt=R len=7
PKT t=8893 TX ua=95 mt=P len=0
PKT t=8902 RX ua=95 mt=R len=7
PKT t=8907 TX ua=95 mt=P len=0
PKT t=8917 RX ua=95 mt=R len=7
PKT t=8922 TX ua=95 mt=P len=0
PKT t=8931 RX ua=95 mt=R len=7
PKT t=8936 TX ua=95 mt=P len=0
PKT t=8945 RX ua=95 mt=R len=7
PKT t=8954 TX ua=95 mt=P len=0
PKT t=8986 RX ua=95 mt=R len=7
PKT t=8991 TX ua=95 mt=P len=0
PKT t=9000 RX ua=95 mt=R len=7
PKT t=9005 TX ua=95 mt=P len=0
PKT t=9014 RX ua=95 mt=R len=7
PKT t=9019 TX ua=95 mt=P len=0
PKT t=9028 RX ua=95 mt=R len=7
PKT t=9033 TX ua=95 mt=P len=0
PKT t=9042 RX ua=95 mt=R len=7
PKT t=9047 TX ua=95 mt=P len=0
PKT t=9056 RX ua=95 mt=R len=7
PKT t=9061 TX ua=95 mt=P len=0
PKT t=9090 RX ua=95 mt=R len=7
PKT t=9095 TX ua=95 mt=P len=0
PKT t=9104 RX ua=95 mt=R len=7
PKT t=9109 TX ua=95 mt=T len=7
PKT t=9121 TX ua=95 mt=P len=0
PKT t=9130 RX ua=95 mt=R len=7
PKT t=9135 TX ua=95 mt=P len=0
PKT t=9144 RX ua=95 mt=R len=7
PKT t=9154 TX ua=95 mt=P len=0
PKT t=9163 RX ua=95 mt=R len=7
PKT t=9168 TX ua=95 mt=P len=0
PKT t=9197 RX ua=95 mt=R len=7
PKT t=9202 TX ua=95 mt=P len=0
PKT t=9211 RX ua=95 mt=R len=7
PKT t=9216 TX ua=95 mt=P len=0
PKT t=9225 RX ua=95 mt=R len=7
PKT t=9230 TX ua=95 mt=P len=0
PKT t=9239 RX ua=95 mt=R len=7
PKT t=9244 TX ua=95 mt=P len=0
PKT t=9254 RX ua=95 mt=R len=7
PKT t=9259 TX ua=95 mt=P len=0
PKT t=9268 RX ua=95 mt=R len=7
PKT t=9273 TX ua=95 mt=P len=0
PKT t=9302 RX ua=95 mt=R len=7
PKT t=9307 TX ua=95 mt=P len=0
PKT t=9316 RX ua=95 mt=R len=7
PKT t=9321 TX ua=95 mt=P len=0
PKT t=9330 RX ua=95 mt=R len=7
PKT t=9335 TX ua=95 mt=P len=0
PKT t=9344 RX ua=95 mt=R len=7
PKT t=9354 TX ua=95 mt=T len=7
PKT t=9366 TX ua=95 mt=P len=0
PKT t=9376 RX ua=95 mt=R len=7
PKT t=9381 TX ua=95 mt=P len=0
PKT t=9410 RX ua=95 mt=R len=7
PKT t=9415 TX ua=95 mt=P len=0
PKT t=9425 RX ua=95 mt=R len=7
PKT t=9430 TX ua=95 mt=P len=0
PKT t=9440 RX ua=95 mt=R len=7
PKT t=9445 TX ua=95 mt=P len=0
PKT t=9455 RX ua=95 mt=R len=7
PKT t=9460 TX ua=95 mt=P len=0
PKT t=9470 RX ua=95 mt=R len=7
PKT t=9475 TX ua=95 mt=P len=0
PKT t=9510 RX ua=95 mt=R len=7
PKT t=9515 TX ua=95 mt=P len=0
PKT t=9525 RX ua=95 mt=R len=7
PKT t=9530 TX ua=95 mt=P len=0
PKT t=9540 RX ua=95 mt=R len=7
PKT t=9545 TX ua=95 mt=P len=0
PKT t=9555 RX ua=95 mt=R len=7
PKT t=9560 TX ua=95 mt=P len=0
PKT t=9570 RX ua=95 mt=R len=7
PKT t=9575 TX ua=95 mt=P len=0
PKT t=9609 RX ua=95 mt=R len=7
PKT t=9614 TX ua=95 mt=T len=7
PKT t=9626 TX ua=95 mt=P len=0
PKT t=9635 RX ua=95 mt=R len=7
PKT t=9640 TX ua=95 mt=P len=0
PKT t=9654 RX ua=95 mt=R len=7
PKT t=9659 TX ua=95 mt=P len=0
PKT t=9668 RX ua=95 mt=R len=7
PKT t=9673 TX ua=95 mt=P len=0
PKT t=9682 RX ua=95 mt=R len=7
PKT t=9687 TX ua=95 mt=P len=0
PKT t=9716 RX ua=95 mt=R len=7
PKT t=9721 TX ua=95 mt=P len=0
PKT t=9730 RX ua=95 mt=R len=7
PKT t=9735 TX ua=95 mt=P len=0
PKT t=9744 RX ua=95 mt=R len=7
PKT t=9754 TX ua=95 mt=P len=0
PKT t=9763 RX ua=95 mt=R len=7
PKT t=9768 TX ua=95 mt=P len=0
PKT t=9777 RX ua=95 mt=R len=7
PKT t=9782 TX ua=95 mt=P len=0
PKT t=9816 RX ua=95 mt=R len=7
PKT t=9821 TX ua=95 mt=P len=0
PKT t=9830 RX ua=95 mt=R len=7
PKT t=9835 TX ua=95 mt=P len=0
PKT t=9844 RX ua=95 mt=R len=7
PKT t=9854 TX ua=95 mt=T len=7
PKT t=9866 TX ua=95 mt=P len=0
PKT t=9875 RX ua=95 mt=R len=7
PKT t=9880 TX ua=95 mt=P len=0
PKT t=9889 RX ua=95 mt=R len=7
PKT t=9894 TX ua=95 mt=P len=0
PKT t=9923 RX ua=95 mt=R len=7
PKT t=9928 TX ua=95 mt=P len=0
PKT t=9938 RX ua=95 mt=R len=7
PKT t=9942 TX ua=95 mt=P len=0
PKT t=9954 RX ua=95 mt=R len=7
PKT t=9959 TX ua=95 mt=P len=0
PKT t=9968 RX ua=95 mt=R len=7
PKT t=9973 TX ua=95 mt=P len=0
PKT t=9982 RX ua=95 mt=R len=7
PKT t=9987 TX ua=95 mt=P len=0
PKT t=9996 RX ua=95 mt=R len=7
PKT t=10001 TX ua=95 mt=P len=0
PKT t=10030 RX ua=95 mt=R len=7
PKT t=10035 TX ua=95 mt=P len=0
PKT t=10044 RX ua=95 mt=R len=7
PKT t=10054 TX ua=95 mt=P len=0
PKT t=10063 RX ua=95 mt=R len=7
PKT t=10068 TX ua=95 mt=P len=0
PKT t=10077 RX ua=95 mt=R len=7
PKT t=10082 TX ua=95 mt=P len=0
PKT t=10091 RX ua=95 mt=R len=7
PKT t=10096 TX ua=95 mt=P len=0
PKT t=10135 RX ua=95 mt=R len=7
PKT t=10140 TX ua=95 mt=T len=7
PKT t=10159 TX ua=96 mt=P len=0
PKT t=10417 TX ua=95 mt=P len=0
PKT t=10430 RX ua=95 mt=R len=7
PKT t=10435 TX ua=95 mt=T len=7
PKT t=10454 TX ua=95 mt=P len=0
PKT t=10463 RX ua=95 mt=R len=7
PKT t=10468 TX ua=95 mt=P len=0
PKT t=10477 RX ua=95 mt=R len=7
PKT t=10482 TX ua=95 mt=P len=0
PKT t=10491 RX ua=95 mt=R len=7
PKT t=10496 TX ua=95 mt=P len=0
PKT t=10530 RX ua=95 mt=R len=7
PKT t=10535 TX ua=95 mt=P len=0
PKT t=10544 RX ua=95 mt=R len=7
PKT t=10554 TX ua=95 mt=P len=0
PKT t=10563 RX ua=95 mt=R len=7
PKT t=10568 TX ua=95 mt=P len=0
PKT t=10577 RX ua=95 mt=R len=7
PKT t=10582 TX ua=95 mt=P len=0
PKT t=10591 RX ua=95 mt=R len=7
PKT t=10596 TX ua=95 mt=P len=0
PKT t=10605 RX ua=95 mt=R len=7
PKT t=10610 TX ua=95 mt=T len=7
PKT t=10623 TX ua=95 mt=P len=0
PKT t=10641 RX ua=95 mt=R len=7
PKT t=10646 TX ua=95 mt=P len=0
PKT t=10655 RX ua=95 mt=R len=7
PKT t=10660 TX ua=95 mt=P len=0
PKT t=10669 RX ua=95 mt=R len=7
PKT t=10674 TX ua=95 mt=P len=0
PKT t=10683 RX ua=95 mt=R len=7
PKT t=10688 TX ua=95 mt=P len=0
PKT t=10697 RX ua=95 mt=R len=7
PKT t=10702 TX ua=95 mt=P len=0
PKT t=10711 RX ua=95 mt=R len=7
PKT t=10716 TX ua=95 mt=P len=0
PKT t=10745 RX ua=95 mt=R len=7
PKT t=10754 TX ua=95 mt=P len=0
PKT t=10763 RX ua=95 mt=R len=7
PKT t=10768 TX ua=95 mt=P len=0
PKT t=10777 RX ua=95 mt=R len=7
PKT t=10782 TX ua=95 mt=P len=0
PKT t=10791 RX ua=95 mt=R len=7
PKT t=10796 TX ua=95 mt=P len=0
PKT t=10806 RX ua=95 mt=R len=7
PKT t=10811 TX ua=95 mt=P len=0
PKT t=10845 RX ua=95 mt=R len=7
PKT t=10854 TX ua=95 mt=T len=7
PKT t=10867 TX ua=95 mt=P len=0
PKT t=10876 RX ua=95 mt=R len=7
PKT t=10881 TX ua=95 mt=P len=0
PKT t=10890 RX ua=95 mt=R len=7
PKT t=10895 TX ua=95 mt=P len=0
PKT t=10904 RX ua=95 mt=R len=7
PKT t=10909 TX ua=95 mt=P len=0
PKT t=10918 RX ua=95 mt=R len=7
PKT t=10923 TX ua=95 mt=P len=0
PKT t=10954 RX ua=95 mt=R len=7
PKT t=10959 TX ua=95 mt=P len=0
PKT t=10968 RX ua=95 mt=R len=7
PKT t=10973 TX ua=95 mt=P len=0
PKT t=10982 RX ua=95 mt=R len=7
PKT t=10987 TX ua=95 mt=P len=0
PKT t=10996 RX ua=95 mt=R len=7
PKT t=11001 TX ua=95 mt=P len=0
PKT t=11010 RX ua=95 mt=R len=7
PKT t=11015 TX ua=95 mt=P len=0
PKT t=11024 RX ua=95 mt=R len=7
PKT t=11029 TX ua=95 mt=P len=0
PKT t=11058 RX ua=95 mt=R len=7
PKT t=11063 TX ua=95 mt=P len=0
PKT t=11072 RX ua=95 mt=R len=7
PKT t=11077 TX ua=95 mt=P len=0
PKT t=11086 RX ua=95 mt=R len=7
PKT t=11091 TX ua=95 mt=P len=0
PKT t=11100 RX ua=95 mt=R len=7
PKT t=11105 TX ua=95 mt=T len=7
PKT t=11117 TX ua=95 mt=P len=0
PKT t=11126 RX ua=95 mt=R len=7
PKT t=11131 TX ua=95 mt=P len=0
PKT t=11160 RX ua=95 mt=R len=7
PKT t=11165 TX ua=95 mt=P len=0
PKT t=11174 RX ua=95 mt=R len=7
PKT t=11179 TX ua=95 mt=P len=0
PKT t=11188 RX ua=95 mt=R len=7
PKT t=11193 TX ua=95 mt=P len=0
PKT t=11202 RX ua=95 mt=R len=7
PKT t=11207 TX ua=95 mt=P len=0
PKT t=11216 RX ua=95 mt=R len=7
PKT t=11221 TX ua=95 mt=P len=0
PKT t=11230 RX ua=95 mt=R len=7
PKT t=11235 TX ua=95 mt=P len=0
PKT t=11264 RX ua=95 mt=R len=7
PKT t=11269 TX ua=95 mt=P len=0
PKT t=11278 RX ua=95 mt=R len=7
PKT t=11283 TX ua=95 mt=P len=0
PKT t=11292 RX ua=95 mt=R len=7
PKT t=11297 TX ua=95 mt=P len=0
PKT t=11306 RX ua=95 mt=R len=7
PKT t=11311 TX ua=95 mt=P len=0
PKT t=11320 RX ua=95 mt=R len=7
PKT t=11325 TX ua=95 mt=P len=0
PKT t=11334 RX ua=95 mt=R len=7
PKT t=11339 TX ua=95 mt=P len=0
PKT t=11368 RX ua=95 mt=R len=7
PKT t=11373 TX ua=95 mt=T len=7
PKT t=11385 TX ua=95 mt=P len=0
PKT t=11395 RX ua=95 mt=R len=7
PKT t=11400 TX ua=95 mt=P len=0
PKT t=11410 RX ua=95 mt=R len=7
PKT t=11415 TX ua=95 mt=P len=0
PKT t=11425 RX ua=95 mt=R len=7
PKT t=11430 TX ua=95 mt=P len=0
PKT t=11440 RX ua=95 mt=R len=7
PKT t=11445 TX ua=95 mt=P len=0
PKT t=11474 RX ua=95 mt=R len=7
PKT t=11479 TX ua=95 mt=P len=0
PKT t=11489 RX ua=95 mt=R len=7
PKT t=11494 TX ua=95 mt=P len=0
PKT t=11504 RX ua=95 mt=R len=7
PKT t=11509 TX ua=95 mt=P len=0
PKT t=11519 RX ua=95 mt=R len=7
PKT t=11524 TX ua=95 mt=P len=0
PKT t=11534 RX ua=95 mt=R len=7
PKT t=11539 TX ua=95 mt=P len=0
PKT t=11573 RX ua=95 mt=R len=7
PKT t=11578 TX ua=95 mt=P len=0
PKT t=11588 RX ua=95 mt=R len=7
PKT t=11593 TX ua=95 mt=P len=0
PKT t=11603 RX ua=95 mt=R len=7
PKT t=11608 TX ua=95 mt=T len=7
PKT t=11620 TX ua=95 mt=P len=0
PKT t=11629 RX ua=95 mt=R len=7
PKT t=11634 TX ua=95 mt=P len=0
PKT t=11643 RX ua=95 mt=R len=7
PKT t=11654 TX ua=95 mt=P len=0
PKT t=11677 RX ua=95 mt=R len=7
PKT t=11682 TX ua=95 mt=P len=0
PKT t=11691 RX ua=95 mt=R len=7
PKT t=11696 TX ua=95 mt=P len=0
PKT t=11705 RX ua=95 mt=R len=7
PKT t=11710 TX ua=95 mt=P len=0
PKT t=11719 RX ua=95 mt=R len=7
PKT t=11724 TX ua=95 mt=P len=0
PKT t=11733 RX ua=95 mt=R len=7
PKT t=11738 TX ua=95 mt=P len=0
PKT t=11754 RX ua=95 mt=R len=7
PKT t=11759 TX ua=95 mt=P len=0
PKT t=11781 RX ua=95 mt=R len=7
PKT t=11786 TX ua=95 mt=P len=0
PKT t=11795 RX ua=95 mt=R len=7
PKT t=11800 TX ua=95 mt=P len=0
PKT t=11809 RX ua=95 mt=R len=7
PKT t=11814 TX ua=95 mt=P len=0
PKT t=11823 RX ua=95 mt=R len=7
PKT t=11828 TX ua=95 mt=P len=0
PKT t=11837 RX ua=95 mt=R len=7
PKT t=11842 TX ua=95 mt=P len=0
PKT t=11854 RX ua=95 mt=R len=7
PKT t=11859 TX ua=95 mt=T len=7
PKT t=11871 TX ua=95 mt=P len=0
PKT t=11887 RX ua=95 mt=R len=7
PKT t=11892 TX ua=95 mt=P len=0
PKT t=11901 RX ua=95 mt=R len=7
PKT t=11906 TX ua=95 mt=P len=0
PKT t=11915 RX ua=95 mt=R len=7
PKT t=11920 TX ua=95 mt=P len=0
PKT t=11929 RX ua=95 mt=R len=7
PKT t=11934 TX ua=95 mt=P len=0
PKT t=11943 RX ua=95 mt=R len=7
PKT t=11954 TX ua=95 mt=P len=0
PKT t=11985 RX ua=95 mt=R len=7
PKT t=11990 TX ua=95 mt=P len=0
PKT t=11999 RX ua=95 mt=R len=7
PKT t=12004 TX ua=95 mt=P len=0
PKT t=12013 RX ua=95 mt=R len=7
PKT t=12018 TX ua=95 mt=P len=0
PKT t=12027 RX ua=95 mt=R len=7
PKT t=12032 TX ua=95 mt=P len=0
PKT t=12041 RX ua=95 mt=R len=7
PKT t=12046 TX ua=95 mt=P len=0
PKT t=12055 RX ua=95 mt=R len=7
PKT t=12060 TX ua=95 mt=P len=0
PKT t=12089 RX ua=95 mt=R len=7
PKT t=12094 TX ua=95 mt=P len=0
PKT t=12103 RX ua=95 mt=R len=7
PKT t=12108 TX ua=95 mt=T len=7
PKT t=12120 TX ua=95 mt=P len=0
PKT t=12129 RX ua=95 mt=R len=7
PKT t=12134 TX ua=95 mt=P len=0
PKT t=12143 RX ua=95 mt=R len=7
PKT t=12154 TX ua=95 mt=P len=0
PKT t=12163 RX ua=95 mt=R len=7
PKT t=12168 TX ua=95 mt=P len=0
PKT t=12197 RX ua=95 mt=R len=7
PKT t=12202 TX ua=95 mt=P len=0
PKT t=12211 RX ua=95 mt=R len=7
PKT t=12216 TX ua=95 mt=P len=0
PKT t=12225 RX ua=95 mt=R len=7
PKT t=12230 TX ua=95 mt=P len=0
PKT t=12239 RX ua=95 mt=R len=7
PKT t=12244 TX ua=95 mt=P len=0
PKT t=12254 RX ua=95 mt=R len=7
PKT t=12259 TX ua=95 mt=P len=0
PKT t=12268 RX ua=95 mt=R len=7
PKT t=12273 TX ua=95 mt=P len=0
PKT t=12302 RX ua=95 mt=R len=7
PKT t=12307 TX ua=95 mt=P len=0
PKT t=12316 RX ua=95 mt=R len=7
PKT t=12321 TX ua=95 mt=P len=0
PKT t=12330 RX ua=95 mt=R len=7
PKT t=12335 TX ua=95 mt=P len=0
PKT t=12344 RX ua=95 mt=R len=7
PKT t=12354 TX ua=95 mt=T len=7
PKT t=12366 TX ua=95 mt=P len=0
PKT t=12375 RX ua=95 mt=R len=7
PKT t=12380 TX ua=95 mt=P len=0
PKT t=12409 RX ua=95 mt=R len=7
PKT t=12414 TX ua=95 mt=P len=0
PKT t=12423 RX ua=95 mt=R len=7
PKT t=12428 TX ua=95 mt=P len=0
PKT t=12437 RX ua=95 mt=R len=7
PKT t=12442 TX ua=95 mt=P len=0
PKT t=12454 RX ua=95 mt=R len=7
PKT t=12459 TX ua=95 mt=P len=0
PKT t=12468 RX ua=95 mt=R len=7
PKT t=12473 TX ua=95 mt=P len=0
PKT t=12483 RX ua=95 mt=R len=7
PKT t=12488 TX ua=95 mt=P len=0
PKT t=12517 RX ua=95 mt=R len=7
PKT t=12522 TX ua=95 mt=P len=0
PKT t=12531 RX ua=95 mt=R len=7
PKT t=12536 TX ua=95 mt=P len=0
PKT t=12545 RX ua=95 mt=R len=7
PKT t=12554 TX ua=95 mt=P len=0
PKT t=12564 RX ua=95 mt=R len=7
PKT t=12569 TX ua=95 mt=P len=0
PKT t=12578 RX ua=95 mt=R len=7
PKT t=12583 TX ua=95 mt=P len=0
PKT t=12617 RX ua=95 mt=R len=7
PKT t=12622 TX ua=95 mt=T len=7
PKT t=12634 TX ua=95 mt=P len=0
PKT t=12643 RX ua=95 mt=R len=7
PKT t=12654 TX ua=95 mt=P len=0
PKT t=12663 RX ua=95 mt=R len=7
PKT t=12668 TX ua=95 mt=P len=0
PKT t=12677 RX ua=95 mt=R len=7
PKT t=12682 TX ua=95 mt=P len=0
PKT t=12691 RX ua=95 mt=R len=7
PKT t=12696 TX ua=95 mt=P len=0
PKT t=12725 RX ua=95 mt=R len=7
PKT t=12730 TX ua=95 mt=P len=0
PKT t=12739 RX ua=95 mt=R len=7
PKT t=12744 TX ua=95 mt=P len=0
PKT t=12754 RX ua=95 mt=R len=7
PKT t=12759 TX ua=95 mt=P len=0
PKT t=12768 RX ua=95 mt=R len=7
PKT t=12773 TX ua=95 mt=P len=0
PKT t=12782 RX ua=95 mt=R len=7
PKT t=12787 TX ua=95 mt=P len=0
PKT t=12796 RX ua=95 mt=R len=7
PKT t=12801 TX ua=95 mt=P len=0
PKT t=12830 RX ua=95 mt=R len=7
PKT t=12835 TX ua=95 mt=P len=0
PKT t=12844 RX ua=95 mt=R len=7
PKT t=12854 TX ua=95 mt=T len=7
PKT t=12866 TX ua=95 mt=P len=0
PKT t=12875 RX ua=95 mt=R len=7
PKT t=12880 TX ua=95 mt=P len=0
PKT t=12889 RX ua=95 mt=R len=7
PKT t=12894 TX ua=95 mt=P len=0
PKT t=12903 RX ua=95 mt=R len=7
PKT t=12908 TX ua=95 mt=P len=0
PKT t=12937 RX ua=95 mt=R len=7
PKT t=12942 TX ua=95 mt=P len=0
PKT t=12954 RX ua=95 mt=R len=7
PKT t=12959 TX ua=95 mt=P len=0
PKT t=12968 RX ua=95 mt=R len=7
PKT t=12973 TX ua=95 mt=P len=0
PKT t=12982 RX ua=95 mt=R len=7
PKT t=12987 TX ua=95 mt=P len=0
PKT t=12996 RX ua=95 mt=R len=7
PKT t=13001 TX ua=95 mt=P len=0
PKT t=13010 RX ua=95 mt=R len=7
PKT t=13015 TX ua=95 mt=P len=0
PKT t=13044 RX ua=95 mt=R len=7
PKT t=13054 TX ua=95 mt=P len=0
PKT t=13063 RX ua=95 mt=R len=7
PKT t=13068 TX ua=95 mt=P len=0
PKT t=13077 RX ua=95 mt=R len=7
PKT t=13082 TX ua=95 mt=P len=0
PKT t=13091 RX ua=95 mt=R len=7
PKT t=13096 TX ua=95 mt=P len=0
PKT t=13105 RX ua=95 mt=R len=7
PKT t=13110 TX ua=95 mt=T len=7
PKT t=13123 TX ua=95 mt=P len=0
PKT t=13145 RX ua=95 mt=R len=7
PKT t=13154 TX ua=95 mt=P len=0
PKT t=13163 RX ua=95 mt=R len=7
PKT t=13168 TX ua=95 mt=P len=0
PKT t=13177 RX ua=95 mt=R len=7
PKT t=13182 TX ua=95 mt=P len=0
PKT t=13191 RX ua=95 mt=R len=7
PKT t=13196 TX ua=95 mt=P len=0
PKT t=13205 RX ua=95 mt=R len=7
PKT t=13210 TX ua=95 mt=P len=0
PKT t=13219 RX ua=95 mt=R len=7
PKT t=13224 TX ua=95 mt=P len=0
PKT t=13254 RX ua=95 mt=R len=7
PKT t=13259 TX ua=95 mt=P len=0
PKT t=13268 RX ua=95 mt=R len=7
PKT t=13273 TX ua=95 mt=P len=0
PKT t=13282 RX ua=95 mt=R len=7
PKT t=13287 TX ua=95 mt=P len=0
PKT t=13296 RX ua=95 mt=R len=7
PKT t=13301 TX ua=95 mt=P len=0
PKT t=13310 RX ua=95 mt=R len=7
PKT t=13315 TX ua=95 mt=P len=0
PKT t=13324 RX ua=95 mt=R len=7
PKT t=13329 TX ua=95 mt=P len=0
PKT t=13358 RX ua=95 mt=R len=7
PKT t=13363 TX ua=95 mt=T len=7
PKT t=13376 TX ua=95 mt=P len=0
PKT t=13386 RX ua=95 mt=R len=7
PKT t=13391 TX ua=95 mt=P len=0
PKT t=13401 RX ua=95 mt=R len=7
PKT t=13406 TX ua=95 mt=P len=0
PKT t=13416 RX ua=95 mt=R len=7
PKT t=13421 TX ua=95 mt=P len=0
PKT t=13431 RX ua=95 mt=R len=7
PKT t=13436 TX ua=95 mt=P len=0
PKT t=13465 RX ua=95 mt=R len=7
PKT t=13470 TX ua=95 mt=P len=0
PKT t=13480 RX ua=95 mt=R len=7
PKT t=13485 TX ua=95 mt=P len=0
PKT t=13495 RX ua=95 mt=R len=7
PKT t=13500 TX ua=95 mt=P len=0
PKT t=13510 RX ua=95 mt=R len=7
PKT t=13515 TX ua=95 mt=P len=0
PKT t=13525 RX ua=95 mt=R len=7
PKT t=13530 TX ua=95 mt=P len=0
PKT t=13564 RX ua=95 mt=R len=7
PKT t=13569 TX ua=95 mt=P len=0
PKT t=13579 RX ua=95 mt=R len=7
PKT t=13584 TX ua=95 mt=P len=0
PKT t=13594 RX ua=95 mt=R len=7
PKT t=13599 TX ua=95 mt=T len=7
PKT t=13612 TX ua=95 mt=P len=0
PKT t=13621 RX ua=95 mt=R len=7
PKT t=13626 TX ua=95 mt=P len=0
PKT t=13635 RX ua=95 mt=R len=7
PKT t=13640 TX ua=95 mt=P len=0
PKT t=13669 RX ua=95 mt=R len=7
PKT t=13674 TX ua=95 mt=P len=0
PKT t=13683 RX ua=95 mt=R len=7
PKT t=13688 TX ua=95 mt=P len=0
PKT t=13697 RX ua=95 mt=R len=7
PKT t=13702 TX ua=95 mt=P len=0
PKT t=13711 RX ua=95 mt=R len=7
PKT t=13716 TX ua=95 mt=P len=0
PKT t=13725 RX ua=95 mt=R len=7
PKT t=13730 TX ua=95 mt=P len=0
PKT t=13739 RX ua=95 mt=R len=7
PKT t=13744 TX ua=95 mt=P len=0
PKT t=13773 RX ua=95 mt=R len=7
PKT t=13778 TX ua=95 mt=P len=0
PKT t=13787 RX ua=95 mt=R len=7
PKT t=13792 TX ua=95 mt=P len=0
PKT t=13801 RX ua=95 mt=R len=7
PKT t=13806 TX ua=95 mt=P len=0
PKT t=13815 RX ua=95 mt=R len=7
PKT t=13820 TX ua=95 mt=P len=0
PKT t=13829 RX ua=95 mt=R len=7
PKT t=13834 TX ua=95 mt=P len=0
PKT t=13843 RX ua=95 mt=R len=7
PKT t=13854 TX ua=95 mt=T len=7
PKT t=13867 TX ua=95 mt=P len=0
PKT t=13879 RX ua=95 mt=R len=7
PKT t=13884 TX ua=95 mt=P len=0
PKT t=13893 RX ua=95 mt=R len=7
PKT t=13898 TX ua=95 mt=P len=0
PKT t=13907 RX ua=95 mt=R len=7
PKT t=13912 TX ua=95 mt=P len=0
PKT t=13921 RX ua=95 mt=R len=7
PKT t=13926 TX ua=95 mt=P len=0
PKT t=13935 RX ua=95 mt=R len=7
PKT t=13940 TX ua=95 mt=P len=0
PKT t=13954 RX ua=95 mt=R len=7
PKT t=13959 TX ua=95 mt=P len=0
PKT t=13983 RX ua=95 mt=R len=7
PKT t=13988 TX ua=95 mt=P len=0
PKT t=13997 RX ua=95 mt=R len=7
PKT t=14002 TX ua=95 mt=P len=0
PKT t=14011 RX ua=95 mt=R len=7
PKT t=14016 TX ua=95 mt=P len=0
PKT t=14025 RX ua=95 mt=R len=7
PKT t=14030 TX ua=95 mt=P len=0
PKT t=14039 RX ua=95 mt=R len=7
PKT t=14044 TX ua=95 mt=P len=0
PKT t=14054 RX ua=95 mt=R len=7
PKT t=14059 TX ua=95 mt=P len=0
PKT t=14087 RX ua=95 mt=R len=7
PKT t=14092 TX ua=95 mt=P len=0
PKT t=14101 RX ua=95 mt=R len=7
PKT t=14106 TX ua=95 mt=T len=7
PKT t=14118 TX ua=95 mt=P len=0
PKT t=14127 RX ua=95 mt=R len=7
PKT t=14132 TX ua=95 mt=P len=0
PKT t=14142 RX ua=95 mt=R len=7
PKT t=14147 TX ua=95 mt=P len=0
PKT t=14156 RX ua=95 mt=R len=7
PKT t=14161 TX ua=95 mt=P len=0
PKT t=14190 RX ua=95 mt=R len=7
PKT t=14195 TX ua=95 mt=P len=0
PKT t=14204 RX ua=95 mt=R len=7
PKT t=14209 TX ua=95 mt=P len=0
PKT t=14218 RX ua=95 mt=R len=7
PKT t=14223 TX ua=95 mt=P len=0
PKT t=14232 RX ua=95 mt=R len=7
PKT t=14237 TX ua=95 mt=P len=0
PKT t=14246 RX ua=95 mt=R len=7
PKT t=14254 TX ua=95 mt=P len=0
PKT t=14263 RX ua=95 mt=R len=7
PKT t=14268 TX ua=95 mt=P len=0
PKT t=14297 RX ua=95 mt=R len=7
PKT t=14302 TX ua=95 mt=P len=0
PKT t=14311 RX ua=95 mt=R len=7
PKT t=14316 TX ua=95 mt=P len=0
PKT t=14325 RX ua=95 mt=R len=7
PKT t=14330 TX ua=95 mt=P len=0
PKT t=14339 RX ua=95 mt=R len=7
PKT t=14344 TX ua=95 mt=P len=0
PKT t=14354 RX ua=95 mt=R len=7
PKT t=14359 TX ua=95 mt=T len=7
PKT t=14371 TX ua=95 mt=P len=0
PKT t=14400 RX ua=95 mt=R len=7
PKT t=14405 TX ua=95 mt=P len=0
PKT t=14414 RX ua=95 mt=R len=7
PKT t=14419 TX ua=95 mt=P len=0
PKT t=14428 RX ua=95 mt=R len=7
PKT t=14433 TX ua=95 mt=P len=0
PKT t=14442 RX ua=95 mt=R len=7
PKT t=14447 TX ua=95 mt=P len=0
PKT t=14456 RX ua=95 mt=R len=7
PKT t=14461 TX ua=95 mt=P len=0
PKT t=14470 RX ua=95 mt=R len=7
PKT t=14475 TX ua=95 mt=P len=0
PKT t=14504 RX ua=95 mt=R len=7
PKT t=14509 TX ua=95 mt=P len=0
PKT t=14518 RX ua=95 mt=R len=7
PKT t=14523 TX ua=95 mt=P len=0
PKT t=14532 RX ua=95 mt=R len=7
PKT t=14537 TX ua=95 mt=P len=0
PKT t=14546 RX ua=95 mt=R len=7
PKT t=14554 TX ua=95 mt=P len=0
PKT t=14563 RX ua=95 mt=R len=7
PKT t=14568 TX ua=95 mt=P len=0
PKT t=14577 RX ua=95 mt=R len=7
PKT t=14582 TX ua=95 mt=P len=0
PKT t=14611 RX ua=95 mt=R len=7
PKT t=14616 TX ua=95 mt=T len=7
PKT t=14628 TX ua=95 mt=P len=0
PKT t=14637 RX ua=95 mt=R len=7
PKT t=14642 TX ua=95 mt=P len=0
PKT t=14654 RX ua=95 mt=R len=7
PKT t=14659 TX ua=95 mt=P len=0
PKT t=14669 RX ua=95 mt=R len=7
PKT t=14674 TX ua=95 mt=P len=0
PKT t=14683 RX ua=95 mt=R len=7
PKT t=14688 TX ua=95 mt=P len=0
PKT t=14717 RX ua=95 mt=R len=7
PKT t=14722 TX ua=95 mt=P len=0
PKT t=14731 RX ua=95 mt=R len=7
PKT t=14736 TX ua=95 mt=P len=0
PKT t=14745 RX ua=95 mt=R len=7
PKT t=14754 TX ua=95 mt=P len=0
PKT t=14763 RX ua=95 mt=R len=7
PKT t=14768 TX ua=95 mt=P len=0
PKT t=14777 RX ua=95 mt=R len=7
PKT t=14782 TX ua=95 mt=P len=0
PKT t=14791 RX ua=95 mt=R len=7
PKT t=14796 TX ua=95 mt=P len=0
PKT t=14826 RX ua=95 mt=R len=7
PKT t=14830 TX ua=95 mt=P len=0
PKT t=14839 RX ua=95 mt=R len=7
PKT t=14844 TX ua=95 mt=P len=0
PKT t=14854 RX ua=95 mt=R len=7
PKT t=14859 TX ua=95 mt=T len=7
PKT t=14871 TX ua=95 mt=P len=0
PKT t=14880 RX ua=95 mt=R len=7
PKT t=14885 TX ua=95 mt=P len=0
PKT t=14894 RX ua=95 mt=R len=7
PKT t=14899 TX ua=95 mt=P len=0
PKT t=14928 RX ua=95 mt=R len=7
PKT t=14933 TX ua=95 mt=P len=0
PKT t=14942 RX ua=95 mt=R len=7
PKT t=14947 TX ua=95 mt=P len=0
PKT t=14956 RX ua=95 mt=R len=7
PKT t=14961 TX ua=95 mt=P len=0
PKT t=14970 RX ua=95 mt=R len=7
PKT t=14975 TX ua=95 mt=P len=0
PKT t=14984 RX ua=95 mt=R len=7
PKT t=14989 TX ua=95 mt=P len=0
PKT t=14998 RX ua=95 mt=R len=7
PKT t=15003 TX ua=95 mt=P len=0
PKT t=15032 RX ua=95 mt=R len=7
PKT t=15037 TX ua=95 mt=P len=0
PKT t=15046 RX ua=95 mt=R len=7
PKT t=15054 TX ua=95 mt=P len=0
PKT t=15063 RX ua=95 mt=R len=7
PKT t=15068 TX ua=95 mt=P len=0
PKT t=15077 RX ua=95 mt=R len=7
PKT t=15082 TX ua=95 mt=P len=0
PKT t=15091 RX ua=95 mt=R len=7
PKT t=15096 TX ua=95 mt=P len=0
PKT t=15105 RX ua=95 mt=R len=7
PKT t=15110 TX ua=95 mt=T len=7
PKT t=15122 TX ua=95 mt=P len=0
PKT t=15141 RX ua=95 mt=R len=7
PKT t=15146 TX ua=95 mt=P len=0
PKT t=15155 RX ua=95 mt=R len=7
PKT t=15160 TX ua=95 mt=P len=0
PKT t=15169 RX ua=95 mt=R len=7
PKT t=15174 TX ua=95 mt=P len=0
PKT t=15183 RX ua=95 mt=R len=7
PKT t=15188 TX ua=95 mt=P len=0
PKT t=15197 RX ua=95 mt=R len=7
PKT t=15202 TX ua=95 mt=P len=0
PKT t=15211 RX ua=95 mt=R len=7
PKT t=15216 TX ua=95 mt=P len=0
PKT t=15245 RX ua=95 mt=R len=7
PKT t=15254 TX ua=95 mt=P len=0
PKT t=15263 RX ua=95 mt=R len=7
PKT t=15268 TX ua=95 mt=P len=0
PKT t=15277 RX ua=95 mt=R len=7
PKT t=15282 TX ua=95 mt=P len=0
PKT t=15291 RX ua=95 mt=R len=7
PKT t=15296 TX ua=95 mt=P len=0
PKT t=15305 RX ua=95 mt=R len=7
PKT t=15310 TX ua=95 mt=P len=0
PKT t=15319 RX ua=95 mt=R len=7
PKT t=15324 TX ua=95 mt=P len=0
PKT t=15354 RX ua=95 mt=R len=7
PKT t=15359 TX ua=95 mt=T len=7
PKT t=15371 TX ua=95 mt=P len=0
PKT t=15381 RX ua=95 mt=R len=7
PKT t=15386 TX ua=95 mt=P len=0
PKT t=15396 RX ua=95 mt=R len=7
PKT t=15401 TX ua=95 mt=P len=0
PKT t=15411 RX ua=95 mt=R len=7
PKT t=15416 TX ua=95 mt=P len=0
PKT t=15426 RX ua=95 mt=R len=7
PKT t=15431 TX ua=95 mt=P len=0
PKT t=15460 RX ua=95 mt=R len=7
PKT t=15465 TX ua=95 mt=P len=0
PKT t=15475 RX ua=95 mt=R len=7
PKT t=15480 TX ua=95 mt=P len=0
PKT t=15490 RX ua=95 mt=R len=7
PKT t=15495 TX ua=95 mt=P len=0
PKT t=15505 RX ua=95 mt=R len=7
PKT t=15510 TX ua=95 mt=P len=0
PKT t=15520 RX ua=95 mt=R len=7
PKT t=15525 TX ua=95 mt=P len=0
PKT t=15535 RX ua=95 mt=R len=7
PKT t=15540 TX ua=95 mt=P len=0
PKT t=15569 RX ua=95 mt=R len=7
PKT t=15574 TX ua=95 mt=P len=0
PKT t=15584 RX ua=95 mt=R len=7
PKT t=15589 TX ua=95 mt=P len=0
PKT t=15599 RX ua=95 mt=R len=7
PKT t=15604 TX ua=95 mt=T len=7
PKT t=15616 TX ua=95 mt=P len=0
PKT t=15625 RX ua=95 mt=R len=7
PKT t=15630 TX ua=95 mt=P len=0
PKT t=15639 RX ua=95 mt=R len=7
PKT t=15644 TX ua=95 mt=P len=0
PKT t=15673 RX ua=95 mt=R len=7
PKT t=15678 TX ua=95 mt=P len=0
PKT t=15687 RX ua=95 mt=R len=7
PKT t=15692 TX ua=95 mt=P len=0
PKT t=15701 RX ua=95 mt=R len=7
PKT t=15706 TX ua=95 mt=P len=0
PKT t=15715 RX ua=95 mt=R len=7
PKT t=15720 TX ua=95 mt=P len=0
PKT t=15729 RX ua=95 mt=R len=7
PKT t=15734 TX ua=95 mt=P len=0
PKT t=15743 RX ua=95 mt=R len=7
PKT t=15754 TX ua=95 mt=P len=0
PKT t=15777 RX ua=95 mt=R len=7
PKT t=15782 TX ua=95 mt=P len=0
PKT t=15791 RX ua=95 mt=R len=7
PKT t=15796 TX ua=95 mt=P len=0
PKT t=15805 RX ua=95 mt=R len=7
PKT t=15810 TX ua=95 mt=P len=0
PKT t=15819 RX ua=95 mt=R len=7
PKT t=15824 TX ua=95 mt=P len=0
PKT t=15833 RX ua=95 mt=R len=7
PKT t=15838 TX ua=95 mt=P len=0
PKT t=15854 RX ua=95 mt=R len=7
PKT t=15859 TX ua=95 mt=T len=7
PKT t=15871 TX ua=95 mt=P len=0
PKT t=15883 RX ua=95 mt=R len=7
PKT t=15888 TX ua=95 mt=P len=0
PKT t=15897 RX ua=95 mt=R len=7
PKT t=15902 TX ua=95 mt=P len=0
PKT t=15911 RX ua=95 mt=R len=7
PKT t=15916 TX ua=95 mt=P len=0
PKT t=15926 RX ua=95 mt=R len=7
PKT t=15931 TX ua=95 mt=P len=0
PKT t=15940 RX ua=95 mt=R len=7
PKT t=15945 TX ua=95 mt=P len=0
PKT t=15954 RX ua=95 mt=R len=7
PKT t=15959 TX ua=95 mt=P len=0
PKT t=15988 RX ua=95 mt=R len=7
PKT t=15993 TX ua=95 mt=P len=0
PKT t=16003 RX ua=95 mt=R len=7
PKT t=16012 TX ua=95 mt=P len=0
PKT t=16021 RX ua=95 mt=R len=7
PKT t=16026 TX ua=95 mt=P len=0
PKT t=16035 RX ua=95 mt=R len=7
PKT t=16040 TX ua=95 mt=P len=0
PKT t=16054 RX ua=95 mt=R len=7
PKT t=16059 TX ua=95 mt=P len=0
PKT t=16088 RX ua=95 mt=R len=7
PKT t=16093 TX ua=95 mt=P len=0
PKT t=16102 RX ua=95 mt=R len=7
PKT t=16107 TX ua=95 mt=T len=7
PKT t=16119 TX ua=95 mt=P len=0
PKT t=16128 RX ua=95 mt=R len=7
PKT t=16133 TX ua=95 mt=P len=0
PKT t=16143 RX ua=95 mt=R len=7
PKT t=16154 TX ua=95 mt=P len=0
PKT t=16188 RX ua=95 mt=R len=7
PKT t=16193 TX ua=95 mt=P len=0
PKT t=16202 RX ua=95 mt=R len=7
PKT t=16207 TX ua=95 mt=P len=0
PKT t=16216 RX ua=95 mt=R len=7
PKT t=16221 TX ua=95 mt=P len=0
PKT t=16230 RX ua=95 mt=R len=7
PKT t=16235 TX ua=95 mt=P len=0
PKT t=16244 RX ua=95 mt=R len=7
PKT t=16254 TX ua=95 mt=P len=0
PKT t=16288 RX ua=95 mt=R len=7
PKT t=16293 TX ua=95 mt=P len=0
PKT t=16302 RX ua=95 mt=R len=7
PKT t=16307 TX ua=95 mt=P len=0
PKT t=16316 RX ua=95 mt=R len=7
PKT t=16321 TX ua=95 mt=P len=0
PKT t=16330 RX ua=95 mt=R len=7
PKT t=16335 TX ua=95 mt=P len=0
PKT t=16344 RX ua=95 mt=R len=7
PKT t=16354 TX ua=95 mt=T len=7
PKT t=16366 TX ua=95 mt=P len=0
PKT t=16390 RX ua=95 mt=R len=7
PKT t=16395 TX ua=95 mt=P len=0
PKT t=16404 RX ua=95 mt=R len=7
PKT t=16409 TX ua=95 mt=P len=0
PKT t=16418 RX ua=95 mt=R len=7
PKT t=16423 TX ua=95 mt=P len=0
PKT t=16432 RX ua=95 mt=R len=7
PKT t=16437 TX ua=95 mt=P len=0
PKT t=16446 RX ua=95 mt=R len=7
PKT t=16454 TX ua=95 mt=P len=0
PKT t=16488 RX ua=95 mt=R len=7
PKT t=16493 TX ua=95 mt=P len=0
PKT t=16502 RX ua=95 mt=R len=7
PKT t=16507 TX ua=95 mt=P len=0
PKT t=16516 RX ua=95 mt=R len=7
PKT t=16521 TX ua=95 mt=P len=0
PKT t=16530 RX ua=95 mt=R len=7
PKT t=16535 TX ua=95 mt=P len=0
PKT t=16544 RX ua=95 mt=R len=7
PKT t=16554 TX ua=95 mt=P len=0
PKT t=16588 RX ua=95 mt=R len=7
PKT t=16593 TX ua=95 mt=P len=0
PKT t=16602 RX ua=95 mt=R len=7
PKT t=16607 TX ua=95 mt=T len=7
PKT t=16619 TX ua=95 mt=P len=0
PKT t=16628 RX ua=95 mt=R len=7
PKT t=16633 TX ua=95 mt=P len=0
PKT t=16642 RX ua=95 mt=R len=7
PKT t=16647 TX ua=95 mt=P len=0
PKT t=16656 RX ua=95 mt=R len=7
PKT t=16661 TX ua=95 mt=P len=0
PKT t=16690 RX ua=95 mt=R len=7
PKT t=16695 TX ua=95 mt=P len=0
PKT t=16704 RX ua=95 mt=R len=7
PKT t=16709 TX ua=95 mt=P len=0
PKT t=16718 RX ua=95 mt=R len=7
PKT t=16723 TX ua=95 mt=P len=0
PKT t=16732 RX ua=95 mt=R len=7
PKT t=16737 TX ua=95 mt=P len=0
PKT t=16746 RX ua=95 mt=R len=7
PKT t=16754 TX ua=95 mt=P len=0
PKT t=16763 RX ua=95 mt=R len=7
PKT t=16768 TX ua=95 mt=P len=0
PKT t=16797 RX ua=95 mt=R len=7
PKT t=16802 TX ua=95 mt=P len=0
PKT t=16811 RX ua=95 mt=R len=7
PKT t=16816 TX ua=95 mt=P len=0
PKT t=16825 RX ua=95 mt=R len=7
PKT t=16830 TX ua=95 mt=P len=0
PKT t=16839 RX ua=95 mt=R len=7
PKT t=16844 TX ua=95 mt=P len=0
PKT t=16854 RX ua=95 mt=R len=7
PKT t=16859 TX ua=95 mt=T len=7
PKT t=16871 TX ua=95 mt=P len=0
PKT t=16899 RX ua=95 mt=R len=7
PKT t=16904 TX ua=95 mt=P len=0
PKT t=16913 RX ua=95 mt=R len=7
PKT t=16918 TX ua=95 mt=P len=0
PKT t=16927 RX ua=95 mt=R len=7
PKT t=16932 TX ua=95 mt=P len=0
PKT t=16941 RX ua=95 mt=R len=7
PKT t=16946 TX ua=95 mt=P len=0
PKT t=16955 RX ua=95 mt=R len=7
PKT t=16960 TX ua=95 mt=P len=0
PKT t=16969 RX ua=95 mt=R len=7
PKT t=16974 TX ua=95 mt=P len=0
PKT t=17004 RX ua=95 mt=R len=7
PKT t=17009 TX ua=95 mt=P len=0
PKT t=17018 RX ua=95 mt=R len=7
PKT t=17023 TX ua=95 mt=P len=0
PKT t=17032 RX ua=95 mt=R len=7
PKT t=17037 TX ua=95 mt=P len=0
PKT t=17046 RX ua=95 mt=R len=7
PKT t=17054 TX ua=95 mt=P len=0
PKT t=17063 RX ua=95 mt=R len=7
PKT t=17068 TX ua=95 mt=P len=0
PKT t=17077 RX ua=95 mt=R len=7
PKT t=17082 TX ua=95 mt=P len=0
PKT t=17111 RX ua=95 mt=R len=7
PKT t=17116 TX ua=95 mt=T len=7
PKT t=17128 TX ua=95 mt=P len=0
PKT t=17137 RX ua=95 mt=R len=7
PKT t=17142 TX ua=95 mt=P len=0
PKT t=17154 RX ua=95 mt=R len=7
PKT t=17159 TX ua=95 mt=P len=0
PKT t=17168 RX ua=95 mt=R len=7
PKT t=17173 TX ua=95 mt=P len=0
PKT t=17182 RX ua=95 mt=R len=7
PKT t=17187 TX ua=95 mt=P len=0
PKT t=17216 RX ua=95 mt=R len=7
PKT t=17221 TX ua=95 mt=P len=0
PKT t=17230 RX ua=95 mt=R len=7
PKT t=17235 TX ua=95 mt=P len=0
PKT t=17244 RX ua=95 mt=R len=7
PKT t=17254 TX ua=95 mt=P len=0
PKT t=17263 RX ua=95 mt=R len=7
PKT t=17268 TX ua=95 mt=P len=0
PKT t=17277 RX ua=95 mt=R len=7
PKT t=17282 TX ua=95 mt=P len=0
PKT t=17291 RX ua=95 mt=R len=7
PKT t=17296 TX ua=95 mt=P len=0
PKT t=17325 RX ua=95 mt=R len=7
PKT t=17330 TX ua=95 mt=P len=0
PKT t=17339 RX ua=95 mt=R len=7
PKT t=17344 TX ua=95 mt=P len=0
PKT t=17354 RX ua=95 mt=R len=7
PKT t=17359 TX ua=95 mt=T len=7
PKT t=17371 TX ua=95 mt=P len=0
PKT t=17381 RX ua=95 mt=R len=7
PKT t=17386 TX ua=95 mt=P len=0
PKT t=17396 RX ua=95 mt=R len=7
PKT t=17401 TX ua=95 mt=P len=0
PKT t=17430 RX ua=95 mt=R len=7
PKT t=17435 TX ua=95 mt=P len=0
PKT t=17445 RX ua=95 mt=R len=7
PKT t=17454 TX ua=95 mt=P len=0
PKT t=17464 RX ua=95 mt=R len=7
PKT t=17469 TX ua=95 mt=P len=0
PKT t=17479 RX ua=95 mt=R len=7
PKT t=17484 TX ua=95 mt=P len=0
PKT t=17494 RX ua=95 mt=R len=7
PKT t=17499 TX ua=95 mt=P len=0
PKT t=17529 RX ua=95 mt=R len=7
PKT t=17534 TX ua=95 mt=P len=0
PKT t=17544 RX ua=95 mt=R len=7
PKT t=17554 TX ua=95 mt=P len=0
PKT t=17564 RX ua=95 mt=R len=7
PKT t=17569 TX ua=95 mt=P len=0
PKT t=17579 RX ua=95 mt=R len=7
PKT t=17584 TX ua=95 mt=P len=0
PKT t=17594 RX ua=95 mt=R len=7
PKT t=17599 TX ua=95 mt=T len=7
PKT t=17611 TX ua=95 mt=P len=0
PKT t=17630 RX ua=95 mt=R len=7
PKT t=17635 TX ua=95 mt=P len=0
PKT t=17644 RX ua=95 mt=R len=7
PKT t=17654 TX ua=95 mt=P len=0
PKT t=17663 RX ua=95 mt=R len=7
PKT t=17668 TX ua=95 mt=P len=0
PKT t=17677 RX ua=95 mt=R len=7
PKT t=17682 TX ua=95 mt=P len=0
PKT t=17691 RX ua=95 mt=R len=7
PKT t=17696 TX ua=95 mt=P len=0
PKT t=17729 RX ua=95 mt=R len=7
PKT t=17734 TX ua=95 mt=P len=0
PKT t=17743 RX ua=95 mt=R len=7
PKT t=17754 TX ua=95 mt=P len=0
PKT t=17763 RX ua=95 mt=R len=7
PKT t=17768 TX ua=95 mt=P len=0
PKT t=17777 RX ua=95 mt=R len=7
PKT t=17782 TX ua=95 mt=P len=0
PKT t=17791 RX ua=95 mt=R len=7
PKT t=17796 TX ua=95 mt=P len=0
PKT t=17829 RX ua=95 mt=R len=7
PKT t=17834 TX ua=95 mt=P len=0
PKT t=17843 RX ua=95 mt=R len=7
PKT t=17854 TX ua=95 mt=T len=7
PKT t=17866 TX ua=95 mt=P len=0
PKT t=17875 RX ua=95 mt=R len=7
PKT t=17880 TX ua=95 mt=P len=0
PKT t=17889 RX ua=95 mt=R len=7
PKT t=17894 TX ua=95 mt=P len=0
PKT t=17903 RX ua=95 mt=R len=7
PKT t=17908 TX ua=95 mt=P len=0
PKT t=17937 RX ua=95 mt=R len=7
PKT t=17942 TX ua=95 mt=P len=0
PKT t=17954 RX ua=95 mt=R len=7
PKT t=17959 TX ua=95 mt=P len=0
PKT t=17968 RX ua=95 mt=R len=7
PKT t=17973 TX ua=95 mt=P len=0
PKT t=17982 RX ua=95 mt=R len=7
PKT t=17987 TX ua=95 mt=P len=0
PKT t=17996 RX ua=95 mt=R len=7
PKT t=18001 TX ua=95 mt=P len=0
PKT t=18013 RX ua=95 mt=R len=7
PKT t=18018 TX ua=95 mt=P len=0
PKT t=18044 RX ua=95 mt=R len=7
PKT t=18054 TX ua=95 mt=P len=0
PKT t=18063 RX ua=95 mt=R len=7
PKT t=18068 TX ua=95 mt=P len=0
PKT t=18077 RX ua=95 mt=R len=7
PKT t=18082 TX ua=95 mt=P len=0
PKT t=18091 RX ua=95 mt=R len=7
PKT t=18096 TX ua=95 mt=P len=0
PKT t=18105 RX ua=95 mt=R len=7
PKT t=18110 TX ua=95 mt=T len=7
PKT t=18123 TX ua=95 mt=P len=0
PKT t=18155 RX ua=95 mt=R len=7
PKT t=18160 TX ua=95 mt=T len=7
PKT t=18173 TX ua=95 mt=P len=0
PKT t=18182 RX ua=95 mt=R len=7
PKT t=18187 TX ua=95 mt=P len=0
PKT t=18196 RX ua=95 mt=R len=7
PKT t=18201 TX ua=95 mt=P len=0
PKT t=18210 RX ua=95 mt=R len=7
PKT t=18215 TX ua=95 mt=P len=0
PKT t=18224 RX ua=95 mt=R len=7
PKT t=18229 TX ua=95 mt=P len=0
PKT t=18258 RX ua=95 mt=R len=7
PKT t=18263 TX ua=95 mt=P len=0
PKT t=18272 RX ua=95 mt=R len=7
PKT t=18277 TX ua=95 mt=P len=0
PKT t=18286 RX ua=95 mt=R len=7
PKT t=18291 TX ua=95 mt=P len=0
PKT t=18300 RX ua=95 mt=R len=7
PKT t=18305 TX ua=95 mt=P len=0
PKT t=18314 RX ua=95 mt=R len=7
PKT t=18319 TX ua=95 mt=P len=0
PKT t=18328 RX ua=95 mt=R len=7
PKT t=18333 TX ua=95 mt=P len=0
PKT t=18362 RX ua=95 mt=R len=7
PKT t=18367 TX ua=95 mt=T len=7
PKT t=18380 TX ua=95 mt=P len=0
PKT t=18389 RX ua=95 mt=R len=7
PKT t=18394 TX ua=95 mt=P len=0
PKT t=18403 RX ua=95 mt=R len=7
PKT t=18408 TX ua=95 mt=P len=0
PKT t=18417 RX ua=95 mt=R len=7
PKT t=18422 TX ua=96 mt=I len=13
PKT t=18930 TX ua=96 mt=T len=4
PKT t=18941 TX ua=95 mt=P len=0
PKT t=18954 RX ua=95 mt=R len=7
PKT t=18959 TX ua=96 mt=P len=0
PKT t=19217 TX ua=95 mt=P len=0
PKT t=19226 RX ua=95 mt=R len=7
PKT t=19231 TX ua=95 mt=T len=7
PKT t=19243 TX ua=95 mt=P len=0
PKT t=19263 RX ua=95 mt=R len=7
PKT t=19268 TX ua=95 mt=P len=0
PKT t=19277 RX ua=95 mt=R len=7
PKT t=19282 TX ua=95 mt=P len=0
PKT t=19291 RX ua=95 mt=R len=7
PKT t=19296 TX ua=95 mt=P len=0
PKT t=19305 RX ua=95 mt=R len=7
PKT t=19310 TX ua=95 mt=P len=0
PKT t=19319 RX ua=95 mt=R len=7
PKT t=19324 TX ua=95 mt=P len=0
PKT t=19333 RX ua=95 mt=R len=7
PKT t=19338 TX ua=95 mt=P len=0
PKT t=19367 RX ua=95 mt=R len=7
PKT t=19372 TX ua=95 mt=T len=7
PKT t=19384 TX ua=95 mt=P len=0
PKT t=19394 RX ua=95 mt=R len=7
PKT t=19399 TX ua=95 mt=P len=0
PKT t=19409 RX ua=95 mt=R len=7
PKT t=19414 TX ua=95 mt=P len=0
PKT t=19424 RX ua=95 mt=R len=7
PKT t=19429 TX ua=95 mt=P len=0
PKT t=19439 RX ua=95 mt=R len=7
PKT t=19444 TX ua=95 mt=P len=0
PKT t=19473 RX ua=95 mt=R len=7
PKT t=19478 TX ua=95 mt=P len=0
PKT t=19488 RX ua=95 mt=R len=7
PKT t=19493 TX ua=95 mt=P len=0
PKT t=19503 RX ua=95 mt=R len=7
PKT t=19508 TX ua=95 mt=P len=0
PKT t=19518 RX ua=95 mt=R len=7
PKT t=19523 TX ua=95 mt=P len=0
PKT t=19533 RX ua=95 mt=R len=7
PKT t=19538 TX ua=95 mt=P len=0
PKT t=19554 RX ua=95 mt=R len=7
PKT t=19559 TX ua=95 mt=P len=0
PKT t=19582 RX ua=95 mt=R len=7
PKT t=19587 TX ua=95 mt=P len=0
PKT t=19597 RX ua=95 mt=R len=7
PKT t=19602 TX ua=95 mt=T len=7
PKT t=19614 TX ua=95 mt=P len=0
PKT t=19623 RX ua=95 mt=R len=7
PKT t=19628 TX ua=95 mt=P len=0
PKT t=19637 RX ua=95 mt=R len=7
PKT t=19642 TX ua=95 mt=P len=0
PKT t=19654 RX ua=95 mt=R len=7
PKT t=19659 TX ua=95 mt=P len=0
PKT t=19685 RX ua=95 mt=R len=7
PKT t=19690 TX ua=95 mt=P len=0
PKT t=19699 RX ua=95 mt=R len=7
PKT t=19704 TX ua=95 mt=P len=0
PKT t=19713 RX ua=95 mt=R len=7
PKT t=19718 TX ua=95 mt=P len=0
PKT t=19727 RX ua=95 mt=R len=7
PKT t=19732 TX ua=95 mt=P len=0
PKT t=19741 RX ua=95 mt=R len=7
PKT t=19746 TX ua=95 mt=P len=0
PKT t=19755 RX ua=95 mt=R len=7
PKT t=19760 TX ua=95 mt=P len=0
PKT t=19789 RX ua=95 mt=R len=7
PKT t=19794 TX ua=95 mt=P len=0
PKT t=19803 RX ua=95 mt=R len=7
PKT t=19808 TX ua=95 mt=P len=0
PKT t=19817 RX ua=95 mt=R len=7
PKT t=19822 TX ua=95 mt=P len=0
PKT t=19831 RX ua=95 mt=R len=7
PKT t=19836 TX ua=95 mt=P len=0
PKT t=19845 RX ua=95 mt=R len=7
PKT t=19854 TX ua=95 mt=T len=7
PKT t=19866 TX ua=95 mt=P len=0
PKT t=19894 RX ua=95 mt=R len=7
PKT t=19899 TX ua=95 mt=P len=0
PKT t=19908 RX ua=95 mt=R len=7
PKT t=19913 TX ua=95 mt=P len=0
PKT t=19922 RX ua=95 mt=R len=7
PKT t=19927 TX ua=95 mt=P len=0
PKT t=19936 RX ua=95 mt=R len=7
PKT t=19941 TX ua=95 mt=P len=0
PKT t=19954 RX ua=95 mt=R len=7
PKT t=19959 TX ua=95 mt=P len=0
PKT t=19968 RX ua=95 mt=R len=7
PKT t=19973 TX ua=95 mt=P len=0
PKT t=20002 RX ua=95 mt=R len=7
PKT t=20007 TX ua=95 mt=P len=0
PKT t=20016 RX ua=95 mt=R len=7
PKT t=20021 TX ua=95 mt=P len=0
PKT t=20030 RX ua=95 mt=R len=7
PKT t=20035 TX ua=95 mt=P len=0
PKT t=20044 RX ua=95 mt=R len=7
PKT t=20054 TX ua=95 mt=P len=0
PKT t=20063 RX ua=95 mt=R len=7
PKT t=20068 TX ua=95 mt=P len=0
PKT t=20077 RX ua=95 mt=R len=7
PKT t=20082 TX ua=95 mt=P len=0
PKT t=20111 RX ua=95 mt=R len=7
PKT t=20116 TX ua=95 mt=T len=7
PKT t=20128 TX ua=95 mt=P len=0
PKT t=20137 RX ua=95 mt=R len=7
PKT t=20142 TX ua=95 mt=P len=0
PKT t=20154 RX ua=95 mt=R len=7
PKT t=20159 TX ua=95 mt=P len=0
PKT t=20168 RX ua=95 mt=R len=7
PKT t=20173 TX ua=95 mt=P len=0
PKT t=20182 RX ua=95 mt=R len=7
PKT t=20187 TX ua=95 mt=P len=0
PKT t=20216 RX ua=95 mt=R len=7
PKT t=20221 TX ua=95 mt=P len=0
PKT t=20230 RX ua=95 mt=R len=7
PKT t=20235 TX ua=95 mt=P len=0
PKT t=20244 RX ua=95 mt=R len=7
PKT t=20254 TX ua=95 mt=P len=0
PKT t=20263 RX ua=95 mt=R len=7
PKT t=20268 TX ua=95 mt=P len=0
PKT t=20277 RX ua=95 mt=R len=7
PKT t=20282 TX ua=95 mt=P len=0
PKT t=20291 RX ua=95 mt=R len=7
PKT t=20296 TX ua=95 mt=P len=0
PKT t=20325 RX ua=95 mt=R len=7
PKT t=20330 TX ua=95 mt=P len=0
PKT t=20339 RX ua=95 mt=R len=7
PKT t=20344 TX ua=95 mt=P len=0
PKT t=20354 RX ua=95 mt=R len=7
PKT t=20359 TX ua=95 mt=T len=7
PKT t=20371 TX ua=95 mt=P len=0
PKT t=20380 RX ua=95 mt=R len=7
PKT t=20385 TX ua=95 mt=P len=0
PKT t=20394 RX ua=95 mt=R len=7
PKT t=20399 TX ua=95 mt=P len=0
PKT t=20428 RX ua=95 mt=R len=7
PKT t=20433 TX ua=95 mt=P len=0
PKT t=20442 RX ua=95 mt=R len=7
PKT t=20447 TX ua=95 mt=P len=0
PKT t=20456 RX ua=95 mt=R len=7
PKT t=20461 TX ua=95 mt=P len=0
PKT t=20470 RX ua=95 mt=R len=7
PKT t=20475 TX ua=95 mt=P len=0
PKT t=20484 RX ua=95 mt=R len=7
PKT t=20489 TX ua=95 mt=P len=0
PKT t=20498 RX ua=95 mt=R len=7
PKT t=20503 TX ua=95 mt=P len=0
PKT t=20532 RX ua=95 mt=R len=7
PKT t=20537 TX ua=95 mt=P len=0
PKT t=20546 RX ua=95 mt=R len=7
PKT t=20554 TX ua=95 mt=P len=0
PKT t=20563 RX ua=95 mt=R len=7
PKT t=20568 TX ua=95 mt=P len=0
PKT t=20577 RX ua=95 mt=R len=7
PKT t=20582 TX ua=95 mt=P len=0
PKT t=20591 RX ua=95 mt=R len=7
PKT t=20596 TX ua=95 mt=P len=0
PKT t=20605 RX ua=95 mt=R len=7
PKT t=20610 TX ua=95 mt=T len=7
PKT t=20622 TX ua=95 mt=P len=0
PKT t=20641 RX ua=95 mt=R len=7
PKT t=20646 TX ua=95 mt=P len=0
PKT t=20655 RX ua=95 mt=R len=7
PKT t=20660 TX ua=95 mt=P len=0
PKT t=20669 RX ua=95 mt=R len=7
PKT t=20674 TX ua=95 mt=P len=0
PKT t=20683 RX ua=95 mt=R len=7
PKT t=20688 TX ua=95 mt=P len=0
PKT t=20697 RX ua=95 mt=R len=7
PKT t=20702 TX ua=95 mt=P len=0
PKT t=20711 RX ua=95 mt=R len=7
PKT t=20716 TX ua=95 mt=P len=0
PKT t=20745 RX ua=95 mt=R len=7
PKT t=20754 TX ua=95 mt=P len=0
PKT t=20763 RX ua=95 mt=R len=7
PKT t=20768 TX ua=95 mt=P len=0
PKT t=20777 RX ua=95 mt=R len=7
PKT t=20782 TX ua=95 mt=P len=0
PKT t=20791 RX ua=95 mt=R len=7
PKT t=20796 TX ua=95 mt=P len=0
PKT t=20805 RX ua=95 mt=R len=7
PKT t=20810 TX ua=95 mt=P len=0
PKT t=20819 RX ua=95 mt=R len=7
PKT t=20824 TX ua=95 mt=P len=0
PKT t=20854 RX ua=95 mt=R len=7
PKT t=20859 TX ua=95 mt=T len=7
PKT t=20871 TX ua=95 mt=P len=0
PKT t=20880 RX ua=95 mt=R len=7
PKT t=20885 TX ua=95 mt=P len=0
PKT t=20894 RX ua=95 mt=R len=7
PKT t=20899 TX ua=95 mt=P len=0
PKT t=20908 RX ua=95 mt=R len=7
PKT t=20913 TX ua=95 mt=P len=0
PKT t=20922 RX ua=95 mt=R len=7
PKT t=20927 TX ua=95 mt=P len=0
PKT t=20956 RX ua=95 mt=R len=7
PKT t=20961 TX ua=95 mt=P len=0
PKT t=20970 RX ua=95 mt=R len=7
PKT t=20975 TX ua=95 mt=P len=0
PKT t=20984 RX ua=95 mt=R len=7
PKT t=20989 TX ua=95 mt=P len=0
PKT t=20998 RX ua=95 mt=R len=7
PKT t=21003 TX ua=95 mt=P len=0
PKT t=21012 RX ua=95 mt=R len=7
PKT t=21017 TX ua=95 mt=P len=0
PKT t=21026 RX ua=95 mt=R len=7
PKT t=21031 TX ua=95 mt=P len=0
PKT t=21060 RX ua=95 mt=R len=7
PKT t=21065 TX ua=95 mt=P len=0
PKT t=21074 RX ua=95 mt=R len=7
PKT t=21079 TX ua=95 mt=P len=0
PKT t=21088 RX ua=95 mt=R len=7
PKT t=21093 TX ua=95 mt=P len=0
PKT t=21102 RX ua=95 mt=R len=7
PKT t=21107 TX ua=95 mt=T len=7
PKT t=21120 TX ua=95 mt=P len=0
PKT t=21129 RX ua=95 mt=R len=7
PKT t=21134 TX ua=95 mt=P len=0
PKT t=21163 RX ua=95 mt=R len=7
PKT t=21168 TX ua=95 mt=P len=0
PKT t=21178 RX ua=95 mt=R len=7
PKT t=21183 TX ua=95 mt=P len=0
PKT t=21192 RX ua=95 mt=R len=7
PKT t=21197 TX ua=95 mt=P len=0
PKT t=21206 RX ua=95 mt=R len=7
PKT t=21211 TX ua=95 mt=P len=0
PKT t=21220 RX ua=95 mt=R len=7
PKT t=21225 TX ua=95 mt=P len=0
PKT t=21234 RX ua=95 mt=R len=7
PKT t=21239 TX ua=95 mt=P len=0
PKT t=21268 RX ua=95 mt=R len=7
PKT t=21273 TX ua=95 mt=P len=0
PKT t=21282 RX ua=95 mt=R len=7
PKT t=21287 TX ua=95 mt=P len=0
PKT t=21296 RX ua=95 mt=R len=7
PKT t=21301 TX ua=95 mt=P len=0
PKT t=21310 RX ua=95 mt=R len=7
PKT t=21315 TX ua=95 mt=P len=0
PKT t=21324 RX ua=95 mt=R len=7
PKT t=21329 TX ua=95 mt=P len=0
PKT t=21338 RX ua=95 mt=R len=7
PKT t=21343 TX ua=95 mt=P len=0
PKT t=21372 RX ua=95 mt=R len=7
PKT t=21377 TX ua=95 mt=T len=7
PKT t=21390 TX ua=95 mt=P len=0
PKT t=21400 RX ua=95 mt=R len=7
PKT t=21405 TX ua=95 mt=P len=0
PKT t=21415 RX ua=95 mt=R len=7
PKT t=21420 TX ua=95 mt=P len=0
PKT t=21430 RX ua=95 mt=R len=7
PKT t=21435 TX ua=95 mt=P len=0
PKT t=21445 RX ua=95 mt=R len=7
PKT t=21454 TX ua=95 mt=P len=0
PKT t=21479 RX ua=95 mt=R len=7
PKT t=21484 TX ua=95 mt=P len=0
PKT t=21494 RX ua=95 mt=R len=7
PKT t=21499 TX ua=95 mt=P len=0
PKT t=21509 RX ua=95 mt=R len=7
PKT t=21514 TX ua=95 mt=P len=0
PKT t=21524 RX ua=95 mt=R len=7
PKT t=21529 TX ua=95 mt=P len=0
PKT t=21539 RX ua=95 mt=R len=7
PKT t=21544 TX ua=95 mt=P len=0
PKT t=21554 RX ua=95 mt=R len=7
PKT t=21559 TX ua=95 mt=P len=0
PKT t=21588 RX ua=95 mt=R len=7
PKT t=21593 TX ua=95 mt=P len=0
PKT t=21603 RX ua=95 mt=R len=7
PKT t=21608 TX ua=95 mt=T len=7
PKT t=21621 TX ua=95 mt=P len=0
PKT t=21630 RX ua=95 mt=R len=7
PKT t=21635 TX ua=95 mt=P len=0
PKT t=21644 RX ua=95 mt=R len=7
PKT t=21654 TX ua=95 mt=P len=0
PKT t=21687 RX ua=95 mt=R len=7
PKT t=21692 TX ua=95 mt=P len=0
PKT t=21701 RX ua=95 mt=R len=7
PKT t=21706 TX ua=95 mt=P len=0
PKT t=21715 RX ua=95 mt=R len=7
PKT t=21720 TX ua=95 mt=P len=0
PKT t=21729 RX ua=95 mt=R len=7
PKT t=21734 TX ua=95 mt=P len=0
PKT t=21743 RX ua=95 mt=R len=7
PKT t=21754 TX ua=95 mt=P len=0
PKT t=21787 RX ua=95 mt=R len=7
PKT t=21792 TX ua=95 mt=P len=0
PKT t=21801 RX ua=95 mt=R len=7
PKT t=21806 TX ua=95 mt=P len=0
PKT t=21815 RX ua=95 mt=R len=7
PKT t=21820 TX ua=95 mt=P len=0
PKT t=21829 RX ua=95 mt=R len=7
PKT t=21834 TX ua=95 mt=P len=0
PKT t=21843 RX ua=95 mt=R len=7
PKT t=21854 TX ua=95 mt=T len=7
PKT t=21867 TX ua=95 mt=P len=0
PKT t=21889 RX ua=95 mt=R len=7
PKT t=21893 TX ua=95 mt=P len=0
PKT t=21902 RX ua=95 mt=R len=7
PKT t=21907 TX ua=95 mt=P len=0
PKT t=21916 RX ua=95 mt=R len=7
PKT t=21921 TX ua=95 mt=P len=0
PKT t=21930 RX ua=95 mt=R len=7
PKT t=21935 TX ua=95 mt=P len=0
PKT t=21944 RX ua=95 mt=R len=7
PKT t=21954 TX ua=95 mt=P len=0
PKT t=21987 RX ua=95 mt=R len=7
PKT t=21992 TX ua=95 mt=P len=0
PKT t=22001 RX ua=95 mt=R len=7
PKT t=22006 TX ua=95 mt=P len=0
PKT t=22015 RX ua=95 mt=R len=7
PKT t=22020 TX ua=95 mt=P len=0
PKT t=22029 RX ua=95 mt=R len=7
PKT t=22034 TX ua=95 mt=P len=0
PKT t=22043 RX ua=95 mt=R len=7
PKT t=22054 TX ua=95 mt=P len=0
PKT t=22087 RX ua=95 mt=R len=7
PKT t=22092 TX ua=95 mt=P len=0
PKT t=22101 RX ua=95 mt=R len=7
PKT t=22106 TX ua=95 mt=T len=7
PKT t=22118 TX ua=95 mt=P len=0
PKT t=22127 RX ua=95 mt=R len=7
PKT t=22132 TX ua=95 mt=P len=0
PKT t=22141 RX ua=95 mt=R len=7
PKT t=22146 TX ua=95 mt=P len=0
PKT t=22155 RX ua=95 mt=R len=7
PKT t=22160 TX ua=95 mt=P len=0
PKT t=22194 RX ua=95 mt=R len=7
PKT t=22199 TX ua=95 mt=P len=0
PKT t=22208 RX ua=95 mt=R len=7
PKT t=22213 TX ua=95 mt=P len=0
PKT t=22222 RX ua=95 mt=R len=7
PKT t=22227 TX ua=95 mt=P len=0
PKT t=22236 RX ua=95 mt=R len=7
PKT t=22241 TX ua=95 mt=P len=0
PKT t=22254 RX ua=95 mt=R len=7
PKT t=22259 TX ua=95 mt=P len=0
PKT t=22289 RX ua=95 mt=R len=7
PKT t=22294 TX ua=95 mt=P len=0
PKT t=22303 RX ua=95 mt=R len=7
PKT t=22308 TX ua=95 mt=P len=0
PKT t=22317 RX ua=95 mt=R len=7
PKT t=22322 TX ua=95 mt=P len=0
PKT t=22331 RX ua=95 mt=R len=7
PKT t=22336 TX ua=95 mt=P len=0
PKT t=22345 RX ua=95 mt=R len=7
PKT t=22354 TX ua=95 mt=T len=7
PKT t=22366 TX ua=95 mt=P len=0
PKT t=22394 RX ua=95 mt=R len=7
PKT t=22399 TX ua=95 mt=P len=0
PKT t=22408 RX ua=95 mt=R len=7
PKT t=22413 TX ua=95 mt=P len=0
PKT t=22422 RX ua=95 mt=R len=7
PKT t=22427 TX ua=95 mt=P len=0
PKT t=22436 RX ua=95 mt=R len=7
PKT t=22441 TX ua=95 mt=P len=0
PKT t=22454 RX ua=95 mt=R len=7
PKT t=22459 TX ua=95 mt=P len=0
PKT t=22468 RX ua=95 mt=R len=7
PKT t=22473 TX ua=95 mt=P len=0
PKT t=22502 RX ua=95 mt=R len=7
PKT t=22507 TX ua=95 mt=P len=0
PKT t=22516 RX ua=95 mt=R len=7
PKT t=22521 TX ua=95 mt=P len=0
PKT t=22530 RX ua=95 mt=R len=7
PKT t=22535 TX ua=95 mt=P len=0
PKT t=22544 RX ua=95 mt=R len=7
PKT t=22554 TX ua=95 mt=P len=0
PKT t=22563 RX ua=95 mt=R len=7
PKT t=22568 TX ua=95 mt=P len=0
PKT t=22577 RX ua=95 mt=R len=7
PKT t=22582 TX ua=95 mt=P len=0
PKT t=22611 RX ua=95 mt=R len=7
PKT t=22616 TX ua=95 mt=T len=7
PKT t=22628 TX ua=95 mt=P len=0
PKT t=22637 RX ua=95 mt=R len=7
PKT t=22642 TX ua=95 mt=P len=0
PKT t=22654 RX ua=95 mt=R len=7
PKT t=22659 TX ua=95 mt=P len=0
PKT t=22668 RX ua=95 mt=R len=7
PKT t=22673 TX ua=95 mt=P len=0
PKT t=22682 RX ua=95 mt=R len=7
PKT t=22687 TX ua=95 mt=P len=0
PKT t=22716 RX ua=95 mt=R len=7
PKT t=22721 TX ua=95 mt=P len=0
PKT t=22730 RX ua=95 mt=R len=7
PKT t=22735 TX ua=95 mt=P len=0
PKT t=22744 RX ua=95 mt=R len=7
PKT t=22754 TX ua=95 mt=P len=0
PKT t=22763 RX ua=95 mt=R len=7
PKT t=22768 TX ua=95 mt=P len=0
PKT t=22777 RX ua=95 mt=R len=7
PKT t=22782 TX ua=95 mt=P len=0
PKT t=22791 RX ua=95 mt=R len=7
PKT t=22796 TX ua=95 mt=P len=0
PKT t=22825 RX ua=95 mt=R len=7
PKT t=22830 TX ua=95 mt=P len=0
PKT t=22839 RX ua=95 mt=R len=7
PKT t=22844 TX ua=95 mt=P len=0
PKT t=22854 RX ua=95 mt=R len=7
PKT t=22859 TX ua=95 mt=T len=7
PKT t=22871 TX ua=95 mt=P len=0
PKT t=22880 RX ua=95 mt=R len=7
PKT t=22885 TX ua=95 mt=P len=0
PKT t=22894 RX ua=95 mt=R len=7
PKT t=22899 TX ua=95 mt=P len=0
PKT t=22928 RX ua=95 mt=R len=7
PKT t=22933 TX ua=95 mt=P len=0
PKT t=22942 RX ua=95 mt=R len=7
PKT t=22947 TX ua=95 mt=P len=0
PKT t=22956 RX ua=95 mt=R len=7
PKT t=22961 TX ua=95 mt=P len=0
PKT t=22970 RX ua=95 mt=R len=7
PKT t=22975 TX ua=95 mt=P len=0
PKT t=22984 RX ua=95 mt=R len=7
PKT t=22989 TX ua=95 mt=P len=0
PKT t=22998 RX ua=95 mt=R len=7
PKT t=23003 TX ua=95 mt=P len=0
PKT t=23032 RX ua=95 mt=R len=7
PKT t=23037 TX ua=95 mt=P len=0
PKT t=23046 RX ua=95 mt=R len=7
PKT t=23054 TX ua=95 mt=P len=0
PKT t=23063 RX ua=95 mt=R len=7
PKT t=23068 TX ua=95 mt=P len=0
PKT t=23077 RX ua=95 mt=R len=7
PKT t=23082 TX ua=95 mt=P len=0
PKT t=23091 RX ua=95 mt=R len=7
PKT t=23096 TX ua=95 mt=P len=0
PKT t=23105 RX ua=95 mt=R len=7
PKT t=23110 TX ua=95 mt=T len=7
PKT t=23122 TX ua=95 mt=P len=0
PKT t=23141 RX ua=95 mt=R len=7
PKT t=23146 TX ua=95 mt=P len=0
PKT t=23155 RX ua=95 mt=R len=7
PKT t=23160 TX ua=95 mt=P len=0
PKT t=23169 RX ua=95 mt=R len=7
PKT t=23174 TX ua=95 mt=P len=0
PKT t=23183 RX ua=95 mt=R len=7
PKT t=23188 TX ua=95 mt=P len=0
PKT t=23197 RX ua=95 mt=R len=7
PKT t=23202 TX ua=95 mt=P len=0
PKT t=23211 RX ua=95 mt=R len=7
PKT t=23216 TX ua=95 mt=P len=0
PKT t=23245 RX ua=95 mt=R len=7
PKT t=23254 TX ua=95 mt=P len=0
PKT t=23263 RX ua=95 mt=R len=7
PKT t=23268 TX ua=95 mt=P len=0
PKT t=23277 RX ua=95 mt=R len=7
PKT t=23282 TX ua=95 mt=P len=0
PKT t=23291 RX ua=95 mt=R len=7
PKT t=23296 TX ua=95 mt=P len=0
PKT t=23305 RX ua=95 mt=R len=7
PKT t=23310 TX ua=95 mt=P len=0
PKT t=23319 RX ua=95 mt=R len=7
PKT t=23324 TX ua=95 mt=P len=0
PKT t=23354 RX ua=95 mt=R len=7
PKT t=23359 TX ua=95 mt=T len=7
PKT t=23371 TX ua=95 mt=P len=0
PKT t=23381 RX ua=95 mt=R len=7
PKT t=23386 TX ua=95 mt=P len=0
PKT t=23396 RX ua=95 mt=R len=7
PKT t=23401 TX ua=95 mt=P len=0
PKT t=23411 RX ua=95 mt=R len=7
PKT t=23416 TX ua=95 mt=P len=0
PKT t=23426 RX ua=95 mt=R len=7
PKT t=23431 TX ua=95 mt=P len=0
PKT t=23460 RX ua=95 mt=R len=7
PKT t=23465 TX ua=95 mt=P len=0
PKT t=23475 RX ua=95 mt=R len=7
PKT t=23480 TX ua=95 mt=P len=0
PKT t=23490 RX ua=95 mt=R len=7
PKT t=23495 TX ua=95 mt=P len=0
PKT t=23505 RX ua=95 mt=R len=7
PKT t=23510 TX ua=95 mt=P len=0
PKT t=23520 RX ua=95 mt=R len=7
PKT t=23525 TX ua=95 mt=P len=0
PKT t=23535 RX ua=95 mt=R len=7
PKT t=23540 TX ua=95 mt=P len=0
PKT t=23569 RX ua=95 mt=R len=7
PKT t=23574 TX ua=95 mt=P len=0
PKT t=23584 RX ua=95 mt=R len=7
PKT t=23589 TX ua=95 mt=P len=0
PKT t=23599 RX ua=95 mt=R len=7
PKT t=23604 TX ua=95 mt=T len=7
PKT t=23616 TX ua=95 mt=P len=0
PKT t=23625 RX ua=95 mt=R len=7
PKT t=23630 TX ua=95 mt=P len=0
PKT t=23639 RX ua=95 mt=R len=7
PKT t=23644 TX ua=95 mt=P len=0
PKT t=23673 RX ua=95 mt=R len=7
PKT t=23678 TX ua=95 mt=P len=0
PKT t=23687 RX ua=95 mt=R len=7
PKT t=23692 TX ua=95 mt=P len=0
PKT t=23701 RX ua=95 mt=R len=7
PKT t=23706 TX ua=95 mt=P len=0
PKT t=23715 RX ua=95 mt=R len=7
PKT t=23720 TX ua=95 mt=P len=0
PKT t=23729 RX ua=95 mt=R len=7
PKT t=23734 TX ua=95 mt=P len=0
PKT t=23743 RX ua=95 mt=R len=7
PKT t=23754 TX ua=95 mt=P len=0
PKT t=23777 RX ua=95 mt=R len=7
PKT t=23782 TX ua=95 mt=P len=0
PKT t=23791 RX ua=95 mt=R len=7
PKT t=23796 TX ua=95 mt=P len=0
PKT t=23805 RX ua=95 mt=R len=7
PKT t=23810 TX ua=95 mt=P len=0
PKT t=23819 RX ua=95 mt=R len=7
PKT t=23824 TX ua=95 mt=P len=0
PKT t=23833 RX ua=95 mt=R len=7
PKT t=23838 TX ua=95 mt=P len=0
PKT t=23854 RX ua=95 mt=R len=7
PKT t=23859 TX ua=95 mt=T len=7
PKT t=23871 TX ua=95 mt=P len=0
PKT t=23883 RX ua=95 mt=R len=7
PKT t=23888 TX ua=95 mt=P len=0
PKT t=23897 RX ua=95 mt=R len=7
PKT t=23902 TX ua=95 mt=P len=0
PKT t=23911 RX ua=95 mt=R len=7
PKT t=23916 TX ua=95 mt=P len=0
PKT t=23925 RX ua=95 mt=R len=7
PKT t=23930 TX ua=95 mt=P len=0
PKT t=23939 RX ua=95 mt=R len=7
PKT t=23944 TX ua=95 mt=P len=0
PKT t=23954 RX ua=95 mt=R len=7
PKT t=23959 TX ua=95 mt=P len=0
PKT t=23987 RX ua=95 mt=R len=7
PKT t=23992 TX ua=95 mt=P len=0
PKT t=24001 RX ua=95 mt=R len=7
PKT t=24006 TX ua=95 mt=P len=0
PKT t=24016 RX ua=95 mt=R len=7
PKT t=24021 TX ua=95 mt=P len=0
PKT t=24030 RX ua=95 mt=R len=7
PKT t=24035 TX ua=95 mt=P len=0
PKT t=24044 RX ua=95 mt=R len=7
PKT t=24054 TX ua=95 mt=P len=0
PKT t=24087 RX ua=95 mt=R len=7
PKT t=24092 TX ua=95 mt=P len=0
PKT t=24101 RX ua=95 mt=R len=7
PKT t=24106 TX ua=95 mt=T len=7
PKT t=24118 TX ua=95 mt=P len=0
PKT t=24127 RX ua=95 mt=R len=7
PKT t=24132 TX ua=95 mt=P len=0
PKT t=24141 RX ua=95 mt=R len=7
PKT t=24146 TX ua=95 mt=P len=0
PKT t=24155 RX ua=95 mt=R len=7
PKT t=24160 TX ua=95 mt=P len=0
PKT t=24189 RX ua=95 mt=R len=7
PKT t=24194 TX ua=95 mt=P len=0
PKT t=24203 RX ua=95 mt=R len=7
PKT t=24208 TX ua=95 mt=P len=0
PKT t=24217 RX ua=95 mt=R len=7
PKT t=24222 TX ua=95 mt=P len=0
PKT t=24231 RX ua=95 mt=R len=7
PKT t=24236 TX ua=95 mt=P len=0
PKT t=24245 RX ua=95 mt=R len=7
PKT t=24254 TX ua=95 mt=P len=0
PKT t=24263 RX ua=95 mt=R len=7
PKT t=24268 TX ua=95 mt=P len=0
PKT t=24297 RX ua=95 mt=R len=7
PKT t=24302 TX ua=95 mt=P len=0
PKT t=24311 RX ua=95 mt=R len=7
PKT t=24316 TX ua=95 mt=P len=0
PKT t=24325 RX ua=95 mt=R len=7
PKT t=24330 TX ua=95 mt=P len=0
PKT t=24339 RX ua=95 mt=R len=7
PKT t=24344 TX ua=95 mt=P len=0
PKT t=24354 RX ua=95 mt=R len=7
PKT t=24359 TX ua=95 mt=T len=7
PKT t=24371 TX ua=95 mt=P len=0
PKT t=24399 RX ua=95 mt=R len=7
PKT t=24404 TX ua=95 mt=P len=0
PKT t=24413 RX ua=95 mt=R len=7
PKT t=24418 TX ua=95 mt=P len=0
PKT t=24427 RX ua=95 mt=R len=7
PKT t=24432 TX ua=95 mt=P len=0
PKT t=24441 RX ua=95 mt=R len=7
PKT t=24446 TX ua=95 mt=P len=0
PKT t=24455 RX ua=95 mt=R len=7
PKT t=24460 TX ua=95 mt=P len=0
PKT t=24469 RX ua=95 mt=R len=7
PKT t=24474 TX ua=95 mt=P len=0
PKT t=24503 RX ua=95 mt=R len=7
PKT t=24508 TX ua=95 mt=P len=0
PKT t=24517 RX ua=95 mt=R len=7
PKT t=24522 TX ua=95 mt=P len=0
PKT t=24531 RX ua=95 mt=R len=7
PKT t=24536 TX ua=95 mt=P len=0
PKT t=24545 RX ua=95 mt=R len=7
PKT t=24554 TX ua=95 mt=P len=0
PKT t=24563 RX ua=95 mt=R len=7
PKT t=24568 TX ua=95 mt=P len=0
PKT t=24577 RX ua=95 mt=R len=7
PKT t=24582 TX ua=95 mt=P len=0
PKT t=24611 RX ua=95 mt=R len=7
PKT t=24616 TX ua=95 mt=T len=7
PKT t=24628 TX ua=95 mt=P len=0
PKT t=24637 RX ua=95 mt=R len=7
PKT t=24642 TX ua=95 mt=P len=0
PKT t=24654 RX ua=95 mt=R len=7
PKT t=24659 TX ua=95 mt=P len=0
PKT t=24668 RX ua=95 mt=R len=7
PKT t=24673 TX ua=95 mt=P len=0
PKT t=24682 RX ua=95 mt=R len=7
PKT t=24687 TX ua=95 mt=P len=0
PKT t=24716 RX ua=95 mt=R len=7
PKT t=24721 TX ua=95 mt=P len=0
PKT t=24730 RX ua=95 mt=R len=7
PKT t=24735 TX ua=95 mt=P len=0
PKT t=24744 RX ua=95 mt=R len=7
PKT t=24754 TX ua=95 mt=P len=0
PKT t=24763 RX ua=95 mt=R len=7
PKT t=24768 TX ua=95 mt=P len=0
PKT t=24777 RX ua=95 mt=R len=7
PKT t=24782 TX ua=95 mt=P len=0
PKT t=24791 RX ua=95 mt=R len=7
PKT t=24796 TX ua=95 mt=P len=0
PKT t=24825 RX ua=95 mt=R len=7
PKT t=24830 TX ua=95 mt=P len=0
PKT t=24839 RX ua=95 mt=R len=7
PKT t=24844 TX ua=95 mt=P len=0
PKT t=24854 RX ua=95 mt=R len=7
PKT t=24859 TX ua=95 mt=T len=7
PKT t=24871 TX ua=95 mt=P len=0
PKT t=24880 RX ua=95 mt=R len=7
PKT t=24885 TX ua=95 mt=P len=0
PKT t=24894 RX ua=95 mt=R len=7
PKT t=24899 TX ua=95 mt=P len=0
PKT t=24928 RX ua=95 mt=R len=7
PKT t=24933 TX ua=95 mt=P len=0
PKT t=24942 RX ua=95 mt=R len=7
PKT t=24947 TX ua=95 mt=P len=0
PKT t=24956 RX ua=95 mt=R len=7
PKT t=24961 TX ua=95 mt=P len=0
PKT t=24970 RX ua=95 mt=R len=7
PKT t=24975 TX ua=95 mt=P len=0
PKT t=24984 RX ua=95 mt=R len=7
PKT t=24989 TX ua=95 mt=P len=0
PKT t=24998 RX ua=95 mt=R len=7
PKT t=25003 TX ua=95 mt=P len=0
PKT t=25032 RX ua=95 mt=R len=7
PKT t=25037 TX ua=95 mt=P len=0
PKT t=25046 RX ua=95 mt=R len=7
PKT t=25054 TX ua=95 mt=P len=0
PKT t=25063 RX ua=95 mt=R len=7
PKT t=25068 TX ua=95 mt=P len=0
PKT t=25077 RX ua=95 mt=R len=7
PKT t=25082 TX ua=95 mt=P len=0
PKT t=25091 RX ua=95 mt=R len=7
PKT t=25096 TX ua=95 mt=P len=0
PKT t=25105 RX ua=95 mt=R len=7
PKT t=25110 TX ua=95 mt=T len=7
PKT t=25122 TX ua=95 mt=P len=0
PKT t=25141 RX ua=95 mt=R len=7
PKT t=25146 TX ua=95 mt=P len=0
PKT t=25155 RX ua=95 mt=R len=7
PKT t=25160 TX ua=95 mt=P len=0
PKT t=25169 RX ua=95 mt=R len=7
PKT t=25174 TX ua=95 mt=P len=0
PKT t=25183 RX ua=95 mt=R len=7
PKT t=25188 TX ua=95 mt=P len=0
PKT t=25197 RX ua=95 mt=R len=7
PKT t=25202 TX ua=95 mt=P len=0
PKT t=25211 RX ua=95 mt=R len=7
PKT t=25216 TX ua=95 mt=P len=0
PKT t=25245 RX ua=95 mt=R len=7
PKT t=25254 TX ua=95 mt=P len=0
PKT t=25263 RX ua=95 mt=R len=7
PKT t=25268 TX ua=95 mt=P len=0
PKT t=25277 RX ua=95 mt=R len=7
PKT t=25282 TX ua=95 mt=P len=0
PKT t=25291 RX ua=95 mt=R len=7
PKT t=25296 TX ua=95 mt=P len=0
PKT t=25306 RX ua=95 mt=R len=7
PKT t=25311 TX ua=95 mt=P len=0
PKT t=25320 RX ua=95 mt=R len=7
PKT t=25325 TX ua=95 mt=P len=0
PKT t=25354 RX ua=95 mt=R len=7
PKT t=25359 TX ua=95 mt=T len=7
PKT t=25371 TX ua=95 mt=P len=0
PKT t=25381 RX ua=95 mt=R len=7
PKT t=25386 TX ua=95 mt=P len=0
PKT t=25396 RX ua=95 mt=R len=7
PKT t=25401 TX ua=95 mt=P len=0
PKT t=25411 RX ua=95 mt=R len=7
PKT t=25416 TX ua=95 mt=P len=0
PKT t=25426 RX ua=95 mt=R len=7
PKT t=25431 TX ua=95 mt=P len=0
PKT t=25460 RX ua=95 mt=R len=7
PKT t=25465 TX ua=95 mt=P len=0
PKT t=25475 RX ua=95 mt=R len=7
PKT t=25480 TX ua=95 mt=P len=0
PKT t=25490 RX ua=95 mt=R len=7
PKT t=25495 TX ua=95 mt=P len=0
PKT t=25505 RX ua=95 mt=R len=7
PKT t=25510 TX ua=95 mt=P len=0
PKT t=25520 RX ua=95 mt=R len=7
PKT t=25525 TX ua=95 mt=P len=0
PKT t=25535 RX ua=95 mt=R len=7
PKT t=25540 TX ua=95 mt=P len=0
PKT t=25569 RX ua=95 mt=R len=7
PKT t=25574 TX ua=95 mt=P len=0
PKT t=25584 RX ua=95 mt=R len=7
PKT t=25589 TX ua=95 mt=P len=0
PKT t=25599 RX ua=95 mt=R len=7
PKT t=25604 TX ua=95 mt=T len=7
PKT t=25616 TX ua=95 mt=P len=0
PKT t=25625 RX ua=95 mt=R len=7
PKT t=25630 TX ua=95 mt=P len=0
PKT t=25639 RX ua=95 mt=R len=7
PKT t=25644 TX ua=95 mt=P len=0
PKT t=25673 RX ua=95 mt=R len=7
PKT t=25678 TX ua=95 mt=P len=0
PKT t=25687 RX ua=95 mt=R len=7
PKT t=25692 TX ua=95 mt=P len=0
PKT t=25701 RX ua=95 mt=R len=7
PKT t=25706 TX ua=95 mt=P len=0
PKT t=25715 RX ua=95 mt=R len=7
PKT t=25720 TX ua=95 mt=P len=0
PKT t=25729 RX ua=95 mt=R len=7
PKT t=25734 TX ua=95 mt=P len=0
PKT t=25743 RX ua=95 mt=R len=7
PKT t=25754 TX ua=95 mt=P len=0
PKT t=25777 RX ua=95 mt=R len=7
PKT t=25782 TX ua=95 mt=P len=0
PKT t=25791 RX ua=95 mt=R len=7
PKT t=25796 TX ua=95 mt=P len=0
PKT t=25805 RX ua=95 mt=R len=7
PKT t=25810 TX ua=95 mt=P len=0
PKT t=25819 RX ua=95 mt=R len=7
PKT t=25824 TX ua=95 mt=P len=0
PKT t=25833 RX ua=95 mt=R len=7
PKT t=25838 TX ua=95 mt=P len=0
PKT t=25854 RX ua=95 mt=R len=7
PKT t=25859 TX ua=95 mt=T len=7
PKT t=25871 TX ua=95 mt=P len=0
PKT t=25883 RX ua=95 mt=R len=7
PKT t=25888 TX ua=95 mt=P len=0
PKT t=25897 RX ua=95 mt=R len=7
PKT t=25902 TX ua=95 mt=P len=0
PKT t=25911 RX ua=95 mt=R len=7
PKT t=25916 TX ua=95 mt=P len=0
PKT t=25925 RX ua=95 mt=R len=7
PKT t=25930 TX ua=95 mt=P len=0
PKT t=25939 RX ua=95 mt=R len=7
PKT t=25944 TX ua=95 mt=P len=0
PKT t=25954 RX ua=95 mt=R len=7
PKT t=25959 TX ua=95 mt=P len=0
PKT t=25987 RX ua=95 mt=R len=7
PKT t=25992 TX ua=95 mt=P len=0
PKT t=26001 RX ua=95 mt=R len=7
PKT t=26006 TX ua=95 mt=P len=0
PKT t=26017 RX ua=95 mt=R len=7
PKT t=26022 TX ua=95 mt=P len=0
PKT t=26031 RX ua=95 mt=R len=7
PKT t=26036 TX ua=95 mt=P len=0
PKT t=26045 RX ua=95 mt=R len=7
PKT t=26054 TX ua=95 mt=P len=0
PKT t=26087 RX ua=95 mt=R len=7
PKT t=26092 TX ua=95 mt=P len=0
PKT t=26101 RX ua=95 mt=R len=7
PKT t=26106 TX ua=95 mt=T len=7
PKT t=26119 TX ua=95 mt=P len=0
PKT t=26128 RX ua=95 mt=R len=7
PKT t=26133 TX ua=95 mt=T len=7
PKT t=26146 TX ua=95 mt=P len=0
PKT t=26155 RX ua=95 mt=R len=7
PKT t=26160 TX ua=95 mt=P len=0
PKT t=26189 RX ua=95 mt=R len=7
PKT t=26194 TX ua=95 mt=P len=0
PKT t=26203 RX ua=95 mt=R len=7
PKT t=26208 TX ua=95 mt=P len=0
PKT t=26217 RX ua=95 mt=R len=7
PKT t=26222 TX ua=95 mt=P len=0
PKT t=26231 RX ua=95 mt=R len=7
PKT t=26236 TX ua=95 mt=P len=0
PKT t=26245 RX ua=95 mt=R len=7
PKT t=26254 TX ua=95 mt=P len=0
PKT t=26263 RX ua=95 mt=R len=7
PKT t=26268 TX ua=95 mt=P len=0
PKT t=26297 RX ua=95 mt=R len=7
PKT t=26302 TX ua=95 mt=P len=0
PKT t=26311 RX ua=95 mt=R len=7
PKT t=26316 TX ua=95 mt=P len=0
PKT t=26325 RX ua=95 mt=R len=7
PKT t=26330 TX ua=95 mt=P len=0
PKT t=26339 RX ua=95 mt=R len=7
PKT t=26344 TX ua=95 mt=P len=0
PKT t=26354 RX ua=95 mt=R len=7
PKT t=26359 TX ua=95 mt=T len=7
PKT t=26372 TX ua=95 mt=P len=0
PKT t=26399 RX ua=95 mt=R len=7
PKT t=26404 TX ua=95 mt=P len=0
PKT t=26413 RX ua=95 mt=R len=7
PKT t=26418 TX ua=95 mt=P len=0
PKT t=26427 RX ua=95 mt=R len=7
PKT t=26432 TX ua=95 mt=P len=0
PKT t=26441 RX ua=95 mt=R len=7
PKT t=26446 TX ua=95 mt=P len=0
PKT t=26455 RX ua=95 mt=R len=7
PKT t=26460 TX ua=95 mt=P len=0
PKT t=26469 RX ua=95 mt=R len=7
PKT t=26474 TX ua=95 mt=P len=0
PKT t=26503 RX ua=95 mt=R len=7
PKT t=26508 TX ua=95 mt=P len=0
PKT t=26517 RX ua=95 mt=R len=7
PKT t=26522 TX ua=95 mt=P len=0
PKT t=26531 RX ua=95 mt=R len=7
PKT t=26536 TX ua=95 mt=P len=0
PKT t=26545 RX ua=95 mt=R len=7
PKT t=26554 TX ua=95 mt=P len=0
PKT t=26563 RX ua=95 mt=R len=7
PKT t=26568 TX ua=95 mt=P len=0
PKT t=26577 RX ua=95 mt=R len=7
PKT t=26582 TX ua=95 mt=P len=0
PKT t=26611 RX ua=95 mt=R len=7
PKT t=26616 TX ua=95 mt=T len=7
PKT t=26629 TX ua=95 mt=P len=0
PKT t=26638 RX ua=95 mt=R len=7
PKT t=26643 TX ua=95 mt=P len=0
PKT t=26654 RX ua=95 mt=R len=7
PKT t=26659 TX ua=95 mt=P len=0
PKT t=26668 RX ua=95 mt=R len=7
PKT t=26673 TX ua=95 mt=P len=0
PKT t=26682 RX ua=95 mt=R len=7
PKT t=26687 TX ua=95 mt=P len=0
PKT t=26716 RX ua=95 mt=R len=7
PKT t=26721 TX ua=95 mt=P len=0
PKT t=26730 RX ua=95 mt=R len=7
PKT t=26735 TX ua=95 mt=P len=0
PKT t=26744 RX ua=95 mt=R len=7
PKT t=26754 TX ua=95 mt=P len=0
PKT t=26763 RX ua=95 mt=R len=7
PKT t=26768 TX ua=95 mt=P len=0
PKT t=26777 RX ua=95 mt=R len=7
PKT t=26782 TX ua=95 mt=P len=0
PKT t=26791 RX ua=95 mt=R len=7
PKT t=26796 TX ua=95 mt=P len=0
PKT t=26825 RX ua=95 mt=R len=7
PKT t=26830 TX ua=95 mt=P len=0
PKT t=26839 RX ua=95 mt=R len=7
PKT t=26844 TX ua=95 mt=P len=0
PKT t=26854 RX ua=95 mt=R len=7
PKT t=26859 TX ua=95 mt=T len=7
PKT t=26872 TX ua=95 mt=P len=0
PKT t=26881 RX ua=95 mt=R len=7
PKT t=26886 TX ua=95 mt=P len=0
PKT t=26895 RX ua=95 mt=R len=7
PKT t=26900 TX ua=95 mt=P len=0
PKT t=26929 RX ua=95 mt=R len=7
PKT t=26934 TX ua=95 mt=P len=0
PKT t=26943 RX ua=95 mt=R len=7
PKT t=26954 TX ua=95 mt=P len=0
PKT t=26963 RX ua=95 mt=R len=7
PKT t=26968 TX ua=95 mt=P len=0
PKT t=26977 RX ua=95 mt=R len=7
PKT t=26982 TX ua=95 mt=P len=0
PKT t=26991 RX ua=95 mt=R len=7
PKT t=26996 TX ua=95 mt=P len=0
PKT t=27029 RX ua=95 mt=R len=7
PKT t=27034 TX ua=95 mt=P len=0
PKT t=27043 RX ua=95 mt=R len=7
PKT t=27054 TX ua=95 mt=P len=0
PKT t=27063 RX ua=95 mt=R len=7
PKT t=27068 TX ua=95 mt=P len=0
PKT t=27077 RX ua=95 mt=R len=7
PKT t=27082 TX ua=95 mt=P len=0
PKT t=27091 RX ua=95 mt=R len=7
PKT t=27096 TX ua=95 mt=P len=0
PKT t=27129 RX ua=95 mt=R len=7
PKT t=27134 TX ua=95 mt=T len=7
PKT t=27146 TX ua=95 mt=P len=0
PKT t=27155 RX ua=95 mt=R len=7
PKT t=27160 TX ua=95 mt=P len=0
PKT t=27169 RX ua=95 mt=R len=7
PKT t=27174 TX ua=95 mt=P len=0
PKT t=27183 RX ua=95 mt=R len=7
PKT t=27188 TX ua=95 mt=P len=0
PKT t=27197 RX ua=95 mt=R len=7
PKT t=27202 TX ua=95 mt=P len=0
PKT t=27231 RX ua=95 mt=R len=7
PKT t=27236 TX ua=95 mt=P len=0
PKT t=27245 RX ua=95 mt=R len=7
PKT t=27254 TX ua=95 mt=P len=0
PKT t=27263 RX ua=95 mt=R len=7
PKT t=27268 TX ua=95 mt=P len=0
PKT t=27277 RX ua=95 mt=R len=7
PKT t=27282 TX ua=95 mt=P len=0
PKT t=27291 RX ua=95 mt=R len=7
PKT t=27296 TX ua=95 mt=P len=0
PKT t=27305 RX ua=95 mt=R len=7
PKT t=27310 TX ua=95 mt=P len=0
PKT t=27339 RX ua=95 mt=R len=7
PKT t=27344 TX ua=95 mt=P len=0
PKT t=27354 RX ua=95 mt=R len=7
PKT t=27359 TX ua=95 mt=T len=7
PKT t=27371 TX ua=95 mt=P len=0
PKT t=27381 RX ua=95 mt=R len=7
PKT t=27386 TX ua=95 mt=P len=0
PKT t=27396 RX ua=95 mt=R len=7
PKT t=27401 TX ua=95 mt=P len=0
PKT t=27411 RX ua=95 mt=R len=7
PKT t=27416 TX ua=95 mt=P len=0
PKT t=27445 RX ua=95 mt=R len=7
PKT t=27454 TX ua=95 mt=P len=0
PKT t=27464 RX ua=95 mt=R len=7
PKT t=27469 TX ua=95 mt=P len=0
PKT t=27479 RX ua=95 mt=R len=7
PKT t=27484 TX ua=95 mt=P len=0
PKT t=27494 RX ua=95 mt=R len=7
PKT t=27499 TX ua=95 mt=P len=0
PKT t=27509 RX ua=95 mt=R len=7
PKT t=27514 TX ua=95 mt=P len=0
PKT t=27544 RX ua=95 mt=R len=7
PKT t=27554 TX ua=95 mt=P len=0
PKT t=27564 RX ua=95 mt=R len=7
PKT t=27569 TX ua=95 mt=P len=0
PKT t=27579 RX ua=95 mt=R len=7
PKT t=27584 TX ua=95 mt=P len=0
PKT t=27594 RX ua=95 mt=R len=7
PKT t=27599 TX ua=95 mt=T len=7
PKT t=27611 TX ua=95 mt=P len=0
PKT t=27644 RX ua=95 mt=R len=7
PKT t=27654 TX ua=95 mt=P len=0
PKT t=27663 RX ua=95 mt=R len=7
PKT t=27668 TX ua=95 mt=P len=0
PKT t=27677 RX ua=95 mt=R len=7
PKT t=27682 TX ua=95 mt=P len=0
PKT t=27691 RX ua=95 mt=R len=7
PKT t=27696 TX ua=95 mt=P len=0
PKT t=27705 RX ua=95 mt=R len=7
PKT t=27710 TX ua=95 mt=P len=0
PKT t=27719 RX ua=95 mt=R len=7
PKT t=27724 TX ua=95 mt=P len=0
PKT t=27754 RX ua=95 mt=R len=7
PKT t=27759 TX ua=95 mt=P len=0
PKT t=27768 RX ua=95 mt=R len=7
PKT t=27773 TX ua=95 mt=P len=0
PKT t=27782 RX ua=95 mt=R len=7
PKT t=27787 TX ua=95 mt=P len=0
PKT t=27796 RX ua=95 mt=R len=7
PKT t=27801 TX ua=95 mt=P len=0
PKT t=27810 RX ua=95 mt=R len=7
PKT t=27815 TX ua=95 mt=P len=0
PKT t=27824 RX ua=95 mt=R len=7
PKT t=27829 TX ua=95 mt=P len=0
PKT t=27858 RX ua=95 mt=R len=7
PKT t=27863 TX ua=95 mt=T len=7
PKT t=27875 TX ua=95 mt=P len=0
PKT t=27885 RX ua=95 mt=R len=7
PKT t=27890 TX ua=95 mt=P len=0
PKT t=27899 RX ua=95 mt=R len=7
PKT t=27904 TX ua=95 mt=P len=0
PKT t=27913 RX ua=95 mt=R len=7
PKT t=27918 TX ua=95 mt=P len=0
PKT t=27927 RX ua=95 mt=R len=7
PKT t=27932 TX ua=95 mt=P len=0
PKT t=27961 RX ua=95 mt=R len=7
PKT t=27966 TX ua=95 mt=P len=0
PKT t=27975 RX ua=95 mt=R len=7
PKT t=27980 TX ua=95 mt=P len=0
PKT t=27989 RX ua=95 mt=R len=7
PKT t=27994 TX ua=95 mt=P len=0
PKT t=28003 RX ua=95 mt=R len=7
PKT t=28008 TX ua=95 mt=P len=0
PKT t=28018 RX ua=95 mt=R len=7
PKT t=28023 TX ua=95 mt=P len=0
PKT t=28032 RX ua=95 mt=R len=7
PKT t=28037 TX ua=95 mt=P len=0
PKT t=28066 RX ua=95 mt=R len=7
PKT t=28071 TX ua=95 mt=P len=0
PKT t=28080 RX ua=95 mt=R len=7
PKT t=28085 TX ua=95 mt=P len=0
PKT t=28094 RX ua=95 mt=R len=7
PKT t=28099 TX ua=95 mt=T len=7
PKT t=28111 TX ua=95 mt=P len=0
PKT t=28120 RX ua=95 mt=R len=7
PKT t=28125 TX ua=95 mt=P len=0
PKT t=28134 RX ua=95 mt=R len=7
PKT t=28139 TX ua=95 mt=P len=0
PKT t=28168 RX ua=95 mt=R len=7
PKT t=28173 TX ua=95 mt=P len=0
PKT t=28182 RX ua=95 mt=R len=7
PKT t=28187 TX ua=95 mt=P len=0
PKT t=28196 RX ua=95 mt=R len=7
PKT t=28201 TX ua=95 mt=P len=0
PKT t=28210 RX ua=95 mt=R len=7
PKT t=28215 TX ua=95 mt=P len=0
PKT t=28224 RX ua=95 mt=R len=7
PKT t=28229 TX ua=95 mt=P len=0
PKT t=28238 RX ua=95 mt=R len=7
PKT t=28243 TX ua=95 mt=P len=0
PKT t=28272 RX ua=95 mt=R len=7
PKT t=28277 TX ua=95 mt=P len=0
PKT t=28286 RX ua=95 mt=R len=7
PKT t=28291 TX ua=95 mt=P len=0
PKT t=28300 RX ua=95 mt=R len=7
PKT t=28305 TX ua=95 mt=P len=0
PKT t=28314 RX ua=95 mt=R len=7
PKT t=28319 TX ua=95 mt=P len=0
PKT t=28328 RX ua=95 mt=R len=7
PKT t=28333 TX ua=95 mt=P len=0
PKT t=28342 RX ua=95 mt=R len=7
PKT t=28347 TX ua=95 mt=T len=7
PKT t=28362 TX ua=95 mt=P len=0
PKT t=28378 RX ua=95 mt=R len=7
PKT t=28383 TX ua=95 mt=P len=0
PKT t=28392 RX ua=95 mt=R len=7
PKT t=28397 TX ua=95 mt=P len=0
PKT t=28406 RX ua=95 mt=R len=7
PKT t=28411 TX ua=95 mt=P len=0
PKT t=28420 RX ua=95 mt=R len=7
PKT t=28425 TX ua=95 mt=P len=0
PKT t=28434 RX ua=95 mt=R len=7
PKT t=28439 TX ua=95 mt=P len=0
PKT t=28454 RX ua=95 mt=R len=7
PKT t=28459 TX ua=95 mt=P len=0
PKT t=28482 RX ua=95 mt=R len=7
PKT t=28487 TX ua=95 mt=P len=0
PKT t=28496 RX ua=95 mt=R len=7
PKT t=28501 TX ua=95 mt=P len=0
PKT t=28510 RX ua=95 mt=R len=7
PKT t=28515 TX ua=95 mt=P len=0
PKT t=28524 RX ua=95 mt=R len=7
PKT t=28529 TX ua=95 mt=P len=0
PKT t=28538 RX ua=95 mt=R len=7
PKT t=28543 TX ua=95 mt=P len=0
PKT t=28554 RX ua=95 mt=R len=7
PKT t=28559 TX ua=95 mt=P len=0
PKT t=28586 RX ua=95 mt=R len=7
PKT t=28591 TX ua=95 mt=P len=0
PKT t=28600 RX ua=95 mt=R len=7
PKT t=28605 TX ua=95 mt=T len=7
PKT t=28617 TX ua=95 mt=P len=0
PKT t=28626 RX ua=95 mt=R len=7
PKT t=28631 TX ua=95 mt=P len=0
PKT t=28640 RX ua=95 mt=R len=7
PKT t=28645 TX ua=95 mt=P len=0
PKT t=28654 RX ua=95 mt=R len=7
PKT t=28659 TX ua=95 mt=P len=0
PKT t=28688 RX ua=95 mt=R len=7
PKT t=28693 TX ua=95 mt=P len=0
PKT t=28702 RX ua=95 mt=R len=7
PKT t=28707 TX ua=95 mt=P len=0
PKT t=28716 RX ua=95 mt=R len=7
PKT t=28721 TX ua=95 mt=P len=0
PKT t=28730 RX ua=95 mt=R len=7
PKT t=28735 TX ua=95 mt=P len=0
PKT t=28744 RX ua=95 mt=R len=7
PKT t=28754 TX ua=95 mt=P len=0
PKT t=28763 RX ua=95 mt=R len=7
PKT t=28768 TX ua=95 mt=P len=0
PKT t=28797 RX ua=95 mt=R len=7
PKT t=28802 TX ua=95 mt=P len=0
PKT t=28811 RX ua=95 mt=R len=7
PKT t=28816 TX ua=95 mt=P len=0
PKT t=28825 RX ua=95 mt=R len=7
PKT t=28830 TX ua=95 mt=P len=0
PKT t=28839 RX ua=95 mt=R len=7
PKT t=28844 TX ua=95 mt=P len=0
PKT t=28854 RX ua=95 mt=R len=7
PKT t=28859 TX ua=95 mt=T len=7
PKT t=28871 TX ua=95 mt=P len=0
PKT t=28899 RX ua=95 mt=R len=7
PKT t=28904 TX ua=95 mt=P len=0
PKT t=28913 RX ua=95 mt=R len=7
PKT t=28918 TX ua=95 mt=P len=0
PKT t=28927 RX ua=95 mt=R len=7
PKT t=28932 TX ua=95 mt=P len=0
PKT t=28941 RX ua=95 mt=R len=7
PKT t=28946 TX ua=95 mt=P len=0
PKT t=28955 RX ua=95 mt=R len=7
PKT t=28960 TX ua=95 mt=P len=0
PKT t=28969 RX ua=95 mt=R len=7
PKT t=28974 TX ua=95 mt=P len=0
PKT t=29003 RX ua=95 mt=R len=7
PKT t=29008 TX ua=95 mt=P len=0
PKT t=29017 RX ua=95 mt=R len=7
PKT t=29022 TX ua=95 mt=P len=0
PKT t=29031 RX ua=95 mt=R len=7
PKT t=29036 TX ua=95 mt=P len=0
PKT t=29045 RX ua=95 mt=R len=7
PKT t=29054 TX ua=95 mt=P len=0
PKT t=29063 RX ua=95 mt=R len=7
PKT t=29068 TX ua=95 mt=P len=0
PKT t=29077 RX ua=95 mt=R len=7
PKT t=29082 TX ua=95 mt=P len=0
PKT t=29111 RX ua=95 mt=R len=7
PKT t=29116 TX ua=95 mt=T len=7
PKT t=29129 TX ua=95 mt=P len=0
PKT t=29138 RX ua=95 mt=R len=7
PKT t=29143 TX ua=95 mt=P len=0
PKT t=29154 RX ua=95 mt=R len=7
PKT t=29159 TX ua=95 mt=P len=0
PKT t=29168 RX ua=95 mt=R len=7
PKT t=29173 TX ua=95 mt=P len=0
PKT t=29182 RX ua=95 mt=R len=7
PKT t=29187 TX ua=95 mt=P len=0
PKT t=29216 RX ua=95 mt=R len=7
PKT t=29221 TX ua=95 mt=P len=0
PKT t=29230 RX ua=95 mt=R len=7
PKT t=29235 TX ua=95 mt=P len=0
PKT t=29244 RX ua=95 mt=R len=7
PKT t=29254 TX ua=95 mt=P len=0
PKT t=29263 RX ua=95 mt=R len=7
PKT t=29268 TX ua=95 mt=P len=0
PKT t=29277 RX ua=95 mt=R len=7
PKT t=29282 TX ua=95 mt=P len=0
PKT t=29291 RX ua=95 mt=R len=7
PKT t=29296 TX ua=95 mt=P len=0
PKT t=29325 RX ua=95 mt=R len=7
PKT t=29330 TX ua=95 mt=P len=0
PKT t=29339 RX ua=95 mt=R len=7
PKT t=29344 TX ua=95 mt=P len=0
PKT t=29354 RX ua=95 mt=R len=7
PKT t=29359 TX ua=95 mt=T len=7
PKT t=29372 TX ua=95 mt=P len=0
PKT t=29382 RX ua=95 mt=R len=7
PKT t=29387 TX ua=95 mt=P len=0
PKT t=29397 RX ua=95 mt=R len=7
PKT t=29402 TX ua=95 mt=P len=0
PKT t=29431 RX ua=95 mt=R len=7
PKT t=29436 TX ua=95 mt=P len=0
PKT t=29446 RX ua=95 mt=R len=7
PKT t=29454 TX ua=95 mt=P len=0
PKT t=29464 RX ua=95 mt=R len=7
PKT t=29469 TX ua=95 mt=P len=0
PKT t=29479 RX ua=95 mt=R len=7
PKT t=29484 TX ua=95 mt=P len=0
PKT t=29494 RX ua=95 mt=R len=7
PKT t=29499 TX ua=95 mt=P len=0
PKT t=29530 RX ua=95 mt=R len=7
PKT t=29535 TX ua=95 mt=P len=0
PKT t=29545 RX ua=95 mt=R len=7
PKT t=29554 TX ua=95 mt=P len=0
PKT t=29564 RX ua=95 mt=R len=7
PKT t=29569 TX ua=95 mt=P len=0
PKT t=29579 RX ua=95 mt=R len=7
PKT t=29584 TX ua=95 mt=P len=0
PKT t=29594 RX ua=95 mt=R len=7
PKT t=29599 TX ua=95 mt=T len=7
PKT t=29612 TX ua=95 mt=P len=0
PKT t=29632 RX ua=95 mt=R len=7
PKT t=29637 TX ua=95 mt=P len=0
PKT t=29646 RX ua=95 mt=R len=7
PKT t=29654 TX ua=95 mt=P len=0
PKT t=29663 RX ua=95 mt=R len=7
PKT t=29668 TX ua=95 mt=P len=0
PKT t=29677 RX ua=95 mt=R len=7
PKT t=29682 TX ua=95 mt=P len=0
PKT t=29691 RX ua=95 mt=R len=7
PKT t=29696 TX ua=95 mt=P len=0
PKT t=29705 RX ua=95 mt=R len=7
PKT t=29710 TX ua=95 mt=P len=0
PKT t=29739 RX ua=95 mt=R len=7
PKT t=29744 TX ua=95 mt=P len=0
PKT t=29754 RX ua=95 mt=R len=7
PKT t=29759 TX ua=95 mt=P len=0
PKT t=29768 RX ua=95 mt=R len=7
PKT t=29773 TX ua=95 mt=P len=0
PKT t=29782 RX ua=95 mt=R len=7
PKT t=29787 TX ua=95 mt=P len=0
PKT t=29796 RX ua=95 mt=R len=7
PKT t=29801 TX ua=95 mt=P len=0
PKT t=29810 RX ua=95 mt=R len=7
PKT t=29815 TX ua=95 mt=P len=0
PKT t=29844 RX ua=95 mt=R len=7
PKT t=29854 TX ua=95 mt=T len=7
PKT t=29867 TX ua=95 mt=P len=0
PKT t=29876 RX ua=95 mt=R len=7
PKT t=29881 TX ua=95 mt=P len=0
PKT t=29890 RX ua=95 mt=R len=7
PKT t=29895 TX ua=95 mt=P len=0
PKT t=29904 RX ua=95 mt=R len=7
PKT t=29909 TX ua=95 mt=P len=0
PKT t=29918 RX ua=95 mt=R len=7
PKT t=29923 TX ua=95 mt=P len=0
PKT t=29954 RX ua=95 mt=R len=7
PKT t=29959 TX ua=95 mt=P len=0
PKT t=29968 RX ua=95 mt=R len=7
PKT t=29973 TX ua=95 mt=P len=0
PKT t=29982 RX ua=95 mt=R len=7
PKT t=29987 TX ua=95 mt=P len=0
PKT t=29996 RX ua=95 mt=R len=7
PKT t=30001 TX ua=95 mt=P len=0
PKT t=30010 RX ua=95 mt=R len=7
PKT t=30019 TX ua=95 mt=P len=0
PKT t=30054 RX ua=95 mt=R len=7
PKT t=30059 TX ua=95 mt=P len=0
PKT t=30068 RX ua=95 mt=R len=7
PKT t=30073 TX ua=95 mt=P len=0
PKT t=30082 RX ua=95 mt=R len=7
PKT t=30087 TX ua=95 mt=P len=0
PKT t=30096 RX ua=95 mt=R len=7
PKT t=30101 TX ua=95 mt=T len=7
PKT t=30113 TX ua=95 mt=P len=0
PKT t=30122 RX ua=95 mt=R len=7
PKT t=30127 TX ua=95 mt=P len=0
PKT t=30156 RX ua=95 mt=R len=7
PKT t=30161 TX ua=95 mt=P len=0
PKT t=30170 RX ua=95 mt=R len=7
PKT t=30175 TX ua=95 mt=P len=0
PKT t=30184 RX ua=95 mt=R len=7
PKT t=30189 TX ua=95 mt=P len=0
PKT t=30198 RX ua=95 mt=R len=7
PKT t=30203 TX ua=95 mt=P len=0
PKT t=30212 RX ua=95 mt=R len=7
PKT t=30217 TX ua=95 mt=P len=0
PKT t=30226 RX ua=95 mt=R len=7
PKT t=30231 TX ua=95 mt=P len=0
PKT t=30260 RX ua=95 mt=R len=7
PKT t=30265 TX ua=95 mt=P len=0
PKT t=30274 RX ua=95 mt=R len=7
PKT t=30279 TX ua=95 mt=P len=0
PKT t=30288 RX ua=95 mt=R len=7
PKT t=30293 TX ua=95 mt=P len=0
PKT t=30302 RX ua=95 mt=R len=7
PKT t=30307 TX ua=95 mt=P len=0
PKT t=30316 RX ua=95 mt=R len=7
PKT t=30321 TX ua=95 mt=P len=0
PKT t=30330 RX ua=95 mt=R len=7
PKT t=30335 TX ua=95 mt=P len=0
PKT t=30364 RX ua=95 mt=R len=7
PKT t=30369 TX ua=95 mt=T len=7
PKT t=30381 TX ua=95 mt=P len=0
PKT t=30390 RX ua=95 mt=R len=7
PKT t=30395 TX ua=95 mt=P len=0
PKT t=30404 RX ua=95 mt=R len=7
PKT t=30409 TX ua=95 mt=P len=0
PKT t=30418 RX ua=95 mt=R len=7
PKT t=30423 TX ua=95 mt=P len=0
PKT t=30432 RX ua=95 mt=R len=7
PKT t=30437 TX ua=95 mt=P len=0
PKT t=30466 RX ua=95 mt=R len=7
PKT t=30471 TX ua=95 mt=P len=0
PKT t=30480 RX ua=95 mt=R len=7
PKT t=30485 TX ua=95 mt=P len=0
PKT t=30494 RX ua=95 mt=R len=7
PKT t=30499 TX ua=95 mt=P len=0
PKT t=30508 RX ua=95 mt=R len=7
PKT t=30513 TX ua=95 mt=P len=0
PKT t=30522 RX ua=95 mt=R len=7
PKT t=30527 TX ua=95 mt=P len=0
PKT t=30536 RX ua=95 mt=R len=7
PKT t=30541 TX ua=95 mt=P len=0
PKT t=30570 RX ua=95 mt=R len=7
PKT t=30575 TX ua=95 mt=P len=0
PKT t=30584 RX ua=95 mt=R len=7
PKT t=30589 TX ua=95 mt=P len=0
PKT t=30598 RX ua=95 mt=R len=7
PKT t=30603 TX ua=95 mt=T len=7
PKT t=30615 TX ua=95 mt=P len=0
PKT t=30624 RX ua=95 mt=R len=7
PKT t=30629 TX ua=95 mt=P len=0
PKT t=30638 RX ua=95 mt=R len=7
PKT t=30643 TX ua=95 mt=P len=0
PKT t=30673 RX ua=95 mt=R len=7
PKT t=30678 TX ua=95 mt=P len=0
PKT t=30687 RX ua=95 mt=R len=7
PKT t=30692 TX ua=95 mt=P len=0
PKT t=30701 RX ua=95 mt=R len=7
PKT t=30706 TX ua=95 mt=P len=0
PKT t=30715 RX ua=95 mt=R len=7
PKT t=30720 TX ua=95 mt=P len=0
PKT t=30729 RX ua=95 mt=R len=7
PKT t=30734 TX ua=95 mt=P len=0
PKT t=30743 RX ua=95 mt=R len=7
PKT t=30754 TX ua=95 mt=P len=0
PKT t=30777 RX ua=95 mt=R len=7
PKT t=30782 TX ua=95 mt=P len=0
PKT t=30791 RX ua=95 mt=R len=7
PKT t=30796 TX ua=95 mt=P len=0
PKT t=30805 RX ua=95 mt=R len=7
PKT t=30810 TX ua=95 mt=P len=0
PKT t=30819 RX ua=95 mt=R len=7
PKT t=30824 TX ua=95 mt=P len=0
PKT t=30833 RX ua=95 mt=R len=7
PKT t=30838 TX ua=95 mt=P len=0
PKT t=30854 RX ua=95 mt=R len=7
PKT t=30859 TX ua=95 mt=T len=7
PKT t=30871 TX ua=95 mt=P len=0
PKT t=30883 RX ua=95 mt=R len=7
PKT t=30888 TX ua=95 mt=P len=0
PKT t=30897 RX ua=95 mt=R len=7
PKT t=30902 TX ua=95 mt=P len=0
PKT t=30911 RX ua=95 mt=R len=7
PKT t=30916 TX ua=95 mt=P len=0
PKT t=30925 RX ua=95 mt=R len=7
PKT t=30930 TX ua=95 mt=P len=0
PKT t=30939 RX ua=95 mt=R len=7
PKT t=30944 TX ua=95 mt=P len=0
PKT t=30954 RX ua=95 mt=R len=7
PKT t=30959 TX ua=95 mt=P len=0
PKT t=30987 RX ua=95 mt=R len=7
PKT t=30992 TX ua=95 mt=P len=0
PKT t=31001 RX ua=95 mt=R len=7
PKT t=31006 TX ua=95 mt=P len=0
PKT t=31015 RX ua=95 mt=R len=7
PKT t=31020 TX ua=95 mt=P len=0
PKT t=31029 RX ua=95 mt=R len=7
PKT t=31034 TX ua=95 mt=P len=0
PKT t=31043 RX ua=95 mt=R len=7
PKT t=31054 TX ua=95 mt=P len=0
PKT t=31087 RX ua=95 mt=R len=7
PKT t=31092 TX ua=95 mt=P len=0
PKT t=31101 RX ua=95 mt=R len=7
PKT t=31106 TX ua=95 mt=T len=7
PKT t=31118 TX ua=95 mt=P len=0
PKT t=31127 RX ua=95 mt=R len=7
PKT t=31132 TX ua=95 mt=P len=0
PKT t=31141 RX ua=95 mt=R len=7
PKT t=31146 TX ua=95 mt=P len=0
PKT t=31155 RX ua=95 mt=R len=7
PKT t=31160 TX ua=95 mt=P len=0
PKT t=31189 RX ua=95 mt=R len=7
PKT t=31194 TX ua=95 mt=P len=0
PKT t=31203 RX ua=95 mt=R len=7
PKT t=31208 TX ua=95 mt=P len=0
PKT t=31217 RX ua=95 mt=R len=7
PKT t=31222 TX ua=95 mt=P len=0
PKT t=31231 RX ua=95 mt=R len=7
PKT t=31236 TX ua=95 mt=P len=0
PKT t=31245 RX ua=95 mt=R len=7
PKT t=31254 TX ua=95 mt=P len=0
PKT t=31263 RX ua=95 mt=R len=7
PKT t=31268 TX ua=95 mt=P len=0
PKT t=31297 RX ua=95 mt=R len=7
PKT t=31302 TX ua=95 mt=P len=0
PKT t=31311 RX ua=95 mt=R len=7
PKT t=31316 TX ua=95 mt=P len=0
PKT t=31325 RX ua=95 mt=R len=7
PKT t=31330 TX ua=95 mt=P len=0
PKT t=31339 RX ua=95 mt=R len=7
PKT t=31344 TX ua=95 mt=P len=0
PKT t=31354 RX ua=95 mt=R len=7
PKT t=31359 TX ua=95 mt=T len=7
PKT t=31371 TX ua=95 mt=P len=0
PKT t=31399 RX ua=95 mt=R len=7
PKT t=31404 TX ua=95 mt=P len=0
PKT t=31414 RX ua=95 mt=R len=7
PKT t=31419 TX ua=95 mt=P len=0
PKT t=31429 RX ua=95 mt=R len=7
PKT t=31434 TX ua=95 mt=P len=0
PKT t=31444 RX ua=95 mt=R len=7
PKT t=31454 TX ua=95 mt=P len=0
PKT t=31464 RX ua=95 mt=R len=7
PKT t=31469 TX ua=95 mt=P len=0
PKT t=31499 RX ua=95 mt=R len=7
PKT t=31504 TX ua=95 mt=P len=0
PKT t=31514 RX ua=95 mt=R len=7
PKT t=31519 TX ua=95 mt=P len=0
PKT t=31529 RX ua=95 mt=R len=7
PKT t=31534 TX ua=95 mt=P len=0
PKT t=31544 RX ua=95 mt=R len=7
PKT t=31554 TX ua=95 mt=P len=0
PKT t=31564 RX ua=95 mt=R len=7
PKT t=31569 TX ua=95 mt=P len=0
PKT t=31599 RX ua=95 mt=R len=7
PKT t=31604 TX ua=95 mt=T len=7
PKT t=31616 TX ua=95 mt=P len=0
PKT t=31625 RX ua=95 mt=R len=7
PKT t=31630 TX ua=95 mt=P len=0
PKT t=31639 RX ua=95 mt=R len=7
PKT t=31644 TX ua=95 mt=P len=0
PKT t=31654 RX ua=95 mt=R len=7
PKT t=31659 TX ua=95 mt=P len=0
PKT t=31668 RX ua=95 mt=R len=7
PKT t=31673 TX ua=95 mt=P len=0
PKT t=31702 RX ua=95 mt=R len=7
PKT t=31707 TX ua=95 mt=P len=0
PKT t=31716 RX ua=95 mt=R len=7
PKT t=31721 TX ua=95 mt=P len=0
PKT t=31730 RX ua=95 mt=R len=7
PKT t=31735 TX ua=95 mt=P len=0
PKT t=31744 RX ua=95 mt=R len=7
PKT t=31754 TX ua=95 mt=P len=0
PKT t=31763 RX ua=95 mt=R len=7
PKT t=31768 TX ua=95 mt=P len=0
PKT t=31777 RX ua=95 mt=R len=7
PKT t=31782 TX ua=95 mt=P len=0
PKT t=31811 RX ua=95 mt=R len=7
PKT t=31816 TX ua=95 mt=P len=0
PKT t=31825 RX ua=95 mt=R len=7
PKT t=31830 TX ua=95 mt=P len=0
PKT t=31839 RX ua=95 mt=R len=7
PKT t=31844 TX ua=95 mt=P len=0
PKT t=31854 RX ua=95 mt=R len=7
PKT t=31859 TX ua=95 mt=T len=7
PKT t=31871 TX ua=95 mt=P len=0
PKT t=31880 RX ua=95 mt=R len=7
PKT t=31885 TX ua=95 mt=P len=0
PKT t=31914 RX ua=95 mt=R len=7
PKT t=31919 TX ua=95 mt=P len=0
PKT t=31928 RX ua=95 mt=R len=7
PKT t=31933 TX ua=95 mt=P len=0
PKT t=31942 RX ua=95 mt=R len=7
PKT t=31947 TX ua=95 mt=P len=0
PKT t=31956 RX ua=95 mt=R len=7
PKT t=31961 TX ua=95 mt=P len=0
PKT t=31970 RX ua=95 mt=R len=7
PKT t=31975 TX ua=95 mt=P len=0
PKT t=31984 RX ua=95 mt=R len=7
PKT t=31989 TX ua=95 mt=P len=0
PKT t=32020 RX ua=95 mt=R len=7
PKT t=32025 TX ua=95 mt=P len=0
PKT t=32034 RX ua=95 mt=R len=7
PKT t=32039 TX ua=95 mt=P len=0
PKT t=32054 RX ua=95 mt=R len=7
PKT t=32059 TX ua=95 mt=P len=0
PKT t=32068 RX ua=95 mt=R len=7
PKT t=32073 TX ua=95 mt=P len=0
PKT t=32082 RX ua=95 mt=R len=7
PKT t=32087 TX ua=95 mt=P len=0
PKT t=32118 RX ua=95 mt=R len=7
PKT t=32123 TX ua=95 mt=T len=7
PKT t=32135 TX ua=95 mt=P len=0
PKT t=32144 RX ua=95 mt=R len=7
PKT t=32154 TX ua=95 mt=P len=0
PKT t=32163 RX ua=95 mt=R len=7
PKT t=32168 TX ua=95 mt=P len=0
PKT t=32177 RX ua=95 mt=R len=7
PKT t=32182 TX ua=95 mt=P len=0
PKT t=32191 RX ua=95 mt=R len=7
PKT t=32196 TX ua=95 mt=P len=0
PKT t=32230 RX ua=95 mt=R len=7
PKT t=32235 TX ua=95 mt=P len=0
PKT t=32244 RX ua=95 mt=R len=7
PKT t=32254 TX ua=95 mt=P len=0
PKT t=32263 RX ua=95 mt=R len=7
PKT t=32268 TX ua=95 mt=P len=0
PKT t=32277 RX ua=95 mt=R len=7
PKT t=32282 TX ua=95 mt=P len=0
PKT t=32291 RX ua=95 mt=R len=7
PKT t=32296 TX ua=95 mt=P len=0
PKT t=32325 RX ua=95 mt=R len=7
PKT t=32330 TX ua=95 mt=P len=0
PKT t=32339 RX ua=95 mt=R len=7
PKT t=32344 TX ua=95 mt=P len=0
PKT t=32354 RX ua=95 mt=R len=7
PKT t=32359 TX ua=95 mt=T len=7
PKT t=32371 TX ua=95 mt=P len=0
PKT t=32380 RX ua=95 mt=R len=7
PKT t=32385 TX ua=95 mt=P len=0
PKT t=32394 RX ua=95 mt=R len=7
PKT t=32399 TX ua=95 mt=P len=0
PKT t=32428 RX ua=95 mt=R len=7
PKT t=32433 TX ua=95 mt=P len=0
PKT t=32442 RX ua=95 mt=R len=7
PKT t=32447 TX ua=95 mt=P len=0
PKT t=32456 RX ua=95 mt=R len=7
PKT t=32461 TX ua=95 mt=P len=0
PKT t=32470 RX ua=95 mt=R len=7
PKT t=32475 TX ua=95 mt=P len=0
PKT t=32484 RX ua=95 mt=R len=7
PKT t=32489 TX ua=95 mt=P len=0
PKT t=32498 RX ua=95 mt=R len=7
PKT t=32503 TX ua=95 mt=P len=0
PKT t=32532 RX ua=95 mt=R len=7
PKT t=32537 TX ua=95 mt=P len=0
PKT t=32546 RX ua=95 mt=R len=7
PKT t=32554 TX ua=95 mt=P len=0
PKT t=32563 RX ua=95 mt=R len=7
PKT t=32568 TX ua=95 mt=P len=0
PKT t=32577 RX ua=95 mt=R len=7
PKT t=32582 TX ua=95 mt=P len=0
PKT t=32591 RX ua=95 mt=R len=7
PKT t=32596 TX ua=95 mt=P len=0
PKT t=32605 RX ua=95 mt=R len=7
PKT t=32610 TX ua=95 mt=T len=7
PKT t=32622 TX ua=95 mt=P len=0
PKT t=32641 RX ua=95 mt=R len=7
PKT t=32646 TX ua=95 mt=P len=0
PKT t=32655 RX ua=95 mt=R len=7
PKT t=32660 TX ua=95 mt=P len=0
PKT t=32669 RX ua=95 mt=R len=7
PKT t=32674 TX ua=95 mt=P len=0
PKT t=32683 RX ua=95 mt=R len=7
PKT t=32688 TX ua=95 mt=P len=0
PKT t=32697 RX ua=95 mt=R len=7
PKT t=32702 TX ua=95 mt=P len=0
PKT t=32711 RX ua=95 mt=R len=7
PKT t=32716 TX ua=95 mt=P len=0
PKT t=32745 RX ua=95 mt=R len=7
PKT t=32754 TX ua=95 mt=P len=0
PKT t=32763 RX ua=95 mt=R len=7
PKT t=32768 TX ua=95 mt=P len=0
PKT t=32777 RX ua=95 mt=R len=7
PKT t=32782 TX ua=95 mt=P len=0
PKT t=32791 RX ua=95 mt=R len=7
PKT t=32796 TX ua=95 mt=P len=0
PKT t=32805 RX ua=95 mt=R len=7
PKT t=32810 TX ua=95 mt=P len=0
PKT t=32819 RX ua=95 mt=R len=7
PKT t=32824 TX ua=95 mt=P len=0
PKT t=32854 RX ua=95 mt=R len=7
PKT t=32859 TX ua=95 mt=T len=7
PKT t=32871 TX ua=95 mt=P len=0
PKT t=32880 RX ua=95 mt=R len=7
PKT t=32885 TX ua=95 mt=P len=0
PKT t=32894 RX ua=95 mt=R len=7
PKT t=32899 TX ua=95 mt=P len=0
PKT t=32908 RX ua=95 mt=R len=7
PKT t=32913 TX ua=95 mt=P len=0
PKT t=32922 RX ua=95 mt=R len=7
PKT t=32927 TX ua=95 mt=P len=0
PKT t=32956 RX ua=95 mt=R len=7
PKT t=32961 TX ua=95 mt=P len=0
PKT t=32970 RX ua=95 mt=R len=7
PKT t=32975 TX ua=95 mt=P len=0
PKT t=32984 RX ua=95 mt=R len=7
PKT t=32989 TX ua=95 mt=P len=0
PKT t=32998 RX ua=95 mt=R len=7
PKT t=33003 TX ua=95 mt=P len=0
PKT t=33012 RX ua=95 mt=R len=7
PKT t=33017 TX ua=95 mt=P len=0
PKT t=33026 RX ua=95 mt=R len=7
PKT t=33031 TX ua=95 mt=P len=0
PKT t=33060 RX ua=95 mt=R len=7
PKT t=33065 TX ua=95 mt=P len=0
PKT t=33074 RX ua=95 mt=R len=7
PKT t=33079 TX ua=95 mt=P len=0
PKT t=33088 RX ua=95 mt=R len=7
PKT t=33093 TX ua=95 mt=P len=0
PKT t=33102 RX ua=95 mt=R len=7
PKT t=33107 TX ua=95 mt=T len=7
PKT t=33119 TX ua=95 mt=P len=0
PKT t=33128 RX ua=95 mt=R len=7
PKT t=33133 TX ua=95 mt=P len=0
PKT t=33162 RX ua=95 mt=R len=7
PKT t=33167 TX ua=95 mt=P len=0
PKT t=33176 RX ua=95 mt=R len=7
PKT t=33181 TX ua=95 mt=P len=0
PKT t=33190 RX ua=95 mt=R len=7
PKT t=33195 TX ua=95 mt=P len=0
PKT t=33204 RX ua=95 mt=R len=7
PKT t=33209 TX ua=95 mt=P len=0
PKT t=33218 RX ua=95 mt=R len=7
PKT t=33223 TX ua=95 mt=P len=0
PKT t=33232 RX ua=95 mt=R len=7
PKT t=33237 TX ua=95 mt=P len=0
PKT t=33266 RX ua=95 mt=R len=7
PKT t=33271 TX ua=95 mt=P len=0
PKT t=33280 RX ua=95 mt=R len=7
PKT t=33285 TX ua=95 mt=P len=0
PKT t=33294 RX ua=95 mt=R len=7
PKT t=33299 TX ua=95 mt=P len=0
PKT t=33308 RX ua=95 mt=R len=7
PKT t=33313 TX ua=95 mt=P len=0
PKT t=33322 RX ua=95 mt=R len=7
PKT t=33327 TX ua=95 mt=P len=0
PKT t=33336 RX ua=95 mt=R len=7
PKT t=33341 TX ua=95 mt=P len=0
PKT t=33370 RX ua=95 mt=R len=7
PKT t=33375 TX ua=95 mt=T len=7
PKT t=33387 TX ua=95 mt=P len=0
PKT t=33397 RX ua=95 mt=R len=7
PKT t=33402 TX ua=95 mt=P len=0
PKT t=33412 RX ua=95 mt=R len=7
PKT t=33417 TX ua=95 mt=P len=0
PKT t=33427 RX ua=95 mt=R len=7
PKT t=33432 TX ua=95 mt=P len=0
PKT t=33442 RX ua=95 mt=R len=7
PKT t=33447 TX ua=95 mt=P len=0
PKT t=33476 RX ua=95 mt=R len=7
PKT t=33481 TX ua=95 mt=P len=0
PKT t=33491 RX ua=95 mt=R len=7
PKT t=33496 TX ua=95 mt=P len=0
PKT t=33506 RX ua=95 mt=R len=7
PKT t=33511 TX ua=95 mt=P len=0
PKT t=33521 RX ua=95 mt=R len=7
PKT t=33526 TX ua=95 mt=P len=0
PKT t=33536 RX ua=95 mt=R len=7
PKT t=33541 TX ua=95 mt=P len=0
PKT t=33554 RX ua=95 mt=R len=7
PKT t=33559 TX ua=95 mt=P len=0
PKT t=33585 RX ua=95 mt=R len=7
PKT t=33590 TX ua=95 mt=P len=0
PKT t=33600 RX ua=95 mt=R len=7
PKT t=33605 TX ua=95 mt=T len=7
PKT t=33617 TX ua=95 mt=P len=0
PKT t=33626 RX ua=95 mt=R len=7
PKT t=33631 TX ua=95 mt=P len=0
PKT t=33640 RX ua=95 mt=R len=7
PKT t=33645 TX ua=95 mt=P len=0
PKT t=33654 RX ua=95 mt=R len=7
PKT t=33659 TX ua=95 mt=P len=0
PKT t=33688 RX ua=95 mt=R len=7
PKT t=33693 TX ua=95 mt=P len=0
PKT t=33702 RX ua=95 mt=R len=7
PKT t=33707 TX ua=95 mt=P len=0
PKT t=33716 RX ua=95 mt=R len=7
PKT t=33721 TX ua=95 mt=P len=0
PKT t=33730 RX ua=95 mt=R len=7
PKT t=33735 TX ua=95 mt=P len=0
PKT t=33744 RX ua=95 mt=R len=7
PKT t=33754 TX ua=95 mt=P len=0
PKT t=33763 RX ua=95 mt=R len=7
PKT t=33768 TX ua=95 mt=P len=0
PKT t=33797 RX ua=95 mt=R len=7
PKT t=33802 TX ua=95 mt=P len=0
PKT t=33811 RX ua=95 mt=R len=7
PKT t=33816 TX ua=95 mt=P len=0
PKT t=33825 RX ua=95 mt=R len=7
PKT t=33830 TX ua=95 mt=P len=0
PKT t=33840 RX ua=95 mt=R len=7
PKT t=33845 TX ua=95 mt=P len=0
PKT t=33854 RX ua=95 mt=R len=7
PKT t=33859 TX ua=95 mt=T len=7
PKT t=33871 TX ua=95 mt=P len=0
PKT t=33901 RX ua=95 mt=R len=7
PKT t=33906 TX ua=95 mt=P len=0
PKT t=33915 RX ua=95 mt=R len=7
PKT t=33920 TX ua=95 mt=P len=0
PKT t=33929 RX ua=95 mt=R len=7
PKT t=33934 TX ua=95 mt=P len=0
PKT t=33943 RX ua=95 mt=R len=7
PKT t=33954 TX ua=95 mt=P len=0
PKT t=33963 RX ua=95 mt=R len=7
PKT t=33968 TX ua=95 mt=P len=0
PKT t=34000 RX ua=95 mt=R len=7
PKT t=34004 TX ua=95 mt=P len=0
PKT t=34013 RX ua=95 mt=R len=7
PKT t=34021 TX ua=95 mt=P len=0
PKT t=34030 RX ua=95 mt=R len=7
PKT t=34035 TX ua=95 mt=P len=0
PKT t=34044 RX ua=95 mt=R len=7
PKT t=34054 TX ua=95 mt=P len=0
PKT t=34063 RX ua=95 mt=R len=7
PKT t=34068 TX ua=95 mt=P len=0
PKT t=34099 RX ua=95 mt=R len=7
PKT t=34104 TX ua=95 mt=T len=7
PKT t=34117 TX ua=95 mt=P len=0
PKT t=34126 RX ua=95 mt=R len=7
PKT t=34131 TX ua=95 mt=T len=7
PKT t=34144 TX ua=95 mt=P len=0
PKT t=34154 RX ua=95 mt=R len=7
PKT t=34159 TX ua=95 mt=P len=0
PKT t=34168 RX ua=95 mt=R len=7
PKT t=34173 TX ua=95 mt=P len=0
PKT t=34202 RX ua=95 mt=R len=7
PKT t=34207 TX ua=95 mt=P len=0
PKT t=34216 RX ua=95 mt=R len=7
PKT t=34221 TX ua=95 mt=P len=0
PKT t=34230 RX ua=95 mt=R len=7
PKT t=34235 TX ua=95 mt=P len=0
PKT t=34244 RX ua=95 mt=R len=7
PKT t=34254 TX ua=95 mt=P len=0
PKT t=34264 RX ua=95 mt=R len=7
PKT t=34268 TX ua=95 mt=P len=0
PKT t=34277 RX ua=95 mt=R len=7
PKT t=34282 TX ua=95 mt=P len=0
PKT t=34311 RX ua=95 mt=R len=7
PKT t=34316 TX ua=95 mt=P len=0
PKT t=34325 RX ua=95 mt=R len=7
PKT t=34330 TX ua=95 mt=P len=0
PKT t=34339 RX ua=95 mt=R len=7
PKT t=34344 TX ua=95 mt=P len=0
PKT t=34354 RX ua=95 mt=R len=7
PKT t=34359 TX ua=95 mt=T len=7
PKT t=34372 TX ua=95 mt=P len=0
PKT t=34381 RX ua=95 mt=R len=7
PKT t=34386 TX ua=95 mt=P len=0
PKT t=34415 RX ua=95 mt=R len=7
PKT t=34420 TX ua=95 mt=P len=0
PKT t=34429 RX ua=95 mt=R len=7
PKT t=34434 TX ua=95 mt=P len=0
PKT t=34443 RX ua=95 mt=R len=7
PKT t=34454 TX ua=95 mt=P len=0
PKT t=34463 RX ua=95 mt=R len=7
PKT t=34468 TX ua=95 mt=P len=0
PKT t=34477 RX ua=95 mt=R len=7
PKT t=34482 TX ua=95 mt=P len=0
PKT t=34515 RX ua=95 mt=R len=7
PKT t=34520 TX ua=95 mt=P len=0
PKT t=34529 RX ua=95 mt=R len=7
PKT t=34534 TX ua=95 mt=P len=0
PKT t=34543 RX ua=95 mt=R len=7
PKT t=34554 TX ua=95 mt=P len=0
PKT t=34563 RX ua=95 mt=R len=7
PKT t=34568 TX ua=95 mt=P len=0
PKT t=34577 RX ua=95 mt=R len=7
PKT t=34582 TX ua=95 mt=P len=0
PKT t=34615 RX ua=95 mt=R len=7
PKT t=34620 TX ua=95 mt=T len=7
PKT t=34633 TX ua=95 mt=P len=0
PKT t=34642 RX ua=95 mt=R len=7
PKT t=34647 TX ua=95 mt=P len=0
PKT t=34656 RX ua=95 mt=R len=7
PKT t=34661 TX ua=95 mt=P len=0
PKT t=34670 RX ua=95 mt=R len=7
PKT t=34675 TX ua=95 mt=P len=0
PKT t=34684 RX ua=95 mt=R len=7
PKT t=34689 TX ua=95 mt=P len=0
PKT t=34718 RX ua=95 mt=R len=7
PKT t=34723 TX ua=95 mt=P len=0
PKT t=34732 RX ua=95 mt=R len=7
PKT t=34737 TX ua=95 mt=P len=0
PKT t=34746 RX ua=95 mt=R len=7
PKT t=34754 TX ua=95 mt=P len=0
PKT t=34763 RX ua=95 mt=R len=7
PKT t=34768 TX ua=95 mt=P len=0
PKT t=34777 RX ua=95 mt=R len=7
PKT t=34782 TX ua=95 mt=P len=0
PKT t=34791 RX ua=95 mt=R len=7
PKT t=34796 TX ua=95 mt=P len=0
PKT t=34825 RX ua=95 mt=R len=7
PKT t=34830 TX ua=95 mt=P len=0
PKT t=34839 RX ua=95 mt=R len=7
PKT t=34844 TX ua=95 mt=P len=0
PKT t=34854 RX ua=95 mt=R len=7
PKT t=34859 TX ua=95 mt=T len=7
PKT t=34872 TX ua=95 mt=P len=0
PKT t=34881 RX ua=95 mt=R len=7
PKT t=34886 TX ua=95 mt=P len=0
PKT t=34895 RX ua=95 mt=R len=7
PKT t=34900 TX ua=95 mt=P len=0
PKT t=34929 RX ua=95 mt=R len=7
PKT t=34934 TX ua=95 mt=P len=0
PKT t=34943 RX ua=95 mt=R len=7
PKT t=34954 TX ua=95 mt=P len=0
PKT t=34963 RX ua=95 mt=R len=7
PKT t=34968 TX ua=95 mt=P len=0
PKT t=34977 RX ua=95 mt=R len=7
PKT t=34982 TX ua=95 mt=P len=0
PKT t=34991 RX ua=95 mt=R len=7
PKT t=34996 TX ua=95 mt=P len=0
PKT t=35029 RX ua=95 mt=R len=7
PKT t=35034 TX ua=95 mt=P len=0
PKT t=35043 RX ua=95 mt=R len=7
PKT t=35054 TX ua=95 mt=P len=0
PKT t=35063 RX ua=95 mt=R len=7
PKT t=35068 TX ua=95 mt=P len=0
PKT t=35077 RX ua=95 mt=R len=7
PKT t=35082 TX ua=95 mt=P len=0
PKT t=35091 RX ua=95 mt=R len=7
PKT t=35096 TX ua=95 mt=P len=0
PKT t=35129 RX ua=95 mt=R len=7
PKT t=35134 TX ua=95 mt=T len=7
PKT t=35146 TX ua=95 mt=P len=0
PKT t=35155 RX ua=95 mt=R len=7
PKT t=35160 TX ua=95 mt=P len=0
PKT t=35169 RX ua=95 mt=R len=7
PKT t=35174 TX ua=95 mt=P len=0
PKT t=35183 RX ua=95 mt=R len=7
PKT t=35188 TX ua=95 mt=P len=0
PKT t=35197 RX ua=95 mt=R len=7
PKT t=35202 TX ua=95 mt=P len=0
PKT t=35232 RX ua=95 mt=R len=7
PKT t=35237 TX ua=96 mt=P len=0
PKT t=35495 TX ua=95 mt=P len=0
PKT t=35504 RX ua=95 mt=R len=7
PKT t=35509 TX ua=95 mt=T len=7
PKT t=35521 TX ua=95 mt=P len=0
PKT t=35540 RX ua=95 mt=R len=7
PKT t=35545 TX ua=95 mt=P len=0
PKT t=35555 RX ua=95 mt=R len=7
PKT t=35560 TX ua=95 mt=P len=0
PKT t=35570 RX ua=95 mt=R len=7
PKT t=35575 TX ua=95 mt=P len=0
PKT t=35585 RX ua=95 mt=R len=7
PKT t=35590 TX ua=95 mt=P len=0
PKT t=35600 RX ua=95 mt=R len=7
PKT t=35605 TX ua=95 mt=T len=7
PKT t=35617 TX ua=95 mt=P len=0
PKT t=35640 RX ua=95 mt=R len=7
PKT t=35645 TX ua=95 mt=P len=0
PKT t=35654 RX ua=95 mt=R len=7
PKT t=35659 TX ua=95 mt=P len=0
PKT t=35668 RX ua=95 mt=R len=7
PKT t=35673 TX ua=95 mt=P len=0
PKT t=35682 RX ua=95 mt=R len=7
PKT t=35687 TX ua=95 mt=P len=0
PKT t=35696 RX ua=95 mt=R len=7
PKT t=35701 TX ua=95 mt=P len=0
PKT t=35710 RX ua=95 mt=R len=7
PKT t=35715 TX ua=95 mt=P len=0
PKT t=35744 RX ua=95 mt=R len=7
PKT t=35754 TX ua=95 mt=P len=0
PKT t=35763 RX ua=95 mt=R len=7
PKT t=35768 TX ua=95 mt=P len=0
PKT t=35777 RX ua=95 mt=R len=7
PKT t=35782 TX ua=95 mt=P len=0
PKT t=35791 RX ua=95 mt=R len=7
PKT t=35796 TX ua=95 mt=P len=0
PKT t=35805 RX ua=95 mt=R len=7
PKT t=35810 TX ua=95 mt=P len=0
PKT t=35819 RX ua=95 mt=R len=7
PKT t=35824 TX ua=95 mt=P len=0
PKT t=35854 RX ua=95 mt=R len=7
PKT t=35859 TX ua=95 mt=T len=7
PKT t=35871 TX ua=95 mt=P len=0
PKT t=35880 RX ua=95 mt=R len=7
PKT t=35885 TX ua=95 mt=P len=0
PKT t=35894 RX ua=95 mt=R len=7
PKT t=35899 TX ua=95 mt=P len=0
PKT t=35908 RX ua=95 mt=R len=7
PKT t=35913 TX ua=95 mt=P len=0
PKT t=35922 RX ua=95 mt=R len=7
PKT t=35927 TX ua=95 mt=P len=0
PKT t=35956 RX ua=95 mt=R len=7
PKT t=35961 TX ua=95 mt=P len=0
PKT t=35970 RX ua=95 mt=R len=7
PKT t=35975 TX ua=95 mt=P len=0
PKT t=35984 RX ua=95 mt=R len=7
PKT t=35989 TX ua=95 mt=P len=0
PKT t=35998 RX ua=95 mt=R len=7
PKT t=36003 TX ua=95 mt=P len=0
PKT t=36012 RX ua=95 mt=R len=7
PKT t=36017 TX ua=95 mt=P len=0
PKT t=36026 RX ua=95 mt=R len=7
PKT t=36031 TX ua=95 mt=P len=0
PKT t=36060 RX ua=95 mt=R len=7
PKT t=36065 TX ua=95 mt=P len=0
PKT t=36074 RX ua=95 mt=R len=7
PKT t=36079 TX ua=95 mt=P len=0
PKT t=36088 RX ua=95 mt=R len=7
PKT t=36093 TX ua=95 mt=P len=0
PKT t=36102 RX ua=95 mt=R len=7
PKT t=36107 TX ua=95 mt=T len=7
PKT t=36119 TX ua=95 mt=P len=0
PKT t=36128 RX ua=95 mt=R len=7
PKT t=36133 TX ua=95 mt=P len=0
PKT t=36162 RX ua=95 mt=R len=7
PKT t=36167 TX ua=95 mt=P len=0
PKT t=36176 RX ua=95 mt=R len=7
PKT t=36181 TX ua=95 mt=P len=0
PKT t=36190 RX ua=95 mt=R len=7
PKT t=36195 TX ua=95 mt=P len=0
PKT t=36204 RX ua=95 mt=R len=7
PKT t=36209 TX ua=95 mt=P len=0
PKT t=36218 RX ua=95 mt=R len=7
PKT t=36223 TX ua=95 mt=P len=0
PKT t=36232 RX ua=95 mt=R len=7
PKT t=36237 TX ua=95 mt=P len=0
PKT t=36266 RX ua=95 mt=R len=7
PKT t=36271 TX ua=95 mt=P len=0
PKT t=36280 RX ua=95 mt=R len=7
PKT t=36285 TX ua=95 mt=P len=0
PKT t=36294 RX ua=95 mt=R len=7
PKT t=36299 TX ua=95 mt=P len=0
PKT t=36308 RX ua=95 mt=R len=7
PKT t=36313 TX ua=95 mt=P len=0
PKT t=36322 RX ua=95 mt=R len=7
PKT t=36327 TX ua=95 mt=P len=0
PKT t=36336 RX ua=95 mt=R len=7
PKT t=36341 TX ua=95 mt=P len=0
PKT t=36370 RX ua=95 mt=R len=7
PKT t=36375 TX ua=95 mt=T len=7
PKT t=36387 TX ua=95 mt=P len=0
PKT t=36396 RX ua=95 mt=R len=7
PKT t=36401 TX ua=95 mt=P len=0
PKT t=36410 RX ua=95 mt=R len=7
PKT t=36415 TX ua=95 mt=P len=0
PKT t=36424 RX ua=95 mt=R len=7
PKT t=36429 TX ua=95 mt=P len=0
PKT t=36438 RX ua=95 mt=R len=7
PKT t=36443 TX ua=95 mt=P len=0
PKT t=36472 RX ua=95 mt=R len=7
PKT t=36477 TX ua=95 mt=P len=0
PKT t=36486 RX ua=95 mt=R len=7
PKT t=36491 TX ua=95 mt=P len=0
PKT t=36500 RX ua=95 mt=R len=7
PKT t=36505 TX ua=95 mt=P len=0
PKT t=36514 RX ua=95 mt=R len=7
PKT t=36519 TX ua=95 mt=P len=0
PKT t=36528 RX ua=95 mt=R len=7
PKT t=36533 TX ua=95 mt=P len=0
PKT t=36542 RX ua=95 mt=R len=7
PKT t=36547 TX ua=95 mt=P len=0
PKT t=36576 RX ua=95 mt=R len=7
PKT t=36581 TX ua=95 mt=P len=0
PKT t=36590 RX ua=95 mt=R len=7
PKT t=36595 TX ua=95 mt=P len=0
PKT t=36604 RX ua=95 mt=R len=7
PKT t=36609 TX ua=95 mt=T len=7
PKT t=36621 TX ua=95 mt=P len=0
PKT t=36630 RX ua=95 mt=R len=7
PKT t=36635 TX ua=95 mt=P len=0
PKT t=36644 RX ua=95 mt=R len=7
PKT t=36654 TX ua=95 mt=P len=0
PKT t=36678 RX ua=95 mt=R len=7
PKT t=36683 TX ua=95 mt=P len=0
PKT t=36692 RX ua=95 mt=R len=7
PKT t=36697 TX ua=95 mt=P len=0
PKT t=36706 RX ua=95 mt=R len=7
PKT t=36711 TX ua=95 mt=P len=0
PKT t=36720 RX ua=95 mt=R len=7
PKT t=36725 TX ua=95 mt=P len=0
PKT t=36734 RX ua=95 mt=R len=7
PKT t=36739 TX ua=95 mt=P len=0
PKT t=36754 RX ua=95 mt=R len=7
PKT t=36759 TX ua=95 mt=P len=0
PKT t=36782 RX ua=95 mt=R len=7
PKT t=36787 TX ua=95 mt=P len=0
PKT t=36796 RX ua=95 mt=R len=7
PKT t=36801 TX ua=95 mt=P len=0
PKT t=36810 RX ua=95 mt=R len=7
PKT t=36815 TX ua=95 mt=P len=0
PKT t=36824 RX ua=95 mt=R len=7
PKT t=36829 TX ua=95 mt=P len=0
PKT t=36838 RX ua=95 mt=R len=7
PKT t=36843 TX ua=95 mt=P len=0
PKT t=36854 RX ua=95 mt=R len=7
PKT t=36859 TX ua=95 mt=T len=7
PKT t=36871 TX ua=95 mt=P len=0
PKT t=36888 RX ua=95 mt=R len=7
PKT t=36893 TX ua=95 mt=P len=0
PKT t=36902 RX ua=95 mt=R len=7
PKT t=36907 TX ua=95 mt=P len=0
PKT t=36916 RX ua=95 mt=R len=7
PKT t=36921 TX ua=95 mt=P len=0
PKT t=36930 RX ua=95 mt=R len=7
PKT t=36935 TX ua=95 mt=P len=0
PKT t=36944 RX ua=95 mt=R len=7
PKT t=36954 TX ua=95 mt=P len=0
PKT t=36986 RX ua=95 mt=R len=7
PKT t=36991 TX ua=95 mt=P len=0
PKT t=37000 RX ua=95 mt=R len=7
PKT t=37005 TX ua=95 mt=P len=0
PKT t=37014 RX ua=95 mt=R len=7
PKT t=37019 TX ua=95 mt=P len=0
PKT t=37028 RX ua=95 mt=R len=7
PKT t=37033 TX ua=95 mt=P len=0
PKT t=37042 RX ua=95 mt=R len=7
PKT t=37047 TX ua=95 mt=P len=0
PKT t=37056 RX ua=95 mt=R len=7
PKT t=37061 TX ua=95 mt=P len=0
PKT t=37090 RX ua=95 mt=R len=7
PKT t=37095 TX ua=95 mt=P len=0
PKT t=37104 RX ua=95 mt=R len=7
PKT t=37109 TX ua=95 mt=T len=7
PKT t=37122 TX ua=95 mt=P len=0
PKT t=37131 RX ua=95 mt=R len=7
PKT t=37136 TX ua=95 mt=P len=0
PKT t=37145 RX ua=95 mt=R len=7
PKT t=37154 TX ua=95 mt=P len=0
PKT t=37163 RX ua=95 mt=R len=7
PKT t=37168 TX ua=95 mt=P len=0
PKT t=37197 RX ua=95 mt=R len=7
PKT t=37202 TX ua=95 mt=P len=0
PKT t=37211 RX ua=95 mt=R len=7
PKT t=37216 TX ua=95 mt=P len=0
PKT t=37225 RX ua=95 mt=R len=7
PKT t=37230 TX ua=95 mt=P len=0
PKT t=37239 RX ua=95 mt=R len=7
PKT t=37244 TX ua=95 mt=P len=0
PKT t=37254 RX ua=95 mt=R len=7
PKT t=37259 TX ua=95 mt=P len=0
PKT t=37268 RX ua=95 mt=R len=7
