0004.0103 e0
0004.4578 ffff025f5003
0004.4754 ffff025f5003
0004.5056 ffff025f5003
0004.5225 ffff025f5003
0004.5374 ffff025f5003
0004.5549 ffff025f5003
0004.5698 ffff025f5003
0004.5876 ffff025f5003
0004.6185 ffff025f5003
0004.6339 ffff025f5003
0004.6515 ffff025f5003
0004.6664 ffff025f5003
0004.6816 ffff025f5003
0004.6996 ffff025f5003
0004.7300 ffff025f5003
0004.7455 ffff025f5003
0004.7627 ffff025f5003
0004.7779 ffff025f5003
0004.7954 ffff025f5003
0004.8113 ffff025f5003
0004.8414 ffff025f5003
0004.8594 ffff025f5003
0004.8747 ffff025f5003ffff
0004.8896 025f5003ffff025f
0004.9074 5003ffff025f5003
0004.9379 ffff
0004.9532 025f5003ffff025f
0004.9711 5003ffff025f5003
0004.9864 ffff025f5003
0005.0026 ffff025f5003
0005.0180 ffff025f5003
0005.0509 ffff025f5003
0005.0666 ffff025f5003
0005.0822 ffff025f5003
0005.0974 ffff025f5003
0005.1153 ffff025f5003
0005.1306 ffff025f5003
0005.1635 ffff025f5003
0005.1780 ffff025f5003
0005.1933 ffff025f5003
0005.2112 ffff025f5003
0005.2265 ffff025f5003
0005.2570 ffff025f5003
0005.2749 ffff025f5003
0005.2901 ffff025f5003
0005.3055 ffff025f5003
0005.3227 ffff025f5003
0005.3377 ffff025f5003
0005.3709 ffff025f5003
0005.3863 ffff025f5003
0005.4010 ffff025f5003
0005.4183 ffff025f5003
0005.4337 ffff025f5003
0005.4510 ffff025f5003
0005.4817 ffff025f5003
0005.4969 ffff025f5003
0005.5144 ffff025f5003
0005.5296 ffff025f5003
0005.5474 ffff025f5003
0005.5778 ffff025f5003
0005.5931 ffff025f5003
0005.6106 ffff025f5003
0005.6259 ffff025f5003
0005.6432 ffff025f5003
0005.6585 ffff025f5003
0005.6889 ffff025f5003
0005.7072 ffff025f5003
0005.7226 ffff025f5003
0005.7379 ffff025f5003
0005.7533 ffff025f5003
0005.7711 ffff025f5003
0005.8015 ffff025f5003
0005.8167 ffff025f5003
0005.8341 ffff025f5003
0005.8492 ffff025f5003
0005.8669 ffff025f5003
0005.8818 ffff025f5003
0005.9144 ffff025f5003
0005.9298 ffff025f5003
0005.9447 ffff025f5003ffff02
0005.9618 5f5003ffff025f5003
0005.9775 ffff025f5003
0006.0102 ffff02
0006.0256 5f5003ffff025f5003
0006.0431 ffff025f5003
0006.0586 ffff025f5003
0006.0737 ffff025f5003
0006.0890 ffff025f5003
0006.1210 ffff025f5003
0006.1388 ffff025f5003
0006.1541 ffff025f5003
0006.1695 ffff025f5003
0006.1866 ffff025f5003
0006.2025 ffff025f5003
0006.2344 ffff025f5003
0006.2499 ffff025f5003
0006.2652 ffff025f5003
0006.2827 ffff025f5003
0006.2981 ffff025f5003
0006.3136 ffff025f5003
0006.3467 ffff025f5003
0006.3626 ffff025f5003
0006.3782 ffff025f5003
0006.3934 ffff025f5003
0006.4109 ffff025f5003
0006.4262 ffff025f5003
0006.4565 ffff025f5003
0006.4744 ffff025f5003
0006.4902 ffff025f5003
0006.5053 ffff025f5003ffff
0006.5228 025f5003ffff025f50
0006.5379 03
0006.5687 ffff025f5003ffff
0006.5867 025f5003ffff025f50
0006.6020 03ffff025f5003
0006.6172 ffff025f5003
0006.6333 ffff025f5003
0006.6814 ffff025f5003
0006.6967 ffff025f5003ffff
0006.7146 025f5003ffff025f50
0006.7300 03ffff025f5003
0006.7779 ffff025f5003ffff
0006.7932 025f5003ffff025f50
0006.8086 03ffff025f5003
0006.8259 ffff025f5003
0006.8410 ffff025f5003
0006.8732 ffff025f5003
0006.8904 ffff025f5003
0006.9052 ffff025f5003
0006.9226 ffff025f5003
0006.9377 ffff025f5003
0006.9527 ffff025f5003
0006.9856 ffff025f5003
0007.0008 ffff025f5003
0007.0183 ffff025f5003
0007.0339 ffff025f5003
0007.0491 ffff025f5003
0007.0642 ffff025f5003
0007.0966 ffff025f5003
0007.1145 ffff025f5003
0007.1298 ffff025f5003
0007.1449 ffff025f5003
0007.1603 ffff025f5003
0007.1778 ffff025f5003
0007.2084 ffff025f5003
0007.2253 ffff025f5003
0007.2406 ffff025f5003
0007.2582 ffff025f5003
0007.2732 ffff025f5003ffff
0007.2906 025f5003
0007.3207 ffff025f5003
0007.3360 ffff025f5003ff
0007.3538 ff025f5003ffff025f
0007.3688 5003ffff025f5003
0007.3865 ffff025f5003
0007.4167 ffff025f
0007.4345 5003ffff025f5003
0007.4498 ffff025f5003
0007.4652 ffff025f5003
0007.4819 ffff025f5003
0007.4972 ffff025f5003
0007.5303 ffff025f5003
0007.5456 ffff025f5003
0007.5608 ffff025f5003
0007.5761 ffff025f5003
0007.5939 ffff025f5003
0007.6095 ffff025f5003
0007.6399 ffff025f5003
0007.6576 ffff025f5003
0007.6725 ffff025f5003
0007.6905 ffff025f5003
0007.7051 ffff025f5003
0007.7203 ffff025f5003
0007.7522 ffff025f5003
0007.7699 ffff025f5003
0007.7853 ffff025f5003
0007.8006 ffff025f5003
0007.8159 ffff025f5003
0007.8337 ffff025f5003
0007.8642 ffff025f5003
0007.8822 ffff025f5003
0007.8975 ffff025f5003ff
0007.9128 ff025f5003ffff02
0007.9283 5f5003ffff025f5003
0007.9618 ff
0007.9770 ff025f5003ffff02
0007.9943 5f5003ffff025f5003
0008.0100 ffff025f5003
0008.0261 ffff025f5003
0008.0412 ffff025f5003
0008.0741 ffff025f5003
0008.0882 ffff025f5003
0008.1054 ffff025f5003
0008.1208 ffff025f5003
0008.1369 ffff025f5003
0008.1519 ffff025f5003
0008.1847 ffff025f5003
0008.2021 ffff025f5003
0008.2165 ffff025f5003
0008.2341 ffff025f5003
0008.2490 ffff025f5003
0008.2639 ffff025f5003
0008.2969 ffff025f5003
0008.3123 ffff025f5003
0008.3297 ffff025f5003
0008.3452 ffff025f5003
0008.3603 ffff025f5003
0008.3779 ffff025f5003
0008.4080 ffff025f5003
0008.4253 ffff025f5003
0008.4404 ffff025f5003
0008.4556 ffff025f5003
0008.4734 ffff025f5003
0008.5037 ffff025f5003
0008.5214 ffff025f5003
0008.5366 ffff025f5003
0008.5520 ffff025f5003
0008.5696 ffff025f5003
0008.5845 ffff025f5003
0008.6180 ffff025f5003
0008.6333 ffff025f5003
0008.6479 ffff025f5003
0008.6659 ffff025f5003
0008.6813 ffff025f5003
0008.6963 ffff025f5003
0008.7291 ffff025f5003
0008.7438 ffff025f5003
0008.7615 ffff025f5003ffff
0008.7767 025f5003ffff025f50
0008.7918 03ffff025f5003
0008.8247 ffff
0008.8399 025f5003ffff025f50
0008.8573 03ffff025f5003
0008.8725 ffff025f5003
0008.8876 ffff025f5003
0008.9053 ffff025f5003
0008.9358 ffff025f5003
0008.9530 ffff025f5003
0008.9678 ffff025f5003
0008.9856 ffff025f5003
0009.0004 ffff025f5003
0009.0156 ffff025f5003
0009.0485 ffff025f5003
0009.0632 ffff025f5003
0009.0804 ffff025f5003
0009.0956 ffff025f5003
0009.1133 ffff025f5003
0009.1286 ffff025f5003
0009.1613 ffff025f5003
0009.1764 ffff025f5003
0009.1917 ffff025f5003
0009.2094 ffff025f5003
0009.2245 ffff025f5003
0009.2397 ffff025f5003
0009.2724 ffff025f5003
0009.2876 ffff025f5003
0009.3053 ffff025f5003
0009.3205 ffff025f5003ffff
0009.3357 025f5003ffff025f
0009.3534 5003
0009.3837 ffff025f5003ffff
0009.3991 025f5003ffff025f
0009.4165 5003ffff025f5003
0009.4319 ffff025f5003
0009.4485 ffff025f5003
0009.4807 ffff025f
0009.4960 5003ffff025f5003
0009.5133 ffff025f5003
0009.5291 ffff025f5003
0009.5444 ffff025f5003
0009.5931 ffff025f5003
0009.6090 ffff025f5003ff
0009.6242 ff025f5003ffff025f
0009.6397 5003ffff025f5003
0009.6551 ffff025f5003
0009.6890 ffff025f
0009.7040 5003ffff025f5003
0009.7193 ffff025f5003
0009.7350 ffff025f5003
0009.7525 ffff025f5003
0009.7679 ffff025f5003
0009.7991 ffff025f5003
0009.8167 ffff025f5003
0009.8315 ffff025f5003
0009.8490 ffff025f5003
0009.8642 ffff025f5003
0009.8797 ffff025f5003
0009.9125 ffff025f5003
0009.9277 ffff025f5003
0009.9429 ffff025f5003
0009.9606 ffff025f5003
0009.9758 ffff025f5003
0009.9910 ffff025f5003
0010.0239 ffff025f5003
0010.0396 ffff025f5003
0010.0568 ffff025f5003
0010.0717 ffff025f5003
0010.0871 ffff025f5003
0010.1029 ffff025f5003
0010.1355 ffff025f5003
0010.1509 ffff025f5003
0010.1690 ffff025f5003ff
0010.1840 ff025f5003ffff02
0010.1994 5f5003ffff025f5003
0010.2319 ff
0010.2478 ff025f5003ffff02
0010.2631 5f5003ffff025f5003
0010.2800 ffff025f5003
0010.2968 ffff025f5003
0010.3119 ffff025f5003
0010.3444 ffff025f5003
0010.3596 ffff025f5003
0010.3748 ffff025f5003
0010.3925 ffff025f5003
0010.4078 ffff025f5003
0010.4230 ffff025f5003
0010.4570 ffff025f5003
0010.4724 ffff025f5003
0010.4876 ffff025f5003
0010.5027 ffff025f5003
0010.5199 ffff025f5003
0010.5350 ffff025f5003
0010.5680 ffff025f5003
0010.5832 ffff025f5003
0010.6005 ffff025f5003
0010.6160 ffff025f5003
0010.6313 ffff025f5003
0010.6467 ffff025f5003
0010.6797 ffff025f5003
0010.6949 ffff025f5003
0010.7126 ffff025f5003
0010.7279 ffff025f5003
0010.7431 ffff025f5003
0010.7762 ffff025f5003
0010.7914 ffff025f5003
0010.8066 ffff025f5003
0010.8241 ffff025f5003
0010.8393 ffff025f5003
0010.8569 ffff025f5003
0010.8869 ffff025f5003
0010.9045 ffff025f5003
0010.9195 ffff025f5003
0010.9348 ffff025f5003
0010.9524 ffff025f5003
0010.9676 ffff025f5003
0011.0004 ffff025f5003
0011.0156 ffff025f5003
0011.0307 ffff025f5003ffff
0011.0483 025f5003ffff025f50
0011.0635 03ffff025f5003
0011.0964 ffff
0011.1115 025f5003ffff025f50
0011.1267 03ffff025f5003
0011.1442 ffff025f5003
0011.1593 ffff025f5003
0011.1745 ffff025f5003
0011.2067 ffff025f5003
0011.2247 ffff025f5003
0011.2397 ffff025f5003
0011.2550 ffff025f5003
0011.2702 ffff025f5003
0011.2880 ffff025f5003
0011.3185 ffff025f5003
0011.3346 ffff025f5003
0011.3517 ffff025f5003
0011.3668 ffff025f5003
0011.3831 ffff025f5003
0011.3985 ffff025f5003
0011.4320 ffff025f5003
0011.4476 ffff025f5003
0011.4626 ffff025f5003
0011.4804 ffff025f5003
0011.4955 ffff025f5003
0011.5114 ffff025f5003
0011.5424 ffff025f5003
0011.5600 ffff025f5003
0011.5752 ffff025f5003
0011.5907 ffff025f5003ffff
0011.6061 025f5003ffff025f
0011.6240 5003
0011.6551 ffff025f5003ffff
0011.6725 025f5003ffff025f
0011.6878 5003ffff025f5003
0011.7032 ffff025f5003
0011.7180 ffff025f5003
0011.7509 ffff025f5003
0011.7661 ffff025f5003
0011.7844 ffff025f5003
0011.7995 ffff025f5003
0011.8145 ffff025f5003
0011.8321 ffff025f5003
0011.8622 ffff025f5003
0011.8801 ffff025f5003
0011.8952 ffff025f5003
0011.9123 ffff025f5003
0011.9268 ffff025f5003
0011.9420 ffff025f5003
0011.9748 ffff025f5003
0011.9900 ffff025f5003
0012.0077 ffff025f5003
0012.0229 ffff025f5003
0012.0381 ffff025f5003
0012.0558 ffff025f5003
0012.0862 ffff025f5003
0012.1039 ffff025f5003
0012.1191 ffff025f5003
0012.1341 ffff025f5003
0012.1515 ffff025f5003
0012.1822 ffff025f5003
0012.1995 ffff025f5003
0012.2150 ffff025f5003
0012.2298 ffff025f5003
0012.2474 ffff025f5003
0012.2623 ffff025f5003
0012.2954 ffff025f5003
0012.3105 ffff025f5003
0012.3281 ffff025f5003
0012.3423 ffff025f5003
0012.3598 ffff025f5003ff
0012.3746 ff025f5003
0012.4073 ffff025f5003
0012.4226 ffff025f5003ff
0012.4379 ff025f5003ffff02
0012.4554 5f5003ffff025f5003
0012.4701 ffff025f5003
0012.5027 ffff02
0012.5179 5f5003ffff025f5003
0012.5353 ffff025f5003
0012.5508 ffff025f5003
0012.5667 ffff025f5003
0012.5819 ffff025f5003
0012.6150 ffff025f5003
0012.6300 ffff025f5003
0012.6473 ffff025f5003
0012.6628 ffff025f5003
0012.6778 ffff025f5003
0012.6958 ffff025f5003
0012.7280 ffff025f5003
0012.7433 ffff025f5003
0012.7587 ffff025f5003
0012.7736 ffff025f5003
0012.7915 ffff025f5003
0012.8064 ffff025f5003
0012.8394 ffff025f5003
0012.8547 ffff025f5003
0012.8702 ffff025f5003
0012.8856 ffff025f5003
0012.9029 ffff025f5003
0012.9359 ffff025f5003
0012.9507 ffff025f5003
0012.9659 ffff025f5003
0012.9832 ffff025f5003
0012.9976 ffff025f5003
0013.0159 ffff025f5003
0013.0463 ffff025f5003
0013.0618 ffff025f5003
0013.0798 ffff025f5003
0013.0948 ffff025f5003
0013.1100 ffff025f5003
0013.1274 ffff025f5003
0013.1574 ffff025f5003
0013.1749 ffff025f5003
0013.1912 ffff025f5003
0013.2063 ffff025f5003
0013.2218 ffff025f5003ffff
0013.2374 025f5003
0013.2697 ffff025f5003
0013.2867 ffff025f5003ffff
0013.3021 025f5003ffff025f50
0013.3196 03ffff025f5003
0013.3350 ffff025f5003
0013.3655 ffff025f50
0013.3834 03ffff025f5003
0013.3988 ffff025f5003
0013.4139 ffff025f5003
0013.4315 ffff025f5003
0013.4465 ffff025f5003
0013.4772 ffff025f5003
0013.4948 ffff025f5003
0013.5098 ffff025f5003
0013.5276 ffff025f5003
0013.5427 ffff025f5003
0013.5580 ffff025f5003
0013.5914 ffff025f5003
0013.6070 ffff025f5003
0013.6219 ffff025f5003
0013.6375 ffff025f5003
0013.6553 ffff025f5003
0013.6706 ffff025f5003
0013.7034 ffff025f5003
0013.7185 ffff025f5003
0013.7337 ffff025f5003
0013.7519 ffff025f5003
0013.7673 ffff025f5003
0013.7820 ffff025f5003
0013.8150 ffff025f5003
0013.8302 ffff025f5003
0013.8458 ffff025f5003ffff
0013.8634 025f5003ffff025f
0013.8787 5003ffff025f5003
0013.9115 ffff
0013.9268 025f5003ffff025f
0013.9422 5003ffff025f5003
0013.9588 ffff025f5003
0013.9742 ffff025f5003
0013.9893 ffff025f5003
0014.0215 ffff025f5003
0014.0371 ffff025f5003
0014.0547 ffff025f5003
0014.0701 ffff025f5003
0014.0855 ffff025f5003
0014.1031 ffff025f5003
0014.1351 ffff025f5003
0014.1497 ffff025f5003
0014.1672 ffff025f5003
0014.1822 ffff025f5003
0014.1974 ffff025f5003
0014.2147 ffff025f5003
0014.2474 ffff025f5003
0014.2627 ffff025f5003
0014.2782 ffff025f5003
0014.2935 ffff025f5003
0014.3112 ffff025f5003
0014.3264 ffff025f5003
0014.3586 ffff025f5003
0014.3737 ffff025f5003
0014.3890 ffff025f5003
0014.4067 ffff025f5003ff
0014.4210 ff025f5003ffff025f
0014.4387 5003
0014.4691 ffff025f5003ff
0014.4869 ff025f5003ffff025f
0014.5022 5003ffff025f5003
0014.5189 ffff025f5003
0014.5344 ffff025f5003
0014.5650 ffff025f5003
0014.5829 ffff025f5003
0014.5981 ffff025f5003
0014.6131 ffff025f5003
0014.6305 ffff025f5003
0014.6455 ffff025f5003
0014.6785 ffff025f5003
0014.6939 ffff025f5003
0014.7092 ffff025f5003
0014.7247 ffff025f5003
0014.7426 ffff025f5003
0014.7575 ffff025f5003
0014.7900 ffff025f5003
0014.8050 ffff025f5003
0014.8231 ffff025f5003
0014.8384 ffff025f5003
0014.8538 ffff025f5003
0014.8693 ffff025f5003
0014.9020 ffff025f5003
0014.9172 ffff025f5003
0014.9350 ffff025f5003
0014.9507 ffff025f5003
0014.9658 ffff025f5003
0014.9809 ffff025f5003
0015.0127 ffff025f5003
0015.0307 ffff025f5003
0015.0473 ffff025f5003ffff02
0015.0628 5f5003ffff025f50
0015.0777 03ffff025f5003
0015.1102 ffff02
0015.1266 5f5003ffff025f50
0015.1418 03ffff025f5003
0015.1573 ffff025f5003
0015.1727 ffff025f5003
0015.1906 ffff025f5003
0015.2212 ffff025f5003
0015.2365 ffff025f5003
0015.2542 ffff025f5003
0015.2689 ffff025f5003
0015.2868 ffff025f5003
0015.3021 ffff025f5003
0015.3324 ffff025f5003
0015.3494 ffff025f5003
0015.3668 ffff025f5003
0015.3820 ffff025f5003
0015.3969 ffff025f5003
0015.4148 ffff025f5003
0015.4448 ffff025f5003
0015.4623 ffff025f5003
0015.4776 ffff025f5003
0015.4929 ffff025f5003
0015.5104 ffff025f5003
0015.5251 ffff025f5003
0015.5583 ffff025f5003
0015.5737 ffff025f5003
0015.5890 ffff025f5003
0015.6069 ffff025f5003ffff
0015.6219 025f5003ffff025f50
0015.6372 03
0015.6705 ffff025f5003ffff
0015.6861 025f5003ffff025f50
0015.7008 03ffff025f5003
0015.7187 ffff025f5003
0015.7338 ffff025f5003
0015.7664 ffff025f5003
0015.7816 ffff025f5003
0015.7967 ffff025f5003
0015.8140 ffff025f5003
0015.8288 ffff025f5003
0015.8464 ffff025f5003
0015.8779 ffff025f5003
0015.8936 ffff025f5003
0015.9087 ffff025f5003
0015.9242 ffff025f5003
0015.9421 ffff025f5003
0015.9574 ffff025f5003
0015.9903 ffff025f5003
0016.0056 ffff025f5003
0016.0213 ffff025f5003
0016.0386 ffff025f5003
0016.0537 ffff025f5003
0016.0690 ffff025f5003
0016.1015 ffff025f5003
0016.1166 ffff025f5003
0016.1346 ffff025f5003
0016.1500 ffff025f5003
0016.1648 ffff025f5003ffff
0016.1803 025f5003
0016.2132 ffff025f5003
0016.2285 ffff025f5003ffff
0016.2459 025f5003ffff025f
0016.2615 5003ffff025f5003
0016.2770 ffff025f5003
0016.3096 ffff025f
0016.3244 5003ffff025f5003
0016.3424 ffff025f5003
0016.3579 ffff025f5003
0016.3723 ffff025f5003
0016.3896 ffff025f5003
0016.4218 ffff025f5003
0016.4364 ffff025f5003
0016.4544 ffff025f5003
0016.4697 ffff025f5003
0016.4846 ffff025f5003
0016.5023 ffff025f5003
0016.5327 ffff025f5003
0016.5482 ffff025f5003
0016.5662 ffff025f5003
0016.5815 ffff025f5003
0016.5964 ffff025f5003
0016.6138 ffff025f5003
0016.6444 ffff025f5003
0016.6622 ffff025f5003
0016.6772 ffff025f5003
0016.6926 ffff025f5003
0016.7081 ffff025f5003
0016.7258 ffff025f5003
0016.7560 ffff025f5003
0016.7739 ffff025f5003
0016.7887 ffff025f5003ff
0016.8039 ff025f5003ffff025f
0016.8217 5003ffff025f5003
0016.8523 ff
0016.8697 ff025f5003ffff02
0016.8842 5f5003ffff025f5003
0016.8998 ffff025f5003
0016.9179 ffff025f5003
0016.9333 ffff025f5003
0016.9649 ffff025f5003
0016.9802 ffff025f5003
0016.9977 ffff025f5003
0017.0130 ffff025f5003
0017.0282 ffff025f5003
0017.0460 ffff025f5003
0017.0761 ffff025f5003
0017.0938 ffff025f5003
0017.1088 ffff025f5003
0017.1239 ffff025f5003
0017.1416 ffff025f5003
0017.1569 ffff025f5003
0017.1894 ffff025f5003
0017.2050 ffff025f5003
0017.2200 ffff025f5003
0017.2377 ffff025f5003
0017.2528 ffff025f5003
0017.2679 ffff025f5003
0017.3018 ffff025f5003
0017.3171 ffff025f5003
0017.3317 ffff025f5003
0017.3497 ffff025f5003
0017.3649 ffff025f5003ffff02
0017.3803 5f5003
0017.4126 ffff025f5003
0017.4278 ffff025f5003ffff02
0017.4458 5f5003ffff025f50
0017.4608 03ffff025f5003
0017.4761 ffff025f5003
0017.5092 ffff025f50
0017.5244 03ffff025f5003
0017.5414 ffff025f5003
0017.5561 ffff025f5003
0017.5716 ffff025f5003
0017.5891 ffff025f5003
0017.6195 ffff025f5003
0017.6371 ffff025f5003
0017.6520 ffff025f5003
0017.6697 ffff025f5003
0017.6848 ffff025f5003
0017.6999 ffff025f5003
0017.7331 ffff025f5003
0017.7485 ffff025f5003
0017.7637 ffff025f5003
0017.7816 ffff025f5003
0017.7970 ffff025f5003
0017.8121 ffff025f5003
0017.8455 ffff025f5003
0017.8609 ffff025f5003
0017.8761 ffff025f5003
0017.8913 ffff025f5003
0017.9090 ffff025f5003
0017.9239 ffff025f5003
0017.9574 ffff025f5003
0017.9732 ffff025f5003
0017.9879 ffff025f5003ffff
0018.0033 025f5003ffff025f50
0018.0211 03ffff025f5003
0018.0512 ffff
0018.0686 025f5003ffff025f50
0018.0839 03ffff025f5003
0018.1013 ffff025f50
0018.1165 03ffff025f5003
0018.1638 ffff025f5003
0018.1808 ffff025f5003
0018.1960 ffff025f5003ffff
0018.2113 025f5003ffff025f50
0018.2292 03ffff025f5003
0018.2599 ffff
0018.2773 025f5003ffff025f50
0018.2926 03ffff025f5003
0018.3078 ffff025f5003
0018.3231 ffff025f5003
0018.3407 ffff025f5003
0018.3715 ffff025f5003
0018.3870 ffff025f5003
0018.4047 ffff025f5003
0018.4201 ffff025f5003
0018.4357 ffff025f5003
0018.4513 ffff025f5003
0018.4843 ffff025f5003
0018.4999 ffff025f5003
0018.5153 ffff025f5003
0018.5325 ffff025f5003
0018.5478 ffff025f5003
0018.5634 ffff025f5003
0018.5970 ffff025f5003
0018.6121 ffff025f5003
0018.6275 ffff025f5003
0018.6451 ffff025f5003
0018.6603 ffff025f5003
0018.6752 ffff025f5003
0018.7086 ffff025f5003
0018.7232 ffff025f5003
0018.7409 ffff025f5003
0018.7564 ffff025f5003
0018.7717 ffff025f5003
0018.8053 ffff025f5003
0018.8208 ffff025f5003
0018.8355 ffff025f5003
0018.8532 ffff025f5003
0018.8685 ffff025f5003
0018.8992 ffff025f5003
0018.9171 ffff025f5003
0018.9323 ffff025f5003
0018.9477 ffff025f5003
0018.9649 ffff025f5003
0018.9801 ffff025f5003
0019.0134 ffff025f5003
0019.0290 ffff025f5003
0019.0439 ffff025f5003
0019.0591 ffff025f5003
0019.0768 ffff025f5003
0019.0922 ffff025f5003
0019.1246 ffff025f5003
0019.1396 ffff025f5003
0019.1550 ffff025f5003
0019.1726 ffff025f5003
0019.1880 ffff025f5003
0019.2031 ffff025f5003
0019.2362 ffff025f5003
0019.2511 ffff025f5003
0019.2683 ffff025f5003ff
0019.2834 ff025f5003ffff02
0019.3012 5f5003ffff025f5003
0019.3310 ff
0019.3491 ff025f5003ffff02
0019.3642 5f5003ffff025f5003
0019.3794 ffff025f5003
0019.3971 ffff025f5003
0019.4118 ffff025f5003
0019.4451 ffff025f5003
0019.4606 ffff025f5003
0019.4757 ffff025f5003
0019.4911 ffff025f5003
0019.5089 ffff025f5003
0019.5550 ffff025f5003
0019.5721 ffff025f5003ffff02
0019.5875 5f5003ffff025f5003
0019.6028 ffff025f5003
0019.6205 ffff025f5003
0019.6528 ffff025f50
0019.6672 03ffff025f5003
0019.6845 ffff025f5003
0019.6993 ffff025f5003
0019.7144 ffff025f5003
0019.7320 ffff025f5003
0019.7647 ffff025f5003
0019.7794 ffff025f5003
0019.7965 ffff025f5003
0019.8111 ffff025f5003
0019.8264 ffff025f5003
0019.8442 ffff025f5003
0019.8748 ffff025f5003
0019.8906 ffff025f5003
0019.9085 ffff025f5003
0019.9240 ffff025f5003
0019.9386 ffff025f5003
0019.9564 ffff025f5003
0019.9887 ffff025f5003
0020.0038 ffff025f5003
0020.0191 ffff025f5003
0020.0345 ffff025f5003
0020.0524 ffff025f5003
0020.0672 ffff025f5003
0020.1006 ffff025f5003
0020.1154 ffff025f5003
0020.1305 ffff025f5003
0020.1481 ffff025f5003
0020.1627 ffff025f5003
0020.1957 ffff025f5003
0020.2110 ffff025f5003
0020.2288 ffff025f5003
0020.2437 ffff025f5003
0020.2589 ffff025f5003
0020.2742 ffff025f5003
0020.3073 ffff025f5003
0020.3224 ffff025f5003
0020.3403 ffff025f5003ffff
0020.3550 025f5003ffff025f50
0020.3705 03ffff025f5003
0020.4031 ffff
0020.4184 025f5003ffff025f50
0020.4359 03ffff025f5003
0020.4513 ffff025f5003
0020.4663 ffff025f5003
0020.4843 ffff025f5003
0020.5158 ffff025f5003
0020.5309 ffff025f5003
0020.5462 ffff025f5003
0020.5641 ffff025f5003
0020.5797 ffff025f5003
0020.5952 ffff025f5003
0020.6285 ffff025f5003
0020.6441 ffff025f5003
0020.6592 ffff025f5003
0020.6744 ffff025f5003
0020.6899 ffff025f5003
0020.7079 ffff025f5003
0020.7404 ffff025f5003
0020.7557 ffff025f5003
0020.7706 ffff025f5003
0020.7881 ffff025f5003
0020.8036 ffff025f5003
0020.8339 ffff025f5003
0020.8517 ffff025f5003
0020.8669 ffff025f5003
0020.8821 ffff025f5003
0020.8998 ffff025f5003
0020.9151 ffff025f5003
0020.9480 ffff025f5003
0020.9632 ffff025f5003
0020.9783 ffff025f5003
0020.9961 ffff025f5003
0021.0113 ffff025f5003
0021.0264 ffff025f5003
0021.0593 ffff025f5003
0021.0745 ffff025f5003
0021.0922 ffff025f5003
0021.1074 ffff025f5003ff
0021.1225 ff025f5003ffff025f
0021.1377 5003
0021.1708 ffff025f5003ff
0021.1858 ff025f5003ffff025f
0021.2036 5003ffff025f5003
0021.2187 ffff025f5003
0021.2340 ffff025f5003
0021.2662 ffff025f5003
0021.2839 ffff025f5003
0021.2990 ffff025f5003
0021.3142 ffff025f5003
0021.3321 ffff025f5003
0021.3474 ffff025f5003
0021.3780 ffff025f5003
0021.3958 ffff025f5003
0021.4108 ffff025f5003
0021.4260 ffff025f5003
0021.4432 ffff025f5003
0021.4595 ffff025f5003
0021.4896 ffff025f5003
0021.5076 ffff025f5003
0021.5229 ffff025f5003
0021.5381 ffff025f5003
0021.5558 ffff025f5003
0021.5710 ffff025f5003
0021.6038 ffff025f5003
0021.6191 ffff025f5003
0021.6344 ffff025f5003
0021.6520 ffff025f5003
0021.6672 ffff025f5003
0021.6981 ffff025f5003
0021.7156 ffff025f5003
0021.7310 ffff025f5003
0021.7459 ffff025f5003
0021.7635 ffff025f5003
0021.7786 ffff025f5003
0021.8113 ffff025f5003
0021.8261 ffff025f5003
0021.8436 ffff025f5003
0021.8589 ffff025f5003
0021.8739 ffff025f5003
0021.8912 ffff025f5003
0021.9219 ffff025f5003
0021.9393 ffff025f5003
0021.9543 ffff025f5003
0021.9719 ffff025f5003ffff02
0021.9871 5f5003ffff025f50
0022.0024 03
0022.0348 ffff025f5003ffff02
0022.0502 5f5003ffff025f50
0022.0655 03ffff025f5003
0022.0833 ffff025f5003
0022.0985 ffff025f5003
0022.1311 ffff025f5003
0022.1458 ffff025f5003
0022.1614 ffff025f5003
0022.1792 ffff025f5003
0022.1944 ffff025f5003
0022.2096 ffff025f5003
0022.2419 ffff025f5003
0022.2590 ffff025f5003
0022.2746 ffff025f5003
0022.2899 ffff025f5003
0022.3076 ffff025f5003
0022.3229 ffff025f5003
0022.3555 ffff025f5003
0022.3709 ffff025f5003
0022.3863 ffff025f5003
0022.4015 ffff025f5003
0022.4191 ffff025f5003
0022.4343 ffff025f5003
0022.4672 ffff025f5003
0022.4824 ffff025f5003
0022.4976 ffff025f5003
0022.5153 ffff025f5003
0022.5305 ffff025f5003ffff
0022.5457 025f5003
0022.5787 ffff025f5003
0022.5939 ffff025f5003ffff
0022.6091 025f5003ffff025f50
0022.6268 03ffff025f5003
0022.6421 ffff025f5003
0022.6751 ffff
0022.6902 025f5003ffff025f50
0022.7054 03ffff025f5003
0022.7231 ffff025f5003
0022.7382 ffff025f5003
0022.7862 ffff025f5003
0022.8014 ffff025f5003
0022.8191 ffff025f5003ffff
0022.8343 025f5003ffff025f
0022.8496 5003ffff025f5003
0022.8826 ffff
0022.8980 025f5003ffff025f
0022.9132 5003ffff025f5003
0022.9306 ffff025f5003
0022.9461 ffff025f5003
0022.9617 ffff025f5003
0022.9948 ffff025f5003
0023.0099 ffff025f5003
0023.0251 ffff025f5003
0023.0428 ffff025f5003
0023.0580 ffff025f5003
0023.0732 ffff025f5003
0023.1053 ffff025f5003
0023.1228 ffff025f5003
0023.1380 ffff025f5003
0023.1552 ffff025f5003
0023.1704 ffff025f5003
0023.1850 ffff025f5003
0023.2179 ffff025f5003
0023.2329 ffff025f5003
0023.2506 ffff025f5003
0023.2658 ffff025f5003
0023.2810 ffff025f5003
0023.2987 ffff025f5003
0023.3290 ffff025f5003
0023.3462 ffff025f5003
0023.3614 ffff025f5003
0023.3791 ffff025f5003ff
0023.3942 ff025f5003ffff025f
0023.4093 5003
0023.4422 ffff025f5003ff
0023.4570 ff025f5003ffff025f
0023.4748 5003ffff025f5003
0023.4900 ffff025f5003
0023.5052 ffff025f5003
0023.5379 ffff025f5003
0023.5552 ffff025f5003
0023.5706 ffff025f5003
0023.5862 ffff025f5003
0023.6014 ffff025f5003
0023.6191 ffff025f5003
0023.6492 ffff025f5003
0023.6668 ffff025f5003
0023.6821 ffff025f5003
0023.6973 ffff025f5003
0023.7152 ffff025f5003
0023.7307 ffff025f5003
0023.7615 ffff025f5003
0023.7769 ffff025f5003
0023.7946 ffff025f5003
0023.8100 ffff025f5003
0023.8254 ffff025f5003
0023.8428 ffff025f5003
0023.8734 ffff025f5003
0023.8886 ffff025f5003
0023.9066 ffff025f5003
0023.9219 ffff025f5003
0023.9369 ffff025f5003
0023.9540 ffff025f5003
0023.9847 ffff025f5003
0024.0023 ffff025f5003
0024.0170 ffff025f5003ffff02
0024.0348 5f5003ffff025f50
0024.0508 03ffff025f5003
0024.0806 ffff02
0024.0964 5f5003ffff025f50
0024.1148 03ffff025f5003
0024.1297 ffff025f5003
0024.1453 ffff025f5003
0024.1607 ffff025f5003
0024.1933 ffff025f5003
0024.2095 ffff025f5003
0024.2250 ffff025f5003
0024.2427 ffff025f5003
0024.2579 ffff025f5003
0024.2729 ffff025f5003
0024.3064 ffff025f5003
0024.3220 ffff025f5003
0024.3373 ffff025f5003
0024.3524 ffff025f5003
0024.3702 ffff025f5003
0024.3856 ffff025f5003
0024.4187 ffff025f5003
0024.4341 ffff025f5003
0024.4498 ffff025f5003
0024.4648 ffff025f5003
0024.4821 ffff025f5003
0024.4976 ffff025f5003
0024.5284 ffff025f5003
0024.5460 ffff025f5003
0024.5614 ffff025f5003
0024.5766 ffff025f5003ffff
0024.5948 025f5003ffff025f50
0024.6097 03
0024.6424 ffff025f5003ffff
0024.6580 025f5003ffff025f50
0024.6733 03ffff025f5003
0024.6888 ffff025f5003
0024.7064 ffff025f5003
0024.7538 ffff025f5003
0024.7687 ffff025f5003
0024.7866 ffff025f5003ffff
0024.8014 025f5003ffff025f50
0024.8166 03
0024.8506 ffff025f5003ffff
0024.8655 025f5003ffff025f50
0024.8808 03ffff025f5003
0024.8978 ffff025f5003
0024.9135 ffff025f5003
0024.9465 ffff025f5003
0024.9615 ffff025f5003
0024.9767 ffff025f5003
0024.9944 ffff025f5003
0025.0093 ffff025f5003
0025.0243 ffff025f5003
0025.0570 ffff025f5003
0025.0723 ffff025f5003
0025.0896 ffff025f5003
0025.1047 ffff025f5003
0025.1199 ffff025f5003
0025.1374 ffff025f5003
0025.1702 ffff025f5003
0025.1855 ffff025f5003
0025.2010 ffff025f5003
0025.2161 ffff025f5003
0025.2336 ffff025f5003
0025.2502 ffff025f5003
0025.2803 ffff025f5003
0025.2987 ffff025f5003
0025.3140 ffff025f5003
0025.3292 ffff025f5003
0025.3446 ffff025f5003ff
0025.3625 ff025f5003
0025.3931 ffff025f5003
0025.4081 ffff025f5003ff
0025.4258 ff025f5003ffff025f
0025.4405 5003ffff025f5003
0025.4558 ffff025f5003
0025.4886 ffff025f
0025.5037 5003ffff025f5003
0025.5212 ffff025f5003
0025.5362 ffff025f5003
0025.5534 ffff025f5003
0025.5687 ffff025f5003
0025.5998 ffff025f5003
0025.6172 ffff025f5003
0025.6324 ffff025f5003
0025.6477 ffff025f5003
0025.6656 ffff025f5003
0025.6813 ffff025f5003
0025.7137 ffff025f5003
0025.7286 ffff025f5003
0025.7439 ffff025f5003
0025.7614 ffff025f5003
0025.7764 ffff025f5003
0025.7917 ffff025f5003
0025.8258 ffff025f5003
0025.8411 ffff025f5003
0025.8575 ffff025f5003
0025.8727 ffff025f5003
0025.8882 ffff025f5003
0025.9061 ffff025f5003
0025.9369 ffff025f5003
0025.9531 ffff025f5003
0025.9691 ffff025f5003ff
0025.9844 ff025f5003ffff02
0025.9998 5f5003ffff025f5003
0026.0484 ffff025f5003ffff02
0026.0637 5f5003ffff025f5003
0026.0808 ffff025f5003
0026.0972 ffff025f5003
0026.1123 ffff025f5003
0026.1434 ffff025f5003
0026.1615 ffff025f5003
0026.1772 ffff025f5003
0026.1926 ffff025f5003
0026.2089 ffff025f5003
0026.2242 ffff025f5003
0026.2578 ffff025f5003
0026.2734 ffff025f5003
0026.2883 ffff025f5003
0026.3055 ffff025f5003
0026.3207 ffff025f5003
0026.3359 ffff025f5003
0026.3684 ffff025f5003
0026.3854 ffff025f5003
0026.4000 ffff025f5003
0026.4177 ffff025f5003
0026.4324 ffff025f5003
0026.4476 ffff025f5003
0026.4797 ffff025f5003
0026.4968 ffff025f5003
0026.5120 ffff025f5003
0026.5295 ffff025f5003
0026.5447 ffff025f5003ffff
0026.5599 025f5003
0026.5925 ffff025f5003
0026.6077 ffff025f5003ffff
0026.6254 025f5003ffff025f50
0026.6405 03ffff025f5003
0026.6556 ffff025f5003
0026.6885 ffff025f50
0026.7035 03ffff025f5003
0026.7212 ffff025f5003
0026.7364 ffff025f5003
0026.7515 ffff025f5003
0026.7693 ffff025f5003
0026.7999 ffff025f5003
0026.8154 ffff025f5003
0026.8332 ffff025f5003
0026.8487 ffff025f5003
0026.8640 ffff025f5003
0026.8814 ffff025f5003
0026.9126 ffff025f5003
0026.9279 ffff025f5003
0026.9456 ffff025f5003
0026.9597 ffff025f5003
0026.9769 ffff025f5003
0026.9921 ffff025f5003
0027.0233 ffff025f5003
0027.0414 ffff025f5003
0027.0569 ffff025f5003
0027.0719 ffff025f5003
0027.0879 ffff025f5003
0027.1031 ffff025f5003
0027.1366 ffff025f5003
0027.1525 ffff025f5003
0027.1679 ffff025f5003ffff
0027.1832 025f5003ffff025f
0027.1997 5003ffff025f5003
0027.2331 ffff
0027.2484 025f5003ffff025f
0027.2639 5003ffff025f5003
0027.2792 ffff025f5003
0027.2970 ffff025f5003
0027.3124 ffff025f5003
0027.3447 ffff025f5003
0027.3601 ffff025f5003
0027.3752 ffff025f5003
0027.3928 ffff025f5003
0027.4078 ffff025f5003
0027.4231 ffff025f5003
0027.4558 ffff025f5003
0027.4733 ffff025f5003
0027.4880 ffff025f5003
0027.5031 ffff025f5003
0027.5205 ffff025f5003
0027.5360 ffff025f5003
0027.5684 ffff025f5003
0027.5835 ffff025f5003
0027.5989 ffff025f5003
0027.6166 ffff025f5003
0027.6318 ffff025f5003
0027.6473 ffff025f5003
0027.6804 ffff025f5003
0027.6955 ffff025f5003
0027.7110 ffff025f5003
0027.7290 ffff025f5003ff
0027.7441 ff025f5003ffff025f
0027.7596 5003
0027.7932 ffff025f5003ff
0027.8068 ff025f5003ffff025f
0027.8228 5003ffff025f5003
0027.8409 ffff025f5003
0027.8546 ffff025f5003
0027.8874 ffff025f5003
0027.9046 ffff025f5003
0027.9201 ffff025f5003
0027.9348 ffff025f5003
0027.9527 ffff025f5003
0027.9681 ffff025f5003
0028.0003 ffff025f5003
0028.0156 ffff025f5003
0028.0330 ffff025f5003
0028.0484 ffff025f5003
0028.0636 ffff025f5003
0028.0810 ffff025f5003
0028.1119 ffff025f5003
0028.1286 ffff025f5003
0028.1440 ffff025f5003
0028.1592 ffff025f5003
0028.1768 ffff025f5003
0028.2065 ffff025f5003
0028.2244 ffff025f5003
0028.2399 ffff025f5003
0028.2552 ffff025f5003
0028.2712 ffff025f5003
0028.2895 ffff025f5003
0028.3196 ffff025f5003
0028.3349 ffff025f5003
0028.3528 ffff025f5003
0028.3677 ffff025f5003
0028.3829 ffff025f5003
0028.4004 ffff025f5003
0028.4309 ffff025f5003
0028.4488 ffff025f5003
0028.4641 ffff025f5003
0028.4791 ffff025f5003
0028.4966 ffff025f5003
0028.5119 ffff025f5003
0028.5449 ffff025f5003
0028.5583 ffff025f5003
0028.5763 ffff025f5003
0028.5917 ffff025f5003ffff02
0028.6075 5f5003ffff025f50
0028.6226 03
0028.6559 ffff025f5003ffff02
0028.6705 5f5003ffff025f50
0028.6881 03ffff025f5003
0028.7035 ffff025f5003
0028.7189 ffff025f5003
0028.7664 ffff025f5003
0028.7845 ffff025f5003
0028.7995 ffff025f5003ffff
0028.8147 025f5003ffff025f50
0028.8328 03
0028.8635 ffff025f5003
0028.8789 ffff025f5003ffff
0028.8967 025f5003ffff025f50
0028.9116 03ffff025f5003
0028.9269 ffff025f5003
0028.9593 ffff025f50
0028.9743 03ffff025f5003
0028.9921 ffff025f5003
0029.0084 ffff025f5003
0029.0233 ffff025f5003
0029.0384 ffff025f5003
0029.0717 ffff025f5003
0029.0869 ffff025f5003
0029.1022 ffff025f5003
0029.1202 ffff025f5003
0029.1351 ffff025f5003
0029.1524 ffff025f5003
0029.1827 ffff025f5003
0029.2006 ffff025f5003
0029.2159 ffff025f5003
0029.2311 ffff025f5003
0029.2463 ffff025f5003
0029.2642 ffff025f5003
0029.2949 ffff025f5003
0029.3104 ffff025f5003
0029.3260 ffff025f5003
0029.3432 ffff025f5003
0029.3582 ffff025f5003
0029.3757 ffff025f5003
0029.4084 ffff025f5003
0029.4237 ffff025f5003
0029.4389 ffff025f5003ffff
0029.4546 025f5003ffff025f
0029.4700 5003ffff025f5003
0029.5026 ffff
0029.5205 025f5003ffff025f
0029.5356 5003ffff025f5003
0029.5503 ffff025f5003
0029.5676 ffff025f5003
0029.5825 ffff025f5003
0029.6140 ffff025f5003
0029.6317 ffff025f5003
0029.6470 ffff025f5003
0029.6620 ffff025f5003
0029.6792 ffff025f5003
0029.7276 ffff025f5003ff
0029.7426 ff025f5003ffff025f
0029.7602 5003ffff025f5003
0029.7756 ffff025f5003
0029.7906 ffff025f5003
0029.8235 ffff025f5003
0029.8390 ffff025f5003
0029.8541 ffff025f5003
0029.8719 ffff025f5003
0029.8869 ffff025f5003
0029.9023 ffff025f5003
0029.9352 ffff025f5003
0029.9506 ffff025f5003
0029.9660 ffff025f5003
0029.9838 ffff025f5003
0029.9988 ffff025f5003
0030.0137 ffff025f5003
0030.0466 ffff025f5003
0030.0620 ffff025f5003
0030.0792 ffff025f5003
0030.0941 ffff025f5003
0030.1119 ffff025f5003
0030.1272 ffff025f5003
0030.1593 ffff025f5003
0030.1748 ffff025f5003
0030.1902 ffff025f5003
0030.2055 ffff025f5003
0030.2235 ffff025f5003ff
0030.2384 ff025f5003
0030.2713 ffff025f5003
0030.2863 ffff025f5003ff
0030.3040 ff025f5003ffff02
0030.3193 5f5003ffff025f5003
0030.3343 ffff025f5003
0030.3669 ffff02
0030.3816 5f5003ffff025f5003
0030.3989 ffff025f5003
0030.4143 ffff025f5003
0030.4295 ffff025f5003
0030.4467 ffff025f5003
0030.4796 ffff025f5003
0030.4949 ffff025f5003
0030.5101 ffff025f5003
0030.5254 ffff025f5003
0030.5429 ffff025f5003
0030.5585 ffff025f5003
0030.5919 ffff025f5003
0030.6054 ffff025f5003
0030.6230 ffff025f5003
0030.6380 ffff025f5003
0030.6534 ffff025f5003
0030.6707 ffff025f5003
0030.7036 ffff025f5003
0030.7188 ffff025f5003
0030.7338 ffff025f5003
0030.7513 ffff025f5003
0030.7663 ffff025f5003
0030.7999 ffff025f5003
0030.8153 ffff025f5003
0030.8298 ffff025f5003
0030.8472 ffff025f5003
0030.8622 ffff025f5003
0030.8774 ffff025f5003
0030.9096 ffff025f5003
0030.9271 ffff025f5003
0030.9422 ffff025f5003
0030.9596 ffff025f5003
0030.9749 ffff025f5003
0030.9902 ffff025f5003
0031.0234 ffff025f5003
0031.0389 ffff025f5003
0031.0543 ffff025f5003
0031.0698 ffff025f5003ffff
0031.0873 025f5003ffff025f50
0031.1023 03
0031.1358 ffff025f5003ffff
0031.1506 025f5003ffff025f50
0031.1657 03ffff025f5003
0031.1818 ffff025f5003
0031.1990 ffff025f5003
0031.2293 ffff025f5003
0031.2473 ffff025f5003
0031.2622 ffff025f5003
0031.2775 ffff025f5003
0031.2950 ffff025f5003
0031.3101 ffff025f5003
0031.3429 ffff025f5003
0031.3584 ffff025f5003
0031.3735 ffff025f5003
0031.3914 ffff025f5003
0031.4067 ffff025f5003
0031.4217 ffff025f5003
0031.4544 ffff025f5003
0031.4695 ffff025f5003
0031.4851 ffff025f5003
0031.5033 ffff025f5003
0031.5185 ffff025f5003
0031.5349 ffff025f5003
0031.5674 ffff025f5003
0031.5827 ffff025f5003
0031.5976 ffff025f5003
0031.6153 ffff025f5003
0031.6307 ffff025f5003ffff
0031.6464 025f5003
0031.6769 ffff025f5003
0031.6946 ffff025f5003ffff
0031.7101 025f5003ffff025f
0031.7250 5003ffff025f5003
0031.7430 ffff025f5003
0031.7735 ffff025f
0031.7909 5003ffff025f5003
0031.8065 ffff025f5003
0031.8219 ffff025f5003
0031.8371 ffff025f5003
0031.8543 ffff025f5003
0031.8863 ffff025f5003
0031.9013 ffff025f5003
0031.9169 ffff025f5003
0031.9349 ffff025f5003
0031.9503 ffff025f5003
0031.9656 ffff025f5003
0031.9981 ffff025f5003
0032.0144 ffff025f5003
0032.0296 ffff025f5003
0032.0467 ffff025f5003
0032.0619 ffff025f5003
0032.0770 ffff025f5003
0032.1101 ffff025f5003
0032.1252 ffff025f5003
0032.1426 ffff025f5003
0032.1577 ffff025f5003
0032.1732 ffff025f5003
0032.1907 ffff025f5003
0032.2210 ffff025f5003
0032.2380 ffff025f5003
0032.2539 ffff025f5003ff
0032.2692 ff025f5003ffff025f
0032.2847 5003ffff025f5003
0032.3171 ff
0032.3349 ff025f5003ffff02
0032.3496 5f5003ffff025f5003
0032.3650 ffff025f5003
0032.3823 ffff025f5003
0032.3977 ffff025f5003
0032.4306 ffff025f5003
0032.4460 ffff025f5003
0032.4613 ffff025f5003
0032.4766 ffff025f5003
0032.4938 ffff025f5003
0032.5087 ffff025f5003
0032.5417 ffff025f5003
0032.5570 ffff025f5003
0032.5746 ffff025f5003
0032.5901 ffff025f5003
0032.6051 ffff025f5003
0032.6226 ffff025f5003
0032.6529 ffff025f5003
0032.6697 ffff025f5003
0032.6857 ffff025f5003
0032.7005 ffff025f5003
0032.7185 ffff025f5003
0032.7337 ffff025f5003
0032.7660 ffff025f5003
0032.7807 ffff025f5003
0032.7984 ffff025f5003
0032.8133 ffff025f5003
0032.8307 ffff025f5003
0032.8609 ffff025f5003
0032.8786 ffff025f5003
0032.8937 ffff025f5003
0032.9092 ffff025f5003
0032.9249 ffff025f5003
0032.9404 ffff025f5003
0032.9738 ffff025f5003
0032.9888 ffff025f5003
0033.0066 ffff025f5003
0033.0221 ffff025f5003
0033.0374 ffff025f5003ffff02
0033.0526 5f5003
0033.0856 ffff025f5003
0033.1005 ffff025f5003ffff02
0033.1181 5f5003ffff025f50
0033.1334 03ffff025f5003
0033.1483 ffff025f5003
0033.1820 ffff025f50
0033.1969 03ffff025f5003
0033.2144 ffff025f5003
0033.2290 ffff025f5003
0033.2449 ffff025f5003
0033.2603 ffff025f5003
0033.2932 ffff025f5003
0033.3083 ffff025f5003
0033.3258 ffff025f5003
0033.3412 ffff025f5003
0033.3566 ffff025f5003
0033.3723 ffff025f5003
0033.4053 ffff025f5003
0033.4207 ffff025f5003
0033.4382 ffff025f5003
0033.4535 ffff025f5003
0033.4688 ffff025f5003
0033.4865 ffff025f5003
0033.5171 ffff025f5003
0033.5324 ffff025f5003
0033.5500 ffff025f5003
0033.5652 ffff025f5003
0033.5805 ffff025f5003
0033.5984 ffff025f5003
0033.6293 ffff025f5003
0033.6447 ffff025f5003
0033.6618 ffff025f5003ffff
0033.6771 025f5003ffff025f50
0033.6923 03ffff025f5003
0033.7249 ffff
0033.7402 025f5003ffff025f
0033.7575 5003ffff025f5003
0033.7727 ffff025f5003
0033.7880 ffff025f5003
0033.8055 ffff025f5003
0033.8358 ffff025f5003
0033.8537 ffff025f5003
0033.8690 ffff025f5003
0033.8843 ffff025f5003
0033.9021 ffff025f5003
0033.9497 ffff025f5003ffff
0033.9647 025f5003ffff025f
0033.9818 5003ffff025f5003
0033.9967 ffff025f5003
0034.0120 ffff025f5003
0034.0442 ffff025f5003
0034.0621 ffff025f5003
0034.0773 ffff025f5003
0034.0924 ffff025f5003
0034.1102 ffff025f5003
0034.1579 ffff025f5003ff
0034.1729 ff025f5003ffff025f
0034.1884 5003ffff025f5003
0034.2062 ffff025f5003
0034.2212 ffff025f5003
0034.2538 ffff025f5003
0034.2691 ffff025f5003
0034.2844 ffff025f5003
0034.3020 ffff025f5003
0034.3173 ffff025f5003
0034.3328 ffff025f5003
0034.3652 ffff025f5003
0034.3805 ffff025f5003
0034.3959 ffff025f5003
0034.4138 ffff025f5003
0034.4289 ffff025f5003
0034.4442 ffff025f5003
0034.4773 ffff025f5003
0034.4923 ffff025f5003
0034.5077 ffff025f5003
0034.5252 ffff025f5003
0034.5400 ffff025f5003
0034.5580 ffff025f5003
0034.5892 ffff025f5003
0034.6045 ffff025f5003
0034.6217 ffff025f5003
0034.6371 ffff025f5003
0034.6525 ffff025f5003ff
0034.6698 ff025f5003
0034.7004 ffff025f5003
0034.7155 ffff025f5003ff
0034.7331 ff025f5003ffff02
0034.7486 5f5003ffff025f5003
0034.7638 ffff025f5003
0034.7972 ffff02
0034.8117 5f5003ffff025f5003
0034.8275 ffff025f5003
0034.8454 ffff025f5003
0034.8608 ffff025f5003
0034.8761 ffff025f5003
0034.9083 ffff025f5003
0034.9239 ffff025f5003
0034.9415 ffff025f5003
0034.9570 ffff025f5003
0034.9726 ffff025f5003
0034.9883 ffff025f5003
0035.0214 ffff025f5003
0035.0364 ffff025f5003
0035.0537 ffff025f5003
0035.0692 ffff025f5003
0035.0844 ffff025f5003
0035.0995 ffff025f5003
0035.1319 ffff025f5003
0035.1473 ffff025f5003
0035.1650 ffff025f5003
0035.1795 ffff025f5003
0035.1971 ffff025f5003
0035.2124 ffff025f5003
0035.2450 ffff025f5003
0035.2603 ffff025f5003
0035.2758 ffff025f5003
0035.2912 ffff025f5003ffff02
0035.3089 5f5003ffff025f50
0035.3243 03
0035.3576 ffff025f5003ffff02
0035.3730 5f5003ffff025f50
0035.3884 03ffff025f5003
0035.4034 ffff025f5003
0035.4210 ffff025f5003
0035.4516 ffff025f5003
0035.4693 ffff025f5003
0035.4845 ffff025f5003
0035.4998 ffff025f5003
0035.5177 ffff025f5003
0035.5330 ffff025f5003
0035.5644 ffff025f5003
0035.5794 ffff025f5003
0035.5965 ffff025f5003
0035.6117 ffff025f5003
0035.6294 ffff025f5003
0035.6445 ffff025f5003
0035.6769 ffff025f5003
0035.6924 ffff025f5003
0035.7076 ffff025f5003
0035.7231 ffff025f5003
0035.7413 ffff025f5003
0035.7559 ffff025f5003
0035.7891 ffff025f5003
0035.8045 ffff025f5003
0035.8194 ffff025f5003
0035.8371 ffff025f5003
0035.8525 ffff025f5003ffff
0035.8670 025f5003
0035.8992 ffff025f5003
0035.9171 ffff025f5003ffff
0035.9315 025f5003ffff025f
0035.9493 5003ffff025f5003
0035.9647 ffff025f5003
0035.9949 ffff025f
0036.0121 5003ffff025f5003
0036.0290 ffff025f5003
0036.0440 ffff025f5003
0036.0594 ffff025f5003
0036.0773 ffff025f5003
0036.1077 ffff
0036.1254 025f5003ffff025f
0036.1402 5003ffff025f5003
0036.1551 ffff025f5003
0036.1730 ffff025f5003
0036.2037 ffff
0036.2189 025f5003ffff025f
0036.2366 5003ffff025f5003
0036.2516 ffff025f5003
0036.2669 ffff025f5003
0036.2848 ffff025f5003
0036.3157 ffff025f5003
0036.3311 ffff025f5003
0036.3467 ffff025f5003
0036.3646 ffff025f5003
0036.3795 ffff025f5003
0036.3971 ffff025f5003
0036.4285 ffff025f5003
0036.4438 ffff025f5003
0036.4588 ffff025f5003
0036.4760 ffff025f5003
0036.4912 ffff025f5003
0036.5089 ffff025f5003
0036.5394 ffff025f5003
0036.5548 ffff025f5003
0036.5726 ffff025f5003
0036.5882 ffff025f5003
0036.6034 ffff025f5003
0036.6211 ffff025f5003
0036.6524 ffff025f5003
0036.6680 ffff025f5003
0036.6860 ffff025f5003
0036.6987 ffff025f5003ff
0036.7166 ff025f5003ffff025f
0036.7319 5003
0036.7642 ffff025f5003ff
0036.7796 ff025f5003ffff025f
0036.7949 5003ffff025f5003
0036.8127 ffff025f5003
0036.8278 ffff025f5003
0036.8610 ffff025f5003
0036.8763 ffff025f5003
0036.8917 ffff025f5003
0036.9070 ffff025f5003
0036.9250 ffff025f5003
0036.9402 ffff025f5003
0036.9725 ffff025f5003
0036.9874 ffff025f5003
0037.0027 ffff025f5003
0037.0210 ffff025f5003
0037.0367 ffff025f5003
0037.0517 ffff025f5003
0037.0826 ffff025f5003
0037.1005 ffff025f5003
0037.1158 ffff025f5003
0037.1312 ffff025f5003
0037.1480 ffff025f5003
0037.1633 ffff025f5003
0037.1963 ffff025f5003
0037.2119 ffff025f5003
0037.2270 ffff025f5003
0037.2445 ffff025f5003
0037.2594 ffff025f5003
0037.2746 ffff025f5003
0037.3066 ffff025f5003
0037.3241 ffff025f5003
0037.3395 ffff025f5003ffff02
0037.3549 5f5003ffff025f50
0037.3728 03ffff025f5003
0037.4024 ffff02
0037.4206 5f5003ffff025f50
0037.4360 03ffff025f5003
0037.4512 ffff025f5003
0037.4668 ffff025f5003
0037.4845 ffff025f5003
0037.5149 ffff025f5003
0037.5322 ffff025f5003
0037.5474 ffff025f5003
0037.5626 ffff025f5003
0037.5802 ffff025f5003
0037.5954 ffff025f5003
0037.6283 ffff025f5003
0037.6435 ffff025f5003
0037.6586 ffff025f5003
0037.6764 ffff025f5003
0037.6915 ffff025f5003
0037.7067 ffff025f5003
0037.7396 ffff025f5003
0037.7548 ffff025f5003
0037.7725 ffff025f5003
0037.7877 ffff025f5003
0037.8029 ffff025f5003
0037.8181 ffff025f5003
0037.8512 ffff025f5003
0037.8665 ffff025f5003
0037.8839 ffff025f5003
0037.8992 ffff025f5003ffff
0037.9142 025f5003ffff025f50
0037.9317 03
0037.9645 ffff025f5003ffff
0037.9797 025f5003ffff025f50
0037.9945 03ffff025f5003
0038.0123 ffff025f5003
0038.0273 ffff025f5003
0038.0602 ffff025f5003
0038.0753 ffff025f5003
0038.0907 ffff025f5003
0038.1081 ffff025f5003
0038.1232 ffff025f5003
0038.1386 ffff025f5003
0038.1702 ffff025f5003
0038.1874 ffff025f5003
0038.2024 ffff025f5003
0038.2202 ffff025f5003
0038.2357 ffff025f5003
0038.2508 ffff025f5003
0038.2833 ffff025f5003
0038.2987 ffff025f5003
0038.3140 ffff025f5003
0038.3315 ffff025f5003
0038.3468 ffff025f5003
0038.3641 ffff025f5003
0038.3954 ffff025f5003
0038.4107 ffff025f5003
0038.4264 ffff025f5003
0038.4441 ffff025f5003
0038.4594 ffff025f5003ff
0038.4746 ff025f5003
0038.5074 ffff025f5003
0038.5225 ffff025f5003ff
0038.5377 ff025f5003ffff025f
0038.5553 5003ffff025f5003
0038.5702 ffff025f5003
0038.6037 ffff025f
0038.6190 5003ffff025f5003
0038.6343 ffff025f5003
0038.6520 ffff025f5003
0038.6672 ffff025f5003
0038.6824 ffff025f5003
0038.7149 ffff025f5003
0038.7301 ffff025f5003
0038.7475 ffff025f5003
0038.7627 ffff025f5003
0038.7779 ffff025f5003
0038.7956 ffff025f5003
0038.8259 ffff025f5003
0038.8436 ffff025f5003
0038.8587 ffff025f5003
0038.8739 ffff025f5003
0038.8915 ffff025f5003
0038.9067 ffff025f5003
0038.9395 ffff025f5003
0038.9547 ffff025f5003
0038.9699 ffff025f5003
0038.9876 ffff025f5003
0039.0028 ffff025f5003
0039.0181 ffff025f5003
0039.0513 ffff025f5003
0039.0662 ffff025f5003
0039.0841 ffff025f5003ff
0039.0994 ff025f5003ffff02
0039.1144 5f5003ffff025f5003
0039.1455 ff
0039.1643 ff025f5003ffff02
0039.1797 5f5003ffff025f5003
0039.1947 ffff025f5003
0039.2097 ffff025f5003
0039.2274 ffff025f5003
0039.2591 ffff025f5003
0039.2742 ffff025f5003
0039.2919 ffff025f5003
0039.3071 ffff025f5003
0039.3222 ffff025f5003
0039.3374 ffff025f5003
0039.3700 ffff025f5003
0039.3876 ffff025f5003
0039.4028 ffff025f5003
0039.4180 ffff025f5003
0039.4334 ffff025f5003
0039.4515 ffff025f5003
0039.4815 ffff025f5003
0039.4994 ffff025f5003
0039.5148 ffff025f5003
0039.5304 ffff025f5003
0039.5453 ffff025f5003
0039.5783 ffff025f5003
0039.5937 ffff025f5003
0039.6113 ffff025f5003
0039.6266 ffff025f5003
0039.6418 ffff025f5003
0039.6595 ffff025f5003
0039.6899 ffff025f5003
0039.7076 ffff025f5003
0039.7224 ffff025f5003
0039.7376 ffff025f5003
0039.7554 ffff025f5003
0039.7706 ffff025f5003
0039.8034 ffff025f5003
0039.8186 ffff025f5003
0039.8338 ffff025f5003
0039.8516 ffff025f5003
0039.8668 ffff025f5003
0039.8821 ffff025f5003
0039.9149 ffff025f5003
0039.9301 ffff025f5003
0039.9452 ffff025f5003
0039.9629 ffff025f5003ffff
0039.9781 025f5003ffff025f50
0039.9933 03
0040.0264 ffff025f5003ffff
0040.0417 025f5003ffff025f50
0040.0594 03ffff025f5003
0040.0746 ffff025f5003
0040.0898 ffff025f5003
0040.1223 ffff025f5003
0040.1376 ffff025f5003
0040.1535 ffff025f5003
0040.1712 ffff025f5003
0040.1866 ffff025f5003
0040.2030 ffff025f5003
0040.2340 ffff025f5003
0040.2511 ffff025f5003
0040.2665 ffff025f5003
0040.2817 ffff025f5003
0040.2971 ffff025f5003
0040.3141 ffff025f5003
0040.3469 ffff025f5003
0040.3623 ffff025f5003
0040.3769 ffff025f5003
0040.3942 ffff025f5003
0040.4090 ffff025f5003
0040.4249 ffff025f5003
0040.4591 ffff025f5003
0040.4746 ffff025f5003
0040.4899 ffff025f5003
0040.5069 ffff025f5003
0040.5220 ffff025f5003ffff
0040.5372 025f5003
0040.5704 ffff025f5003
0040.5854 ffff025f5003ffff
0040.6009 025f5003ffff025f
0040.6193 5003ffff025f5003
0040.6342 ffff025f5003
0040.6670 ff
0040.6823 ff025f5003ffff025f
0040.6974 5003ffff025f5003
0040.7127 ffff025f5003
0040.7299 ffff025f5003
0040.7778 ffff025f5003
0040.7929 ffff025f5003
0040.8107 ffff025f5003
0040.8259 ffff025f5003
0040.8410 ffff025f5003
0040.8741 ffff025f5003
0040.8894 ffff025f5003
0040.9065 ffff025f5003
0040.9219 ffff025f5003
0040.9370 ffff025f5003
0040.9550 ffff025f5003
0040.9854 ffff025f5003
0041.0026 ffff025f5003
0041.0179 ffff025f5003
0041.0333 ffff025f5003ff
0041.0486 ff025f5003ffff025f
0041.0658 5003
0041.0987 ffff025f5003ff
0041.1143 ff025f5003ffff025f
0041.1297 5003ffff025f5003
0041.1451 ffff025f5003
0041.1642 ffff025f5003
0041.1949 ffff025f5003
0041.2103 ffff025f5003
0041.2256 ffff025f5003
0041.2405 ffff025f5003
0041.2584 ffff025f5003
0041.2736 ffff025f5003
0041.3056 ffff025f5003
0041.3209 ffff025f5003
0041.3383 ffff025f5003
0041.3531 ffff025f5003
0041.3707 ffff025f5003
0041.3860 ffff025f5003
0041.4188 ffff025f5003
0041.4341 ffff025f5003
0041.4492 ffff025f5003
0041.4646 ffff025f5003
0041.4821 ffff025f5003
0041.4974 ffff025f5003
0041.5305 ffff025f5003
0041.5456 ffff025f5003
0041.5607 ffff025f5003
0041.5779 ffff025f5003
0041.5931 ffff025f5003
0041.6103 ffff025f5003
0041.6411 ffff025f5003
0041.6565 ffff025f5003
0041.6743 ffff025f5003ffff02
0041.6899 5f5003ffff025f5003
0041.7051 ffff025f5003
0041.7379 ffff02
0041.7532 5f5003ffff025f50
0041.7683 03ffff025f5003
0041.7855 ffff025f5003
0041.8004 ffff025f5003
0041.8181 ffff025f5003
0041.8500 ffff025f5003
0041.8650 ffff025f5003
0041.8803 ffff025f5003
0041.8983 ffff025f5003
0041.9130 ffff025f5003
0041.9611 ffff025f5003ffff02
0041.9763 5f5003ffff025f50
0041.9940 03ffff025f5003
0042.0092 ffff025f5003
0042.0245 ffff025f5003
0042.0573 ffff025f5003
0042.0746 ffff025f5003
0042.0898 ffff025f5003
0042.1042 ffff025f5003
0042.1219 ffff025f5003
0042.1700 ffff025f5003
0042.1855 ffff025f5003ffff
0042.2009 025f5003ffff025f50
0042.2163 03ffff025f5003
0042.2344 ffff025f5003
0042.2657 ffff025f50
0042.2816 03ffff025f5003
0042.2971 ffff025f5003
0042.3120 ffff025f5003
0042.3292 ffff025f5003
0042.3442 ffff025f5003
0042.3776 ffff025f5003
0042.3926 ffff025f5003
0042.4100 ffff025f5003
0042.4250 ffff025f5003
0042.4403 ffff025f5003
0042.4575 ffff025f5003
0042.4902 ffff025f5003
0042.5053 ffff025f5003
0042.5203 ffff025f5003
0042.5375 ffff025f5003
0042.5530 ffff025f5003
0042.5681 ffff025f5003
0042.6012 ffff025f5003
0042.6165 ffff025f5003
0042.6318 ffff025f5003
0042.6491 ffff025f5003
0042.6644 ffff025f5003
0042.6819 ffff025f5003
0042.7121 ffff025f5003
0042.7296 ffff025f5003
0042.7446 ffff025f5003ffff
0042.7602 025f5003ffff025f
0042.7781 5003ffff025f5003
0042.8087 ffff
0042.8257 025f5003ffff025f
0042.8410 5003ffff025f5003
0042.8561 ffff025f5003
0042.8717 ffff025f5003
0042.8894 ffff025f5003
0042.9220 ffff025f5003
0042.9367 ffff025f5003
0042.9520 ffff025f5003
0042.9699 ffff025f5003
0042.9848 ffff025f5003
0043.0000 ffff025f5003
0043.0328 ffff025f5003
0043.0477 ffff025f5003
0043.0653 ffff025f5003
0043.0807 ffff025f5003
0043.0956 ffff025f5003
0043.1135 ffff025f5003
0043.1451 ffff025f5003
0043.1602 ffff025f5003
0043.1756 ffff025f5003
0043.1931 ffff025f5003
0043.2085 ffff025f5003
0043.2260 ffff025f5003
0043.2563 ffff025f5003
0043.2740 ffff025f5003
0043.2889 ffff025f5003
0043.3040 ffff025f5003ff
0043.3215 ff025f5003ffff025f
0043.3362 5003
0043.3691 ffff025f5003ff
0043.3837 ff025f5003ffff025f
0043.4016 5003ffff025f5003
0043.4169 ffff025f5003
0043.4319 ffff025f5003
0043.4650 ffff025f5003
0043.4804 ffff025f5003
0043.4960 ffff025f5003
0043.5138 ffff025f5003
0043.5291 ffff025f5003
0043.5447 ffff025f5003
0043.5772 ffff025f5003
0043.5923 ffff025f5003
0043.6077 ffff025f5003
0043.6257 ffff025f5003
0043.6401 ffff025f5003
0043.6571 ffff025f5003
0043.6876 ffff025f5003
0043.7057 ffff025f5003
0043.7209 ffff025f5003
0043.7362 ffff025f5003
0043.7515 ffff025f5003
0043.7697 ffff025f5003
0043.7992 ffff025f5003
0043.8178 ffff025f5003
0043.8330 ffff025f5003
0043.8481 ffff025f5003
0043.8636 ffff025f5003
0043.8812 ffff025f5003
0043.9122 ffff025f5003
0043.9275 ffff025f5003
0043.9454 ffff025f5003ffff02
0043.9603 5f5003ffff025f50
0043.9756 03ffff025f5003
0044.0089 ffff02
0044.0243 5f5003ffff025f50
0044.0397 03ffff025f5003
0044.0556 ffff025f5003
0044.0712 ffff025f5003
0044.0892 ffff025f5003
0044.1201 ffff025f5003
0044.1354 ffff025f5003
0044.1530 ffff025f5003
0044.1684 ffff025f5003
0044.1833 ffff025f5003
0044.2009 ffff025f5003
0044.2315 ffff025f5003
0044.2489 ffff025f5003
0044.2643 ffff025f5003
0044.2792 ffff025f5003
0044.2971 ffff025f5003
0044.3122 ffff025f5003
0044.3452 ffff025f5003
0044.3602 ffff025f5003
0044.3774 ffff025f5003
0044.3927 ffff025f5003
0044.4077 ffff025f5003
0044.4232 ffff025f5003
0044.4561 ffff025f5003
0044.4715 ffff025f5003
0044.4892 ffff025f5003
0044.5046 ffff025f5003ffff
0044.5200 025f5003ffff025f50
0044.5355 03
0044.5681 ffff025f5003
0044.5831 ffff025f5003ffff
0044.6007 025f5003ffff025f50
0044.6155 03ffff025f5003
0044.6636 ffff025f5003
0044.6813 ffff025f5003
0044.6968 ffff025f5003
0044.7117 ffff025f5003
0044.7271 ffff025f5003ffff
0044.7440 025f5003
0044.7769 ffff025f5003
0044.7917 ffff025f5003ffff
0044.8086 025f5003ffff025f
0044.8239 5003ffff025f5003
0044.8392 ffff025f5003
0044.8721 ffff025f
0044.8874 5003ffff025f5003
0044.9050 ffff025f5003
0044.9203 ffff025f5003
0044.9357 ffff025f5003
0044.9529 ffff025f5003
0044.9851 ffff025f5003
0045.0001 ffff025f5003
0045.0154 ffff025f5003
0045.0308 ffff025f5003
0045.0486 ffff025f5003
0045.0639 ffff025f5003
0045.0950 ffff025f5003
0045.1127 ffff025f5003
0045.1279 ffff025f5003
0045.1427 ffff025f5003
0045.1605 ffff025f5003
0045.1758 ffff025f5003
0045.2089 ffff025f5003
0045.2239 ffff025f5003
0045.2390 ffff025f5003
0045.2564 ffff025f5003
0045.2722 ffff025f5003
0045.2882 ffff025f5003
0045.3191 ffff025f5003
0045.3370 ffff025f5003
0045.3524 ffff025f5003ff
0045.3677 ff025f5003ffff025f
0045.3827 5003ffff025f5003
0045.4147 ff
0045.4327 ff025f5003ffff025f
0045.4476 5003ffff025f5003
0045.4626 ffff025f5003
0045.4796 ffff025f5003
0045.4949 ffff025f5003
0045.5281 ffff025f5003
0045.5434 ffff025f5003
0045.5585 ffff025f5003
0045.5763 ffff025f5003
0045.5913 ffff025f5003
0045.6079 ffff025f5003
0045.6392 ffff025f5003
0045.6545 ffff025f5003
0045.6726 ffff025f5003
0045.6865 ffff025f5003
0045.7039 ffff025f5003
0045.7193 ffff025f5003
0045.7525 ffff025f5003
0045.7675 ffff025f5003
0045.7827 ffff025f5003
0045.8002 ffff025f5003
0045.8155 ffff025f5003
0045.8307 ffff025f5003
0045.8635 ffff025f5003
0045.8784 ffff025f5003
0045.8961 ffff025f5003
0045.9111 ffff025f5003ff
0045.9264 ff025f5003ffff02
0045.9438 5f5003
0045.9743 ffff025f5003
0045.9920 ffff025f5003ffff02
0046.0073 5f5003ffff025f5003
0046.0249 ffff025f5003
0046.0398 ffff025f5003
0046.0706 ffff025f5003
0046.0882 ffff025f5003
0046.1034 ffff025f5003
0046.1187 ffff025f5003
0046.1366 ffff025f5003
0046.1830 ffff025f5003
0046.1982 ffff025f5003
0046.2161 ffff025f5003ffff02
0046.2314 5f5003ffff025f50
0046.2468 03ffff025f5003
0046.2800 ffff02
0046.2952 5f5003ffff025f50
0046.3106 03ffff025f5003
0046.3286 ffff025f5003
0046.3439 ffff025f5003
0046.3589 ffff025f5003
0046.3914 ffff025f5003
0046.4065 ffff025f5003
0046.4245 ffff025f5003
0046.4399 ffff025f5003
0046.4550 ffff025f5003
0046.4702 ffff025f5003
0046.5033 ffff025f5003
0046.5183 ffff025f5003
0046.5340 ffff025f5003
0046.5517 ffff025f5003
0046.5670 ffff025f5003
0046.5822 ffff025f5003
0046.6156 ffff025f5003
0046.6309 ffff025f5003
0046.6484 ffff025f5003
0046.6635 ffff025f5003
0046.6787 ffff025f5003
0046.6959 ffff025f5003
0046.7283 ffff025f5003
0046.7436 ffff025f5003
0046.7587 ffff025f5003
0046.7740 ffff025f5003
0046.7917 ffff025f5003
0046.8239 ffff025f5003
0046.8386 ffff025f5003
0046.8560 ffff025f5003
0046.8704 ffff025f5003
0046.8878 ffff025f5003
0046.9030 ffff025f5003
0046.9358 ffff025f5003
0046.9510 ffff025f5003
0046.9659 ffff025f5003
0046.9836 ffff025f5003
0046.9987 ffff025f5003ffff
0047.0139 025f5003
0047.0464 ffff025f5003
0047.0642 ffff025f5003ffff
0047.0794 025f5003ffff025f
0047.0946 5003ffff025f5003
0047.1120 ffff025f5003
0047.1424 ffff025f
0047.1600 5003ffff025f5003
0047.1752 ffff025f5003
0047.1904 ffff025f5003
0047.2081 ffff025f5003
0047.2233 ffff025f5003
0047.2559 ffff025f5003
0047.2707 ffff025f5003
0047.2859 ffff025f5003
0047.3035 ffff025f5003
0047.3183 ffff025f5003
0047.3337 ffff025f5003
0047.3659 ffff025f5003
0047.3840 ffff025f5003
0047.3989 ffff025f5003
0047.4142 ffff025f5003
0047.4321 ffff025f5003
0047.4475 ffff025f5003
0047.4781 ffff025f5003
0047.4959 ffff025f5003
0047.5108 ffff025f5003
0047.5258 ffff025f5003
0047.5429 ffff025f5003
0047.5578 ffff025f5003
0047.5910 ffff025f5003
0047.6060 ffff025f5003
0047.6239 ffff025f5003ff
0047.6392 ff025f5003ffff025f
0047.6542 5003ffff025f5003
0047.6861 ff
0047.7015 ff025f5003ffff025f
0047.7195 5003ffff025f5003
0047.7349 ffff025f5003
0047.7504 ffff025f5003
0047.7658 ffff025f5003
0047.7986 ffff025f5003
0047.8140 ffff025f5003
0047.8294 ffff025f5003
0047.8470 ffff025f5003
0047.8624 ffff025f5003
0047.8798 ffff025f5003
0047.9098 ffff025f5003
0047.9273 ffff025f5003
0047.9423 ffff025f5003
0047.9574 ffff025f5003
0047.9753 ffff025f5003
0047.9908 ffff025f5003
0048.0214 ffff025f5003
0048.0390 ffff025f5003
0048.0543 ffff025f5003
0048.0695 ffff025f5003
0048.0870 ffff025f5003
0048.1020 ffff025f5003
0048.1352 ffff025f5003
0048.1510 ffff025f5003
0048.1660 ffff025f5003
0048.1837 ffff025f5003
0048.1979 ffff025f5003ffff02
0048.2156 5f5003
0048.2461 ffff025f5003
0048.2615 ffff025f5003ffff02
0048.2794 5f5003ffff025f5003
0048.2946 ffff025f5003
0048.3100 ffff025f5003
0048.3430 ffff025f50
0048.3581 03ffff025f5003
0048.3732 ffff025f5003
0048.3913 ffff025f5003
0048.4066 ffff025f5003
0048.4211 ffff025f5003
0048.4545 ffff025f5003
0048.4693 ffff025f5003
0048.4865 ffff025f5003
0048.5013 ffff025f5003
0048.5185 ffff025f5003
0048.5334 ffff025f5003
0048.5677 ffff025f5003
0048.5827 ffff025f5003
0048.5977 ffff025f5003
0048.6145 ffff025f5003
0048.6297 ffff025f5003
0048.6469 ffff025f5003
0048.6772 ffff025f5003
0048.6945 ffff025f5003
0048.7097 ffff025f5003
0048.7272 ffff025f5003
0048.7424 ffff025f5003
0048.7576 ffff025f5003
0048.7905 ffff025f5003
0048.8056 ffff025f5003
0048.8233 ffff025f5003
0048.8385 ffff025f5003
0048.8537 ffff025f5003
0048.8865 ffff025f5003
0048.9016 ffff025f5003
0048.9194 ffff025f5003
0048.9346 ffff025f5003
0048.9499 ffff025f5003
0048.9652 ffff025f5003
0048.9977 ffff025f5003
0049.0154 ffff025f5003
0049.0307 ffff025f5003
0049.0462 ffff025f5003ffff
0049.0612 025f5003ffff025f50
0049.0789 03
0049.1092 ffff025f5003ffff
0049.1265 025f5003ffff025f50
0049.1421 03ffff025f5003
0049.1573 ffff025f5003
0049.1746 ffff025f5003
0049.2069 ffff025f5003
0049.2221 ffff025f5003
0049.2370 ffff025f5003
0049.2545 ffff025f5003
0049.2697 ffff025f5003
0049.2869 ffff025f5003
0049.3193 ffff025f5003
0049.3341 ffff025f5003
0049.3492 ffff025f5003
0049.3669 ffff025f5003
0049.3821 ffff025f5003
0049.3973 ffff025f5003
0049.4299 ffff025f5003
0049.4451 ffff025f5003
0049.4623 ffff025f5003
0049.4774 ffff025f5003
0049.6386 ffff025f5003
0049.6537 ffff025f5003
0049.6688 ffff025f5003
0049.6865 ffff025f5003
0049.7016 ffff025f5003
0049.7344 ffff025f5003
0049.7496 ffff025f5003
0049.7669 ffff025f5003
0049.7821 ffff025f5003ff
0049.7973 ff025f5003ffff025f
0049.8150 5003
0049.8453 ffff025f5003ff
0049.8606 ff025f5003ffff025f
0049.8783 5003ffff025f5003
0049.8934 ffff025f5003
0049.9087 ffff025f5003
0049.9415 ffff025f
0049.9568 5003ffff025f5003
0049.9749 ffff025f5003
0049.9902 ffff025f5003
0050.0059 ffff025f5003
0050.0531 ffff025f5003
0050.0684 ffff025f5003
0050.0863 ffff025f5003ff
0050.1013 ff025f5003ffff02
0050.1166 5f5003
0050.1493 ffff025f5003
0050.1644 ffff025f5003
0050.1818 ffff025f5003
0050.1969 ffff025f5003
0050.2147 ffff025f5003
0050.2298 ffff025f5003
0050.2606 ffff025f5003
0050.2785 ffff025f5003
0050.2935 ffff025f5003ff
0050.3088 ff025f5003ffff02
0050.3268 5f5003ffff025f5003
0050.3747 ffff025f5003ffff02
0050.3891 5f5003ffff025f5003
0050.4067 ffff025f5003
0050.4214 ffff025f5003
0050.4363 ffff025f5003
0050.4698 ffff025f5003
0050.4851 ffff025f5003
0050.5004 ffff025f5003
0050.5184 ffff025f5003
0050.5338 ffff025f5003
0050.5491 ffff025f5003
0050.5819 ffff025f5003
0050.5973 ffff025f5003
0050.6129 ffff025f5003
0050.6304 ffff025f5003
0050.6464 ffff025f5003
0050.6617 ffff025f5003
0050.6938 ffff025f5003
0050.7089 ffff025f5003
0050.7266 ffff025f5003
0050.7420 ffff025f5003
0050.7572 ffff025f5003
0050.8054 ffff025f5003ffff02
0050.8209 5f5003ffff025f50
0050.8360 03ffff025f5003
0050.8538 ffff025f5003
0050.8845 ffff02
0050.9004 5f5003ffff025f50
0050.9183 03ffff025f5003
0050.9333 ffff025f5003
0050.9496 ffff025f5003
0050.9650 ffff025f5003
0050.9982 ffff025f5003
0051.0135 ffff025f5003
0051.0288 ffff025f5003
0051.0441 ffff025f5003
0051.0624 ffff025f5003
0051.0775 ffff025f5003
0051.1082 ffff025f5003
0051.1241 ffff025f5003
0051.1413 ffff025f5003
0051.1568 ffff025f5003
0051.1726 ffff025f5003
0051.1882 ffff025f5003
0051.2210 ffff025f5003
0051.2360 ffff025f5003
0051.2543 ffff025f5003
0051.2697 ffff025f5003
0051.2849 ffff025f5003
0051.3007 ffff025f5003
0051.3336 ffff025f5003
0051.3490 ffff025f5003
0051.3644 ffff025f5003
0051.3818 ffff025f5003ffff
0051.3967 025f5003ffff025f50
0051.4118 03
0051.4442 ffff025f5003ffff
0051.4616 025f5003ffff025f
0051.4769 5003ffff025f5003
0051.4943 ffff025f5003
0051.5088 ffff025f5003
0051.5414 ffff025f5003
0051.5566 ffff025f5003
0051.5740 ffff025f5003
0051.5893 ffff025f5003
0051.6041 ffff025f5003
0051.6220 ffff025f5003
0051.6527 ffff025f5003
0051.6680 ffff025f5003
0051.6860 ffff025f5003
0051.7015 ffff025f5003
0051.7169 ffff025f5003
0051.7320 ffff025f5003
0051.7649 ffff025f5003
0051.7802 ffff025f5003
0051.7978 ffff025f5003
0051.8131 ffff025f5003
0051.8285 ffff025f5003
0051.8437 ffff025f5003
0051.8758 ffff025f5003
0051.8915 ffff025f5003
0051.9079 ffff025f5003
0051.9259 ffff025f5003
0051.9413 ffff025f5003ff
0051.9560 ff025f5003
0051.9887 ffff025f5003
0052.0045 ffff025f5003ff
0052.0197 ff025f5003ffff025f
0052.0370 5003ffff025f5003
0052.0523 ffff025f5003
0052.0836 ffff025f
0052.1007 5003ffff025f5003
0052.1161 ffff025f
0052.1316 5003ffff025f5003
0052.1485 ffff025f5003
0052.1954 ffff025f5003
0052.2131 ffff025f5003
0052.2285 ffff025f5003ff
0052.2435 ff025f5003ffff025f
0052.2614 5003ffff025f5003
0052.2915 ff
0052.3095 ff025f5003ffff02
0052.3244 5f5003ffff025f5003
0052.3397 ffff025f5003
0052.3581 ffff025f5003
0052.3734 ffff025f5003
0052.4041 ffff025f5003
0052.4218 ffff025f5003
0052.4370 ffff025f5003
0052.4517 ffff025f5003
0052.4697 ffff025f5003
0052.4850 ffff025f5003
0052.5175 ffff025f5003
0052.5329 ffff025f5003
0052.5482 ffff025f5003
0052.5652 ffff025f5003
0052.5802 ffff025f5003
0052.5954 ffff025f5003
0052.6283 ffff025f5003
0052.6434 ffff025f5003
0052.6608 ffff025f5003
0052.6760 ffff025f5003
0052.6933 ffff025f5003
0052.7081 ffff025f5003
0052.7399 ffff025f5003
0052.7567 ffff025f5003
0052.7719 ffff025f5003
0052.7888 ffff025f5003
0052.8039 ffff025f5003
0052.8364 ffff025f5003
0052.8511 ffff025f5003
0052.8688 ffff025f5003
0052.8853 ffff025f5003
0052.9005 ffff025f5003
0052.9157 ffff025f5003
0052.9485 ffff025f5003
0052.9637 ffff025f5003
0052.9814 ffff025f5003
0052.9966 ffff025f5003
0053.0118 ffff025f5003
0053.0295 ffff025f5003
0053.0599 ffff025f5003
0053.0752 ffff025f5003
0053.0927 ffff025f5003ffff02
0053.1081 5f5003ffff025f50
0053.1252 03ffff025f5003
0053.1551 ffff
0053.1729 025f5003ffff025f50
0053.1874 03ffff025f5003
0053.2045 ffff025f5003
0053.2195 ffff025f5003
0053.2365 ffff025f5003
0053.2671 ffff025f5003
0053.2845 ffff025f5003
0053.2998 ffff025f5003
0053.3150 ffff025f5003
0053.3325 ffff025f5003
0053.3470 ffff025f5003
0053.3799 ffff025f5003
0053.3952 ffff025f5003
0053.4131 ffff025f5003
0053.4285 ffff025f5003
0053.4451 ffff025f5003
0053.4603 ffff025f5003
0053.4932 ffff025f5003
0053.5085 ffff025f5003
0053.5238 ffff025f5003
0053.5391 ffff025f5003
0053.5565 ffff025f5003
0053.5718 ffff025f5003
0053.6046 ffff025f5003
0053.6194 ffff025f5003
0053.6371 ffff025f5003
0053.6520 ffff025f5003ffff
0053.6671 025f5003ffff025f
0053.6844 5003
0053.7147 ffff025f5003ffff
0053.7315 025f5003ffff025f
0053.7492 5003ffff025f5003
0053.7640 ffff025f5003
0053.7791 ffff025f5003
0053.8120 ffff025f5003
0053.8272 ffff025f5003
0053.8448 ffff025f5003
0053.8600 ffff025f5003
0053.8753 ffff025f5003
0053.8930 ffff025f5003
0053.9234 ffff025f5003
0053.9411 ffff025f5003
0053.9562 ffff025f5003
0053.9714 ffff025f5003
0053.9866 ffff025f5003
0054.0043 ffff025f5003
0054.0347 ffff025f5003
0054.0522 ffff025f5003
0054.0678 ffff025f5003
0054.0832 ffff025f5003
0054.0986 ffff025f5003
0054.1162 ffff025f5003
0054.1489 ffff025f5003
0054.1650 ffff025f5003
0054.1804 ffff025f5003
0054.1954 ffff025f5003
0054.2105 ffff025f5003ff
0054.2282 ff025f5003
0054.2587 ffff025f5003
0054.2766 ffff025f5003ff
0054.2923 ff025f5003ffff025f
0054.3076 5003ffff025f5003
0054.3231 ffff025f5003
0054.3560 ffff025f
0054.3720 5003ffff025f5003
0054.3874 ffff025f5003
0054.4028 ffff025f5003
0054.4207 ffff025f5003
0054.4364 ffff025f5003
0054.4664 ffff025f5003
0054.4843 ffff025f5003
0054.4996 ffff025f5003
0054.5147 ffff025f5003
0054.5325 ffff025f5003
0054.5476 ffff025f5003
0054.5786 ffff025f5003
0054.5965 ffff025f5003
0054.6118 ffff025f5003
0054.6281 ffff025f5003
0054.6434 ffff025f5003
0054.6585 ffff025f5003
0054.6915 ffff025f5003
0054.7064 ffff025f5003
0054.7241 ffff025f5003
0054.7392 ffff025f5003
0054.7545 ffff025f5003
0054.7724 ffff025f5003
0054.8033 ffff025f5003
0054.8186 ffff025f5003
0054.8366 ffff025f5003
0054.8512 ffff025f5003
0054.8687 ffff025f5003
0054.8992 ffff025f5003
0054.9144 ffff025f5003
0054.9322 ffff025f5003
0054.9476 ffff025f5003
0054.9627 ffff025f5003
0054.9781 ffff025f5003
0055.0107 ffff025f5003
0055.0287 ffff025f5003
0055.0434 ffff025f5003
0055.0587 ffff025f5003
0055.0762 ffff025f5003ffff02
0055.0913 5f5003
0055.1228 ffff025f5003
0055.1405 ffff025f5003ffff02
0055.1557 5f5003ffff025f50
0055.1706 03ffff025f5003
0055.1860 ffff025f5003
0055.2190 ffff025f50
0055.2346 03ffff025f5003
0055.2523 ffff025f5003
0055.2679 ffff025f5003
0055.2831 ffff025f5003
0055.2981 ffff025f5003
0055.3312 ffff025f5003
0055.3460 ffff025f5003
0055.3638 ffff025f5003
0055.3787 ffff025f5003
0055.3940 ffff025f5003
0055.4119 ffff025f5003
0055.4422 ffff025f5003
0055.4597 ffff025f5003
0055.4744 ffff025f5003
0055.4924 ffff025f5003
0055.5077 ffff025f5003
0055.5226 ffff025f5003
0055.5554 ffff025f5003
0055.5704 ffff025f5003
0055.5859 ffff025f5003
0055.6039 ffff025f5003
0055.6192 ffff025f5003
0055.6345 ffff025f5003
0055.6675 ffff025f5003
0055.6825 ffff025f5003
0055.6979 ffff025f5003ffff
0055.7154 025f5003ffff025f50
0055.7310 03ffff025f5003
0055.7634 ffff
0055.7788 025f5003ffff025f50
0055.7938 03ffff025f5003
0055.8116 ffff025f5003
0055.8267 ffff025f5003
0055.8419 ffff025f5003
0055.8746 ffff025f5003
0055.8897 ffff025f5003
0055.9077 ffff025f5003
0055.9234 ffff025f5003
0055.9389 ffff025f5003
0055.9537 ffff025f5003
0055.9867 ffff025f5003
0056.0024 ffff025f5003
0056.0183 ffff025f5003
0056.0360 ffff025f5003
0056.0512 ffff025f5003
0056.0661 ffff025f5003
0056.0984 ffff025f5003
0056.1137 ffff025f5003
0056.1317 ffff025f5003
0056.1469 ffff025f5003
0056.1634 ffff025f5003
0056.1955 ffff025f5003
0056.2114 ffff025f5003
0056.2261 ffff025f5003
0056.2436 ffff025f5003
0056.2585 ffff025f5003
0056.2739 ffff025f5003
0056.3070 ffff025f5003
0056.3217 ffff025f5003
0056.3396 ffff025f5003
0056.3544 ffff025f5003
0056.3698 ffff025f5003
0056.3880 ffff025f5003
0056.4182 ffff025f5003
0056.4337 ffff025f5003
0056.4519 ffff025f5003
0056.4674 ffff025f5003
0056.4820 ffff025f5003ff
0056.4999 ff025f5003
0056.5315 ffff025f5003
0056.5466 ffff025f5003ff
0056.5619 ff025f5003ffff025f
0056.5774 5003ffff025f5003
0056.5948 ffff025f5003
0056.6274 ffff025f
0056.6423 5003ffff025f5003
0056.6577 ffff025f5003
0056.6751 ffff025f5003
0056.6902 ffff025f5003
0056.7074 ffff025f5003
0056.7377 ffff025f5003
0056.7537 ffff025f5003
0056.7712 ffff025f5003
0056.7866 ffff025f5003
0056.8016 ffff025f5003
0056.8344 ff
0056.8497 ff025f5003ffff02
0056.8676 5f5003ffff025f5003
0056.8827 ffff025f5003
0056.8974 ffff025f5003
0056.9133 ffff025f5003
0056.9462 ffff025f5003
0056.9618 ffff025f5003
0056.9797 ffff025f5003
0056.9945 ffff025f5003
0057.0114 ffff025f5003
0057.0264 ffff025f5003
0057.0594 ffff025f5003
0057.0748 ffff025f5003
0057.0902 ffff025f5003
0057.1054 ffff025f5003
0057.1229 ffff025f5003
0057.1531 ffff025f5003
0057.1707 ffff025f5003
0057.1859 ffff025f5003
0057.2033 ffff025f5003
0057.2182 ffff025f5003
0057.2356 ffff025f5003
0057.2659 ffff025f5003
0057.2835 ffff025f5003
0057.2985 ffff025f5003
0057.3136 ffff025f5003
0057.3310 ffff025f5003
0057.3613 ffff025f5003
0057.3793 ffff025f5003
0057.3947 ffff025f5003
0057.4100 ffff025f5003
0057.4252 ffff025f5003
0057.4431 ffff025f5003
0057.4737 ffff025f5003
0057.4890 ffff025f5003
0057.5065 ffff025f5003
0057.5218 ffff025f5003
0057.5393 ffff025f5003
0057.5695 ffff025f50
0057.5849 03ffff025f5003
0057.6028 ffff025f5003
0057.6182 ffff025f5003
0057.6353 ffff025f5003
0057.6503 ffff025f5003
0057.6811 ffff025f5003
0057.6989 ffff025f5003
0057.7143 ffff025f5003
0057.7297 ffff025f5003
0057.7451 ffff025f5003
0057.7629 ffff025f5003
0057.7935 ffff025f5003
0057.8113 ffff025f5003
0057.8267 ffff025f5003
0057.8416 ffff025f5003
0057.8570 ffff025f5003
0057.8907 ffff025f5003
0057.9057 ffff025f5003
0057.9228 ffff025f5003
0057.9381 ffff025f5003
0057.9535 ffff025f5003
0057.9707 ffff025f5003
0058.0010 ffff025f5003
0058.0188 ffff025f5003
0058.0338 ffff025f5003
0058.0492 ffff025f5003
0058.0665 ffff025f5003
0058.0819 ffff025f5003
0058.1144 ffff025f5003
0058.1294 ffff025f5003
0058.1466 ffff025f5003
0058.1619 ffff025f5003
0058.1779 ffff025f5003
0058.2105 ffff025f5003
0058.2260 ffff025f5003
0058.2415 ffff025f5003
0058.2569 ffff025f5003
0058.2744 ffff025f5003
0058.2890 ffff025f5003
0058.3216 ffff025f5003
0058.3371 ffff025f5003
0058.3550 ffff025f5003
0058.3699 ffff025f5003
0058.3853 ffff025f5003
0058.4006 ffff025f5003
0058.4339 ffff025f5003
0058.4486 ffff025f5003
0058.4663 ffff025f5003
0058.4812 ffff025f5003
0058.4981 ffff025f5003
0058.5306 ffff025f5003
0058.5459 ffff025f5003
0058.5609 ffff025f5003
0058.5784 ffff025f5003
0058.5930 ffff025f5003
0058.6085 ffff025f5003
0058.6418 ffff025f5003
0058.6565 ffff025f5003
0058.6726 ffff025f5003
0058.6901 ffff025f5003
0058.7050 ffff025f5003
0058.7379 ffff025f5003
0058.7534 ffff025f5003
0058.7684 ffff025f5003
0058.7858 ffff025f5003
0058.8007 ffff025f5003
0058.8181 ffff025f5003
0058.8488 ffff025f5003
0058.8645 ffff025f5003
0058.8816 ffff025f5003
0058.8968 ffff025f5003
0058.9146 ffff025f5003
0058.9450 ffff025f5003
0058.9628 ffff025f5003
0058.9777 ffff025f5003
0058.9926 ffff025f5003
0059.0100 ffff025f5003
0059.0253 ffff025f5003
0059.0563 ffff025f5003
0059.0743 ffff025f5003
0059.0890 ffff025f5003
0059.1042 ffff025f5003
0059.1223 ffff025f5003
0059.1525 ffff025f5003
0059.1701 ffff025f5003
0059.1854 ffff025f5003
0059.2008 ffff025f5003
0059.2182 ffff025f5003
0059.2336 ffff025f5003
0059.2667 ffff025f5003
0059.2819 ffff025f5003
0059.2968 ffff025f5003
0059.3146 ffff025f5003
0059.3297 ffff025f5003
0059.3622 ffff025f5003
0059.3775 ffff025f5003
0059.3925 ffff025f5003
0059.4103 ffff025f5003
0059.4251 ffff025f5003
0059.4402 ffff025f5003
0059.4729 ffff025f5003
0059.4882 ffff025f5003
0059.5062 ffff025f5003
0059.5221 ffff025f5003
0059.5367 ffff025f5003
0059.5701 ffff025f5003
0059.5854 ffff025f5003
0059.6006 ffff025f5003
0059.6184 ffff025f5003
0059.6337 ffff025f5003
0059.6490 ffff025f5003
0059.6817 ffff025f5003
0059.6970 ffff025f5003
0059.7123 ffff025f5003
0059.7295 ffff025f5003
0059.7446 ffff025f5003
0059.7775 ffff025f5003
0059.7926 ffff025f5003
0059.8104 ffff025f5003
0059.8256 ffff025f5003
0059.8408 ffff025f5003
0059.8561 ffff025f5003
0059.8885 ffff025f5003
0059.9062 ffff025f5003
0059.9210 ffff025f5003
0059.9362 ffff025f5003
0059.9539 ffff025f5003
0059.9691 ffff025f5003
0060.0020 ffff025f5003
0060.0172 ffff025f5003
0060.0323 ffff025f5003
0060.0500 ffff025f5003
0060.0646 ffff025f5003ffff
0060.0811 025f5003
0060.1137 ffff025f5003
0060.1288 ffff025f5003ffff
0060.1440 025f5003ffff025f50
0060.1615 03ffff025f5003
0060.2077 ffff025f5003
0060.2252 ffff025f5003
0060.2422 ffff025f5003
0060.2573 ffff025f5003
0060.2726 ffff025f5003ffff
0060.2902 025f5003
0060.3203 ffff025f5003
0060.3379 ffff025f5003ffff
0060.3531 025f5003ffff025f50
0060.3681 03ffff025f5003
0060.4162 ffff025f5003
0060.4339 ffff025f5003
0060.4488 ffff025f5003
0060.7057 ffff025f5003
0060.9607 ffff025f5003
0061.2173 ffff025f5003
0061.4726 ffff025f5003
0061.7273 ffff025f5003
0061.9839 ffff02
0061.9991 5f5003
0062.2558 ffff025f5003
0062.5120 ffff025f5003
0062.7669 ffff025f5003
0063.0244 ffff025f5003
0063.2789 ffff025f5003
0063.5359 ffff025f5003
0063.7905 ffff025f5003
0064.0624 ffff025f5003
0064.3181 ffff025f5003
0064.5745 ffff025f5003
0064.8306 ffff025f5003
0065.0871 ffff025f5003
0065.3438 ffff025f5003
0065.5975 ffff025f5003
0065.8553 ffff02
0065.8702 5f5003
0066.1258 ffff025f5003
0066.3817 ffff025f5003
0066.6390 ffff025f5003
0066.8944 ffff025f5003
0067.1510 ffff025f5003
0067.4055 ffff025f5003
0067.6604 ffff025f5003
0067.9164 ff
0067.9342 ff025f5003
0068.1896 ffff025f5003
0068.4458 ffff025f5003
0068.7007 ffff025f5003
0068.9571 ffff025f5003
0069.2129 ffff025f5003
0069.4686 ffff025f5003
0069.7240 ffff025f
0069.7393 5003
0069.9969 ffff025f5003
0070.2529 ffff025f5003
0070.5074 ffff025f5003
0070.7636 ffff025f5003
0071.0188 ffff025f5003
0071.2769 ffff025f5003
0071.3395 ffff025f5003ffff
0071.3549 025f5003ffff025f50
0071.3724 03ffff025f5003
0071.3878 ffff025f5003
0071.4205 ffff025f
0071.4355 5003ffff025f5003
0071.4507 ffff025f5003
0071.4684 ffff025f5003
0071.4831 ffff025f5003
0071.5005 ffff025f5003
0071.5305 ffff025f5003
0071.5480 ffff025f5003
0071.5631 ffff025f5003
0071.5808 ffff025f5003
0071.5961 ffff025f5003
0071.6107 ffff025f5003
0071.6437 ffff025f5003
0071.6592 ffff025f5003
0071.6765 ffff025f5003
0071.6918 ffff025f5003
0071.7067 ffff025f5003
0071.7246 ffff025f5003
0071.7546 ffff025f5003
0071.7722 ffff025f5003
0071.7870 ffff025f5003
0071.8042 ffff025f5003ff
0071.8209 ff025f5003ffff025f
0071.8360 5003
0071.8681 ffff025f5003
0071.8836 ffff025f5003ff
0071.9008 ff025f5003ffff025f
0071.9156 5003ffff025f5003
0071.9305 ffff025f5003
0071.9640 ffff025f5003
0071.9787 ffff025f5003
0071.9949 ffff025f5003
0072.0117 ffff025f5003
0072.0269 ffff025f5003
0072.0439 ffff025f5003
0072.0754 ffff025f5003
0072.0925 ffff025f5003
0072.1077 ffff025f5003
0072.1229 ffff025f5003
0072.1406 ffff025f5003
0072.1555 ffff025f5003
0072.1871 ffff025f5003
0072.2025 ffff025f5003
0072.2200 ffff025f5003
0072.2351 ffff025f5003
0072.2501 ffff025f5003
0072.2676 ffff025f5003
0072.3004 ffff025f5003
0072.3157 ffff025f5003
0072.3311 ffff025f5003
0072.3487 ffff025f5003ff
0072.3639 ff025f5003ffff025f
0072.3795 5003
0072.4118 ffff025f5003ff
0072.4264 ff025f5003ffff02
0072.4438 5f5003ffff025f5003
0072.4590 ffff025f5003
0072.5069 ffff025f5003
0072.5226 ffff025f5003
0072.5404 ffff025f5003
0072.5552 ffff025f5003
0072.5700 ffff025f5003ff
0072.5878 ff025f5003
0072.6198 ffff025f5003
0072.6354 ffff025f5003ffff02
0072.6509 5f5003ffff025f5003
0072.6673 ffff025f5003
0072.6826 ffff025f5003
0072.7146 ffff025f5003
0072.7300 ffff025f5003
0072.7476 ffff025f5003
0072.7628 ffff025f5003
0072.7781 ffff025f5003
0072.7960 ffff025f5003
0072.8261 ffff025f5003
0072.8435 ffff025f5003
0072.8589 ffff025f5003
0072.8739 ffff025f5003
0072.8920 ffff025f5003
0072.9073 ffff025f5003
0072.9402 ffff025f5003
0072.9555 ffff025f5003
0072.9704 ffff025f5003
0072.9880 ffff025f5003
0073.0031 ffff025f5003
0073.0182 ffff025f5003
0073.0511 ffff025f5003
0073.0665 ffff025f5003
0073.0821 ffff025f5003
0073.0989 ffff025f5003
0073.1162 ffff025f5003ffff
0073.1317 025f5003
0073.1619 ffff025f5003ffff
0073.1799 025f5003ffff025f50
0073.1952 03ffff025f5003
0073.2100 ffff025f5003
0073.2270 ffff025f5003
0073.2579 ffff025f5003
0073.2762 ffff025f5003
0073.2916 ffff025f5003
0073.3067 ffff025f5003
0073.3220 ffff025f5003
0073.3397 ffff025f5003
0073.3709 ffff025f5003
0073.3878 ffff025f5003
0073.4032 ffff025f5003
0073.4186 ffff025f5003
0073.4346 ffff025f5003
0073.4498 ffff025f5003
0073.4829 ffff025f5003
0073.4981 ffff025f5003
0073.5157 ffff025f5003
0073.5309 ffff025f5003
0073.5465 ffff025f5003
0073.5620 ffff025f5003
0073.5953 ffff025f5003
0073.6103 ffff025f5003
0073.6260 ffff025f5003
0073.6440 ffff025f5003ffff
0073.6594 025f5003ffff025f
0073.6745 5003
0073.7074 ffff025f5003ffff
0073.7230 025f5003ffff025f
0073.7384 5003ffff025f5003
0073.7538 ffff025f5003
0073.7718 ffff025f5003
0073.8025 ffff025f5003
0073.8176 ffff025f5003
0073.8352 ffff025f5003
0073.8506 ffff025f5003
0073.8657 ffff025f5003
0073.8835 ffff025f5003
0073.9136 ffff025f5003
0073.9311 ffff025f5003
0073.9463 ffff025f5003
0073.9616 ffff025f5003
0073.9792 ffff025f5003
0073.9945 ffff025f5003
0074.0264 ffff025f5003
0074.0417 ffff025f5003
0074.0594 ffff025f5003
0074.0746 ffff025f5003
0074.0898 ffff025f5003
0074.1078 ffff025f5003
0074.1378 ffff025f5003
0074.1553 ffff025f5003
0074.1704 ffff025f5003
0074.1865 ffff025f5003
0074.2015 ffff025f5003
0074.2344 ffff025f5003
0074.2498 ffff025f5003
0074.2677 ffff025f5003
0074.2831 ffff025f5003
0074.2984 ffff025f5003
0074.3136 ffff025f5003
0074.3465 ffff025f5003
0074.3616 ffff025f5003
0074.3794 ffff025f5003
0074.3944 ffff025f5003
0074.4100 ffff025f5003
0074.4276 ffff025f5003
0074.4582 ffff025f5003
0074.4736 ffff025f5003
0074.4892 ffff025f5003ff
0074.5073 ff025f5003ffff025f
0074.5225 5003ffff025f5003
0074.5535 ff
0074.5715 ff025f5003ffff02
0074.5871 5f5003ffff025f5003
0074.6023 ffff025f5003
0074.6177 ffff025f5003
0074.6354 ffff025f5003
0074.6655 ffff025f5003
0074.6830 ffff025f5003
0074.6985 ffff025f5003
0074.7139 ffff025f5003
0074.7292 ffff025f5003
0074.7471 ffff025f5003
0074.7777 ffff025f5003
0074.7950 ffff025f5003
0074.8105 ffff025f5003
0074.8259 ffff025f5003
0074.8410 ffff025f5003
0074.8586 ffff025f5003
0074.8891 ffff025f5003
0074.9068 ffff025f5003
0074.9219 ffff025f5003
0074.9389 ffff025f5003
0074.9545 ffff025f5003
0074.9697 ffff025f5003
0075.0024 ffff025f5003
0075.0178 ffff025f5003
0075.0331 ffff025f5003
0075.0509 ffff025f5003
0075.0666 ffff025f5003ffff02
0075.0823 5f5003
0075.1153 ffff025f5003
0075.1306 ffff025f5003ffff02
0075.1461 5f5003ffff025f50
0075.1610 03ffff025f5003
0075.1790 ffff025f5003
0075.2269 ffff025f5003ffff02
0075.2416 5f5003ffff025f50
0075.2571 03ffff025f5003
0075.2744 ffff025f5003
0075.3229 ffff025f5003
0075.3382 ffff025f5003
0075.3536 ffff025f5003
0075.3706 ffff025f5003
0075.3856 ffff025f5003
0075.4186 ffff025f5003
0075.4339 ffff025f5003
0075.4489 ffff025f5003
0075.4665 ffff025f5003
0075.4822 ffff025f5003
0075.4968 ffff025f5003
0075.5297 ffff025f5003
0075.5450 ffff025f5003
0075.5627 ffff025f5003
0075.5778 ffff025f5003
0075.5929 ffff025f5003ffff
0075.6104 025f5003
0075.6424 ffff025f5003
0075.6577 ffff025f5003ffff
0075.6751 025f5003ffff025f50
0075.6905 03ffff025f5003
0075.7052 ffff025f5003
0075.7382 ffff025f50
0075.7535 03ffff025f5003
0075.7710 ffff025f5003
0075.7862 ffff025f5003
0075.8015 ffff025f5003
0075.8173 ffff025f5003
0075.8505 ffff025f5003
0075.8656 ffff025f5003
0075.8811 ffff025f5003
0075.8982 ffff025f5003
0075.9134 ffff025f5003
0075.9295 ffff025f5003
0075.9607 ffff025f5003
0075.9782 ffff025f5003
0075.9932 ffff025f5003
0076.0087 ffff025f5003
0076.0260 ffff025f5003
0076.0412 ffff025f5003
0076.0745 ffff025f5003
0076.0898 ffff025f5003
0076.1052 ffff025f5003
0076.1205 ffff025f5003
0076.1384 ffff025f5003
0076.1706 ffff025f5003
0076.1863 ffff025f5003
0076.2019 ffff025f5003
0076.2172 ffff025f5003
0076.2325 ffff025f5003
0076.2491 ffff025f5003
0076.2823 ffff025f5003
0076.2974 ffff025f5003
0076.3129 ffff025f5003
0076.3290 ffff025f5003
0076.3451 ffff025f5003
0076.3604 ffff025f5003
0076.3932 ffff025f5003
0076.4108 ffff025f5003
0076.4256 ffff025f5003
0076.4410 ffff025f5003
0076.4578 ffff025f5003
0076.4906 ffff025f5003
0076.5059 ffff025f5003
0076.5214 ffff025f5003
0076.5366 ffff025f5003
0076.5545 ffff025f5003
0076.5692 ffff025f5003
0076.6002 ffff025f5003
0076.6177 ffff025f5003
0076.6330 ffff025f5003
0076.6502 ffff025f5003
0076.6655 ffff025f5003ff
0076.6807 ff025f5003
0076.7137 ffff025f5003
0076.7287 ffff025f5003ff
0076.7462 ff025f5003ffff02
0076.7624 5f5003ffff025f5003
0076.7777 ffff025f5003
0076.8257 ffff025f5003ff
0076.8411 ff025f5003ffff02
0076.8561 5f5003ffff025f5003
0076.8726 ffff025f5003
0076.9205 ffff025f5003
0076.9380 ffff025f5003
0076.9533 ffff025f5003
0076.9683 ffff025f5003ff
0076.9861 ff025f5003
0077.0161 ffff025f5003
0077.0338 ffff025f5003
0077.0488 ffff025f5003
0077.0641 ffff025f5003
0077.0820 ffff025f5003
0077.0968 ffff025f5003
0077.1302 ffff025f5003
0077.1448 ffff025f5003
0077.1599 ffff025f5003
0077.1779 ffff025f5003
0077.1929 ffff025f5003ffff02
0077.2104 5f5003
0077.2404 ffff025f5003
0077.2576 ffff025f5003ffff02
0077.2727 5f5003ffff025f50
0077.2891 03ffff025f5003
0077.3052 ffff025f5003
0077.3358 ffff025f50
0077.3535 03ffff025f5003
0077.3687 ffff025f5003
0077.3840 ffff025f5003
0077.4012 ffff025f5003
0077.4161 ffff025f5003
0077.4489 ffff025f5003
0077.4639 ffff025f5003
0077.4810 ffff025f5003
0077.4965 ffff025f5003
0077.5142 ffff025f5003
0077.5295 ffff025f5003
0077.5620 ffff025f5003
0077.5768 ffff025f5003
0077.5921 ffff025f5003
0077.6078 ffff025f5003
0077.6254 ffff025f5003
0077.6398 ffff025f5003
0077.6723 ffff025f5003
0077.6902 ffff025f5003
0077.7051 ffff025f5003
0077.7206 ffff025f5003
0077.7359 ffff025f5003
0077.7535 ffff025f5003
0077.7837 ffff025f5003
0077.8013 ffff025f5003
0077.8164 ffff025f5003ffff
0077.8335 025f5003ffff025f50
0077.8486 03ffff025f5003
0077.8802 ffff
0077.8974 025f5003ffff025f50
0077.9125 03ffff025f5003
0077.9280 ffff025f5003
0077.9459 ffff025f5003
0077.9918 ffff025f5003
0078.0094 ffff025f5003
0078.0248 ffff025f5003
0078.0398 ffff025f5003ffff
0078.0570 025f5003ffff025f50
0078.0724 03
0078.1059 ffff025f5003ffff
0078.1210 025f5003ffff025f
0078.1363 5003ffff025f5003
0078.1517 ffff025f5003
0078.1690 ffff025f5003
0078.1998 ffff025f5003
0078.2170 ffff025f5003
0078.2324 ffff025f5003
0078.2475 ffff025f5003
0078.2641 ffff025f5003
0078.2817 ffff025f5003
0078.3123 ffff025f5003
0078.3298 ffff025f5003
0078.3451 ffff025f5003
0078.3598 ffff025f5003
0078.3774 ffff025f5003
0078.3928 ffff025f5003
0078.4256 ffff025f5003
0078.4394 ffff025f5003
0078.4571 ffff025f5003
0078.4725 ffff025f5003
0078.4877 ffff025f5003
0078.5057 ffff025f5003
0078.5358 ffff025f5003
0078.5513 ffff025f5003
0078.5692 ffff025f5003
0078.5839 ffff025f5003
0078.6014 ffff025f5003ff
0078.6162 ff025f5003
0078.6496 ffff025f5003
0078.6645 ffff025f5003ff
0078.6795 ff025f5003ffff025f
0078.6975 5003ffff025f5003
0078.7131 ffff025f5003
0078.7436 ffff025f
0078.7612 5003ffff025f5003
0078.7765 ffff025f5003
0078.7915 ffff025f5003
0078.8094 ffff025f5003
0078.8248 ffff025f5003
0078.8578 ffff025f5003
0078.8726 ffff025f5003
0078.8880 ffff025f5003
0078.9034 ffff025f5003
0078.9211 ffff025f5003
0078.9367 ffff025f5003
0078.9697 ffff025f5003
0078.9850 ffff025f5003
0079.0005 ffff025f5003
0079.0159 ffff025f5003
0079.0313 ffff025f5003
0079.0492 ffff025f5003
0079.0791 ffff025f5003
0079.0970 ffff025f5003
0079.1116 ffff025f5003
0079.1286 ffff025f5003
0079.1439 ffff025f5003
0079.1770 ffff025f5003
0079.1924 ffff025f5003
0079.2074 ffff025f5003
0079.2252 ffff025f5003
0079.2403 ffff025f5003
0079.2569 ffff025f5003
0079.2875 ffff025f5003
0079.3055 ffff025f5003
0079.3207 ffff025f5003
0079.3360 ffff025f5003
0079.3513 ffff025f5003
0079.3672 ffff025f5003
0079.3999 ffff025f5003
0079.4154 ffff025f5003
0079.4323 ffff025f5003
0079.4469 ffff025f5003
0079.4639 ffff025f5003ffff02
0079.4813 5f5003
0079.5113 ffff025f5003
0079.5293 ffff025f5003ffff02
0079.5442 5f5003ffff025f50
0079.5597 03ffff025f5003
0079.5749 ffff025f5003
0079.6071 ffff025f50
0079.6250 03ffff025f5003
0079.6401 ffff025f5003
0079.6572 ffff025f5003
0079.6726 ffff025f5003
0079.6875 ffff025f5003
0079.7207 ffff025f5003
0079.7360 ffff025f5003
0079.7514 ffff025f5003
0079.7686 ffff025f5003
0079.7840 ffff025f5003
0079.7990 ffff025f5003
0079.8317 ffff025f5003
0079.8470 ffff025f5003
0079.8649 ffff025f5003
0079.8802 ffff025f5003
0079.8953 ffff025f5003
0079.9108 ffff025f5003
0079.9443 ffff025f5003
0079.9594 ffff025f5003
0079.9747 ffff025f5003
0079.9923 ffff025f5003
0080.0083 ffff025f5003
0080.0234 ffff025f5003
0080.0568 ffff025f5003
0080.0717 ffff025f5003
0080.0871 ffff025f5003
0080.1048 ffff025f5003ffff
0080.1203 025f5003
0080.1531 ffff025f5003
0080.1672 ffff025f5003
0080.1825 ffff025f5003
0080.2003 ffff025f5003
0080.2155 ffff025f5003
0080.2308 ffff025f5003
0080.2637 ffff025f5003
0080.2790 ffff025f5003
0080.2968 ffff025f5003
0080.3118 ffff025f5003ffff
0080.3271 025f5003ffff025f
0080.3442 5003
0080.3769 ffff025f5003ffff
0080.3922 025f5003ffff025f
0080.4075 5003ffff025f5003
0080.4225 ffff025f5003
0080.4402 ffff025f5003
0080.4707 ffff025f5003
0080.4883 ffff025f5003
0080.5035 ffff025f5003
0080.5187 ffff025f5003
0080.5365 ffff025f5003
0080.5517 ffff025f5003
0080.5844 ffff025f5003
0080.5990 ffff025f5003
0080.6165 ffff025f5003
0080.6317 ffff025f5003
0080.6472 ffff025f5003
0080.6625 ffff025f5003
0080.6951 ffff025f5003
0080.7126 ffff025f5003
0080.7277 ffff025f5003
0080.7429 ffff025f5003
0080.7601 ffff025f5003
0080.7754 ffff025f5003
0080.8079 ffff025f5003
0080.8233 ffff025f5003
0080.8383 ffff025f5003
0080.8562 ffff025f5003
0080.8712 ffff025f5003ff
0080.8865 ff025f5003
0080.9191 ffff025f5003
0080.9344 ffff025f5003ff
0080.9522 ff025f5003ffff025f
0080.9673 5003ffff025f5003
0080.9825 ffff025f5003
0081.0152 ffff025f
0081.0308 5003ffff025f5003
0081.0486 ffff025f5003
0081.0639 ffff025f5003
0081.0788 ffff025f5003
0081.0966 ffff025f5003
0081.1266 ffff025f5003
0081.1438 ffff025f5003
0081.1589 ffff025f5003
0081.1758 ffff025f5003
0081.1907 ffff025f5003
0081.2081 ffff025f5003
0081.2384 ffff025f5003
0081.2564 ffff025f5003
0081.2717 ffff025f5003
0081.2870 ffff025f5003
0081.3046 ffff025f5003
0081.3196 ffff025f5003
0081.3519 ffff025f5003
0081.3673 ffff025f5003
0081.3828 ffff025f5003
0081.3985 ffff025f5003
0081.4163 ffff025f5003
0081.4311 ffff025f5003
0081.4635 ffff025f5003
0081.4788 ffff025f5003
0081.4941 ffff025f5003ff
0081.5121 ff025f5003ffff02
0081.5267 5f5003ffff025f5003
0081.5761 ffff025f5003ffff02
0081.5914 5f5003ffff025f5003
0081.6063 ffff025f5003
0081.6222 ffff025f5003
0081.6384 ffff025f5003
0081.6709 ffff025f5003
0081.6868 ffff025f5003
0081.7020 ffff025f5003
0081.7198 ffff025f5003
0081.7350 ffff025f5003
0081.7500 ffff025f5003
0081.7830 ffff025f5003
0081.7981 ffff025f5003
0081.8158 ffff025f5003
0081.8311 ffff025f5003
0081.8463 ffff025f5003
0081.8639 ffff025f5003
0081.8943 ffff025f5003
0081.9120 ffff025f5003
0081.9271 ffff025f5003
0081.9420 ffff025f5003
0081.9597 ffff025f5003
0081.9749 ffff025f5003
0082.0077 ffff025f5003
0082.0229 ffff025f5003
0082.0383 ffff025f5003
0082.0562 ffff025f5003
0082.0715 ffff025f5003ffff
0082.0864 025f5003
0082.1183 ffff025f5003
0082.1357 ffff025f5003
0082.1507 ffff025f5003ffff
0082.1658 025f5003ffff025f50
0082.1832 03
0082.2158 ffff025f5003
0082.2308 ffff025f5003
0082.2458 ffff025f5003
0082.2635 ffff025f5003
0082.2788 ffff025f5003
0082.2941 ffff025f5003
0082.3274 ffff025f5003
0082.3428 ffff025f5003
0082.3582 ffff025f5003
0082.3753 ffff025f5003ffff
0082.3904 025f5003
0082.4237 ffff025f5003
0082.4391 ffff025f5003
0082.4542 ffff025f5003
0082.4720 ffff025f5003
0082.4872 ffff025f5003
0082.5024 ffff025f5003
0082.5354 ffff025f5003
0082.5506 ffff025f5003
0082.5658 ffff025f5003
0082.5836 ffff025f5003ffff
0082.5989 025f5003ffff025f
0082.6136 5003
0082.6464 ffff025f5003ffff
0082.6615 025f5003ffff025f
0082.6792 5003ffff025f5003
0082.6941 ffff025f5003
0082.7097 ffff025f5003
0082.7429 ffff025f5003
0082.7585 ffff025f5003
0082.7738 ffff025f5003
0082.7918 ffff025f5003
0082.8071 ffff025f5003
0082.8224 ffff025f5003
0082.8561 ffff025f5003
0082.8709 ffff025f5003
0082.8858 ffff025f5003
0082.9035 ffff025f5003
0082.9188 ffff025f5003
0082.9340 ffff025f5003
0082.9675 ffff025f5003
0082.9829 ffff025f5003
0082.9981 ffff025f5003
0083.0160 ffff025f5003
0083.0312 ffff025f5003
0083.0463 ffff025f5003
0083.0791 ffff025f5003
0083.0940 ffff025f5003
0083.1117 ffff025f5003
0083.1269 ffff025f5003
0083.1418 ffff025f5003ff
0083.1587 ff025f5003
0083.1913 ffff025f5003
0083.2061 ffff025f5003ff
0083.2234 ff025f5003ffff025f
0083.2386 5003ffff025f5003
0083.2538 ffff025f5003
0083.2858 ffff025f
0083.3033 5003ffff025f5003
0083.3184 ffff025f5003
0083.3334 ffff025f5003
0083.3507 ffff025f5003
0083.3659 ffff025f5003
0083.3987 ffff025f5003
0083.4134 ffff025f5003
0083.4311 ffff025f5003
0083.4462 ffff025f5003
0083.4632 ffff025f5003
0083.4780 ffff025f5003
0083.5110 ffff025f5003
0083.5262 ffff025f5003
0083.5432 ffff025f5003
0083.5583 ffff025f5003
0083.5731 ffff025f5003
0083.6061 ffff025f5003
0083.6213 ffff025f5003
0083.6390 ffff025f5003
0083.6542 ffff025f5003
0083.6692 ffff025f5003
0083.6869 ffff025f5003
0083.7172 ffff025f5003
0083.7349 ffff025f5003
0083.7501 ffff025f5003
0083.7653 ffff025f5003
0083.7830 ffff025f5003
0083.7981 ffff025f5003
0083.8308 ffff025f5003
0083.8459 ffff025f5003
0083.8611 ffff025f5003
0083.8787 ffff025f5003
0083.8940 ffff025f5003
0083.9090 ffff025f5003
0083.9423 ffff025f5003
0083.9571 ffff025f5003
0083.9752 ffff025f5003
0083.9905 ffff025f5003
0084.0058 ffff025f5003ffff02
0084.0208 5f5003
0084.0540 ffff025f5003
0084.0691 ffff025f5003ffff02
0084.0872 5f5003ffff025f50
0084.1014 03ffff025f5003
0084.1168 ffff025f5003
0084.1498 ffff025f50
0084.1670 03ffff025f5003
0084.1824 ffff025f5003
0084.1975 ffff025f5003
0084.2131 ffff025f5003
0084.2303 ffff025f5003
0084.2626 ffff025f5003
0084.2779 ffff025f5003
0084.2931 ffff025f5003
0084.3112 ffff025f5003
0084.3260 ffff025f5003
0084.3410 ffff025f5003
0084.3735 ffff025f5003
0084.3910 ffff025f5003
0084.4066 ffff025f5003
0084.4220 ffff025f5003
0084.4370 ffff025f5003
0084.4541 ffff025f5003
0084.4855 ffff025f5003
0084.5031 ffff025f5003
0084.5183 ffff025f5003
0084.5338 ffff025f5003
0084.5510 ffff025f5003
0084.5660 ffff025f5003
0084.5989 ffff025f5003
0084.6137 ffff025f5003
0084.6287 ffff025f5003ffff
0084.6464 025f5003ffff025f50
0084.6618 03ffff025f5003
0084.6946 ffff
0084.7099 025f5003ffff025f50
0084.7249 03ffff025f5003
0084.7425 ffff025f5003
0084.7577 ffff025f5003
0084.7731 ffff025f5003
0084.8062 ffff025f5003
0084.8216 ffff025f5003
0084.8373 ffff025f5003
0084.8549 ffff025f5003
0084.8699 ffff025f5003
0084.8850 ffff025f5003
0084.9175 ffff025f5003
0084.9328 ffff025f5003
0084.9500 ffff025f5003
0084.9653 ffff025f5003
0084.9804 ffff025f5003
0084.9980 ffff025f5003
0085.0295 ffff025f5003
0085.0452 ffff025f5003
0085.0625 ffff025f5003
0085.0779 ffff025f5003
0085.0931 ffff025f5003
0085.1104 ffff025f5003
0085.1406 ffff025f5003
0085.1584 ffff025f5003
0085.1742 ffff025f5003
0085.1892 ffff025f5003ff
0085.2047 ff025f5003ffff025f
0085.2227 5003
0085.2528 ffff025f5003ff
0085.2703 ff025f5003ffff025f
0085.2853 5003ffff025f5003
0085.3025 ffff025f5003
0085.3178 ffff025f5003
0085.3503 ffff025f5003
0085.3656 ffff025f5003
0085.3807 ffff025f5003
0085.3964 ffff025f5003
0085.4141 ffff025f5003
0085.4287 ffff025f5003
0085.4613 ffff025f5003
0085.4787 ffff025f5003
0085.4938 ffff025f5003
0085.5089 ffff025f5003
0085.5264 ffff025f5003
0085.5414 ffff025f5003
0085.5743 ffff025f5003
0085.5889 ffff025f5003
0085.6064 ffff025f5003
0085.6220 ffff025f5003
0085.6384 ffff025f5003
0085.6535 ffff025f5003
0085.6865 ffff025f5003
0085.7018 ffff025f5003
0085.7169 ffff025f5003
0085.7322 ffff025f5003
0085.7496 ffff025f5003ff
0085.7649 ff025f5003
0085.7985 ffff025f5003
0085.8137 ffff025f5003ff
0085.8292 ff025f5003ffff02
0085.8440 5f5003ffff025f5003
0085.8624 ffff025f5003
0085.8922 ffff02
0085.9099 5f5003ffff025f5003
0085.9249 ffff025f5003
0085.9402 ffff025f5003
0085.9581 ffff025f5003
0085.9735 ffff025f5003
0086.0040 ffff025f5003
0086.0223 ffff025f5003
0086.0368 ffff025f5003
0086.0521 ffff025f5003
0086.0701 ffff025f5003
0086.0853 ffff025f5003
0086.1184 ffff025f5003
0086.1338 ffff025f5003
0086.1498 ffff025f5003
0086.1651 ffff025f5003
0086.1819 ffff025f5003
0086.1964 ffff025f5003
0086.2281 ffff025f5003
0086.2461 ffff025f5003
0086.2616 ffff025f5003
0086.2768 ffff025f5003
0086.2920 ffff025f5003
0086.3095 ffff025f5003
0086.3419 ffff025f5003
0086.3572 ffff025f5003
0086.3724 ffff025f5003
0086.3901 ffff025f5003ffff02
0086.4052 5f5003ffff025f50
0086.4197 03
0086.4518 ffff025f5003ffff02
0086.4695 5f5003ffff025f50
0086.4847 03ffff025f5003
0086.4999 ffff025f5003
0086.5171 ffff025f5003
0086.5495 ffff025f5003
0086.5647 ffff025f5003
0086.5798 ffff025f5003
0086.5975 ffff025f5003
0086.6126 ffff025f5003
0086.6296 ffff025f5003
0086.6599 ffff025f5003
0086.6777 ffff025f5003
0086.6929 ffff025f5003
0086.7080 ffff025f5003
0086.7258 ffff025f5003
0086.7409 ffff025f5003
0086.7738 ffff025f5003
0086.7890 ffff025f5003
0086.8041 ffff025f5003
0086.8217 ffff025f5003
0086.8367 ffff025f5003
0086.8520 ffff025f5003
0086.8847 ffff025f5003
0086.8998 ffff025f5003
0086.9172 ffff025f5003
0086.9324 ffff025f5003
0086.9497 ffff025f5003ffff
0086.9653 025f5003
0086.9956 ffff025f5003
0087.0138 ffff025f5003ffff
0087.0293 025f5003ffff025f50
0087.0446 03ffff025f5003
0087.0596 ffff025f5003
0087.0927 ffff025f
0087.1080 5003ffff025f5003
0087.1253 ffff025f5003
0087.1404 ffff025f5003
0087.1554 ffff025f5003
0087.1721 ffff025f5003
0087.2196 ffff025f5003ffff
0087.2376 025f5003ffff025f
0087.2529 5003ffff025f5003
0087.2681 ffff025f5003
0087.3166 ffff025f5003ffff
0087.3317 025f5003ffff025f
0087.3473 5003ffff025f5003
0087.3651 ffff025f5003
0087.4125 ffff025f5003
0087.4279 ffff025f5003
0087.4434 ffff025f5003
0087.4612 ffff025f5003ff
0087.4761 ff025f5003ffff025f
0087.4937 5003
0087.5234 ffff025f5003ff
0087.5406 ff025f5003ffff025f
0087.5559 5003ffff025f5003
0087.5712 ffff025f5003
0087.5889 ffff025f5003
0087.6212 ffff025f5003
0087.6363 ffff025f5003
0087.6517 ffff025f5003
0087.6672 ffff025f5003
0087.6851 ffff025f5003
0087.7003 ffff025f5003
0087.7330 ffff025f5003
0087.7483 ffff025f5003
0087.7638 ffff025f5003
0087.7791 ffff025f5003
0087.7967 ffff025f5003
0087.8117 ffff025f5003
0087.8443 ffff025f5003
0087.8598 ffff025f5003
0087.8775 ffff025f5003
0087.8928 ffff025f5003
0087.9075 ffff025f5003
0087.9249 ffff025f5003
0087.9553 ffff025f5003
0087.9734 ffff025f5003
0087.9884 ffff025f5003
0088.0036 ffff025f5003
0088.0214 ffff025f5003ff
0088.0366 ff025f5003
0088.0690 ffff025f5003
0088.0843 ffff025f5003ff
0088.0989 ff025f5003ffff02
0088.1165 5f5003ffff025f5003
0088.1487 ffff025f5003
0088.1641 ffff02
0088.1795 5f5003ffff025f5003
0088.1974 ffff025f5003
0088.2124 ffff025f5003
0088.2275 ffff025f5003
0088.2430 ffff025f5003
0088.2761 ffff025f5003
0088.2911 ffff025f5003
0088.3087 ffff025f5003
0088.3237 ffff025f5003
0088.3391 ffff025f5003
0088.3565 ffff025f5003
0088.3871 ffff025f5003
0088.4050 ffff025f5003
0088.4202 ffff025f5003
0088.4352 ffff025f5003
0088.4528 ffff025f5003
0088.4681 ffff025f5003
0088.5011 ffff025f5003
0088.5159 ffff025f5003
0088.5313 ffff025f5003
0088.5492 ffff025f5003
0088.5643 ffff025f5003
0088.5796 ffff025f5003
0088.6122 ffff025f5003
0088.6277 ffff025f5003
0088.6450 ffff025f5003
0088.6606 ffff025f5003ffff02
0088.6759 5f5003ffff025f50
0088.6912 03
0088.7244 ffff025f5003ffff02
0088.7395 5f5003ffff025f50
0088.7567 03ffff025f5003
0088.7718 ffff025f5003
0088.7881 ffff025f5003
0088.8190 ffff025f5003
0088.8366 ffff025f5003
0088.8510 ffff025f5003
0088.8683 ffff025f5003
0088.8847 ffff025f5003
0088.9001 ffff025f5003
0088.9311 ffff025f5003
0088.9487 ffff025f5003
0088.9647 ffff025f5003
0088.9801 ffff025f5003
0088.9950 ffff025f5003
0089.0128 ffff025f5003
0089.0428 ffff025f5003
0089.0607 ffff025f5003
0089.0761 ffff025f5003
0089.0914 ffff025f5003
0089.1088 ffff025f5003
0089.1239 ffff025f5003
0089.1563 ffff025f5003
0089.1714 ffff025f5003
0089.1864 ffff025f5003
0089.2038 ffff025f5003
0089.2185 ffff025f5003
0089.2518 ffff025f5003
0089.2664 ffff025f5003
0089.2839 ffff025f5003
0089.2988 ffff025f5003
0089.3164 ffff025f5003
0089.3311 ffff025f5003
0089.3643 ffff025f5003
0089.3800 ffff025f5003
0089.3954 ffff025f5003
0089.4105 ffff025f5003
0089.4282 ffff025f5003
0089.4431 ffff025f5003
0089.4753 ffff025f5003
0089.4929 ffff025f5003
0089.5078 ffff025f5003ffff
0089.5233 025f5003ffff025f
0089.5403 5003ffff025f5003
0089.5708 ffff
0089.5883 025f5003ffff025f
0089.6033 5003ffff025f5003
0089.6187 ffff025f5003
0089.6363 ffff025f5003
0089.6515 ffff025f5003
0089.6836 ffff025f5003
0089.6983 ffff025f5003
0089.7159 ffff025f5003
0089.7302 ffff025f5003
0089.7467 ffff025f5003
0089.7646 ffff025f5003
0089.7949 ffff025f5003
0089.8118 ffff025f5003
0089.8276 ffff025f5003
0089.8426 ffff025f5003
0089.8584 ffff025f5003
0089.8761 ffff025f5003
0089.9070 ffff025f5003
0089.9225 ffff025f5003
0089.9400 ffff025f5003
0089.9547 ffff025f5003
0089.9723 ffff025f5003
0089.9873 ffff025f5003
0090.0205 ffff025f5003
0090.0359 ffff025f5003
0090.0511 ffff025f5003
0090.0685 ffff025f5003ff
0090.0837 ff025f5003ffff025f
0090.0985 5003
0090.1308 ffff025f5003
0090.1460 ffff025f5003
0090.1635 ffff025f5003
0090.1782 ffff025f5003ff
0090.1954 ff025f5003
0090.2261 ffff025f5003
0090.2437 ffff025f5003
0090.2589 ffff025f5003
0090.2758 ffff025f5003
0090.2906 ffff025f5003ff
0090.3080 ff025f5003
0090.3380 ffff025f5003
0090.3557 ffff025f5003ff
0090.3706 ff025f5003ffff02
0090.3861 5f5003ffff025f5003
0090.4035 ffff025f5003
0090.4339 ffff02
0090.4516 5f5003ffff025f5003
0090.4669 ffff025f5003
0090.4826 ffff025f5003
0090.5003 ffff025f5003
0090.5154 ffff025f5003
0090.5459 ffff025f5003
0090.5638 ffff025f5003
0090.5793 ffff025f5003
0090.5943 ffff025f5003
0090.6123 ffff025f5003
0090.6278 ffff025f5003
0090.6596 ffff025f5003
0090.6746 ffff025f5003
0090.6923 ffff025f5003
0090.7076 ffff025f5003
0090.7232 ffff025f5003
0090.7385 ffff025f5003
0090.7711 ffff025f5003
0090.7862 ffff025f5003
0090.8040 ffff025f5003
0090.8196 ffff025f5003
0090.8349 ffff025f5003
0090.8501 ffff025f5003
0090.8830 ffff025f5003
0090.8981 ffff025f5003
0090.9168 ffff025f5003
0090.9321 ffff025f5003ffff02
0090.9469 5f5003ffff025f50
0090.9620 03
0090.9956 ffff025f5003ffff02
0091.0111 5f5003ffff025f50
0091.0269 03ffff025f5003
0091.0424 ffff025f5003
0091.0578 ffff025f5003
0091.0901 ffff025f5003
0091.1057 ffff025f5003
0091.1234 ffff025f5003
0091.1384 ffff025f5003
0091.1538 ffff025f5003
0091.1712 ffff025f5003
0091.2035 ffff025f5003
0091.2188 ffff025f5003
0091.2336 ffff025f5003
0091.2513 ffff025f5003
0091.2664 ffff025f5003
0091.2816 ffff025f5003
0091.3146 ffff025f5003
0091.3298 ffff025f5003
0091.3478 ffff025f5003
0091.3631 ffff025f5003
0091.3784 ffff025f5003
0091.3935 ffff025f5003
0091.4263 ffff025f5003
0091.4416 ffff025f5003
0091.4595 ffff025f5003
0091.4745 ffff025f5003
0091.4917 ffff025f5003ffff
0091.5071 025f5003
0091.5397 ffff025f5003
0091.5548 ffff025f5003
0091.5700 ffff025f5003ffff
0091.5854 025f5003ffff025f
0091.6030 5003
0091.6358 ffff025f5003
0091.6510 ffff025f5003
0091.6658 ffff025f5003
0091.6830 ffff025f5003
0091.6975 ffff025f5003
0091.7148 ffff025f5003
0091.7477 ffff025f5003
0091.7630 ffff025f5003
0091.7780 ffff025f5003ffff
0091.7957 025f5003ffff025f
0091.8107 5003ffff025f5003
0091.8413 ffff
0091.8590 025f5003ffff025f
0091.8740 5003ffff025f5003
0091.8894 ffff025f5003
0091.9086 ffff025f5003
0091.9236 ffff025f5003
0091.9541 ffff025f5003
0091.9698 ffff025f5003
0091.9855 ffff025f5003
0092.0034 ffff025f5003
0092.0187 ffff025f5003
0092.0336 ffff025f5003
0092.0659 ffff025f5003
0092.0836 ffff025f5003
0092.0986 ffff025f5003
0092.1134 ffff025f5003
0092.1311 ffff025f5003
0092.1460 ffff025f5003
0092.1788 ffff025f5003
0092.1942 ffff025f5003
0092.2113 ffff025f5003
0092.2264 ffff025f5003
0092.2414 ffff025f5003
0092.2589 ffff025f5003
0092.2912 ffff025f5003
0092.3065 ffff025f5003
0092.3211 ffff025f5003
0092.3388 ffff025f5003
0092.3541 ffff025f5003
0092.3865 ffff025f5003
0092.4016 ffff025f5003
0092.4173 ffff025f5003
0092.4353 ffff025f5003
0092.4507 ffff025f5003
0092.4657 ffff025f5003
0092.4992 ffff025f5003
0092.5147 ffff025f5003
0092.5297 ffff025f5003
0092.5450 ffff025f5003
0092.5628 ffff025f5003ff
0092.5782 ff025f5003
0092.6110 ffff025f5003
0092.6259 ffff025f5003ff
0092.6411 ff025f5003ffff02
0092.6590 5f5003ffff025f5003
0092.6737 ffff025f5003
0092.7069 ffff02
0092.7220 5f5003ffff025f5003
0092.7372 ffff025f5003
0092.7547 ffff025f5003
0092.7701 ffff025f5003
0092.7852 ffff025f5003
0092.8168 ffff025f5003
0092.8347 ffff025f5003
0092.8497 ffff025f5003
0092.8649 ffff025f5003
0092.8829 ffff025f5003
0092.8982 ffff025f5003
0092.9305 ffff025f5003
0092.9458 ffff025f5003
0092.9610 ffff025f5003
0092.9789 ffff025f5003
0092.9938 ffff025f5003
0093.0091 ffff025f5003
0093.0422 ffff025f5003
0093.0571 ffff025f5003
0093.0749 ffff025f5003
0093.0902 ffff025f5003
0093.1063 ffff025f5003
0093.1217 ffff025f5003
0093.1545 ffff025f5003
0093.1699 ffff025f5003
0093.1866 ffff025f5003
0093.2020 ffff025f5003ffff02
0093.2191 5f5003ffff025f50
0093.2341 03
0093.2665 ffff025f5003ffff
0093.2812 025f5003ffff025f50
0093.2966 03ffff025f5003
0093.3143 ffff025f5003
0093.3293 ffff025f5003
0093.3620 ffff025f5003
0093.3773 ffff025f5003
0093.3926 ffff025f5003
0093.4105 ffff025f5003
0093.4258 ffff025f5003
0093.4411 ffff025f5003
0093.4742 ffff025f5003
0093.4896 ffff025f5003
0093.5048 ffff025f5003
0093.5226 ffff025f5003
0093.5378 ffff025f5003
0093.5530 ffff025f5003
0093.5859 ffff025f5003
0093.6013 ffff025f5003
0093.6189 ffff025f5003
0093.6336 ffff025f5003
0093.6487 ffff025f5003
0093.6663 ffff025f5003
0093.6969 ffff025f5003
0093.7126 ffff025f5003
0093.7307 ffff025f5003
0093.7461 ffff025f5003
0093.7614 ffff025f5003ffff
0093.7785 025f5003
0093.8084 ffff025f5003
0093.8263 ffff025f5003ffff
0093.8416 025f5003ffff025f
0093.8570 5003ffff025f5003
0093.8730 ffff025f5003
0093.9052 ffff025f
0093.9224 5003ffff025f5003
0093.9379 ffff025f5003
0093.9527 ffff025f5003
0093.9707 ffff025f5003
0093.9860 ffff025f5003
0094.0167 ffff025f5003
0094.0340 ffff025f5003
0094.0493 ffff025f5003
0094.0644 ffff025f5003
0094.0818 ffff025f5003
0094.0969 ffff025f5003
0094.1291 ffff025f5003
0094.1445 ffff025f5003
0094.1623 ffff025f5003
0094.1774 ffff025f5003
0094.1923 ffff025f5003
0094.2267 ffff025f5003
0094.2422 ffff025f5003
0094.2575 ffff025f5003
0094.2730 ffff025f5003
0094.2910 ffff025f5003
0094.3065 ffff025f5003
0094.3362 ffff025f5003
0094.3542 ffff025f5003
0094.3695 ffff025f5003
0094.3852 ffff025f5003
0094.4006 ffff025f5003
0094.4178 ffff025f5003
0094.4484 ffff025f5003
0094.4664 ffff025f5003
0094.4817 ffff025f5003
0094.4965 ffff025f5003
0094.5142 ffff025f5003
0094.5451 ffff025f5003
0094.5604 ffff025f5003
0094.5764 ffff025f5003
0094.5920 ffff025f5003
0094.6095 ffff025f5003
0094.6401 ffff02
0094.6561 5f5003ffff025f5003
0094.6742 ffff025f5003
0094.6893 ffff025f5003
0094.7042 ffff025f5003
0094.7216 ffff025f5003
0094.7544 ffff025f5003
0094.7693 ffff025f5003
0094.7843 ffff025f5003
0094.8019 ffff025f5003
0094.8172 ffff025f5003
0094.8331 ffff025f5003
0094.8656 ffff025f5003
0094.8805 ffff025f5003
0094.8980 ffff025f5003
0094.9134 ffff025f5003
0094.9290 ffff025f5003
0094.9440 ffff025f5003
0094.9771 ffff025f5003
0094.9925 ffff025f5003
0095.0097 ffff025f5003
0095.0249 ffff025f5003
0095.0402 ffff025f5003
0095.0579 ffff025f5003
0095.0899 ffff025f5003
0095.1053 ffff025f5003
0095.1206 ffff025f5003
0095.1360 ffff025f5003ffff02
0095.1538 5f5003ffff025f50
0095.1692 03
0095.2018 ffff025f5003
0095.2167 ffff025f5003ffff02
0095.2322 5f5003ffff025f50
0095.2499 03ffff025f5003
0095.2981 ffff025f5003
0095.3134 ffff025f5003
0095.3288 ffff025f5003
0095.3441 ffff025f5003
0095.3597 ffff025f5003ffff02
0095.3775 5f5003
0095.4083 ffff025f5003
0095.4258 ffff025f5003
0095.4412 ffff025f5003ffff
0095.4566 025f5003ffff025f50
0095.4740 03
0095.5046 ffff025f5003
0095.5200 ffff025f5003
0095.5379 ffff025f5003
0095.5532 ffff025f5003
0095.5679 ffff025f5003
0095.5856 ffff025f5003
0095.6161 ffff025f5003
0095.6339 ffff025f5003
0095.6485 ffff025f5003
0095.6637 ffff025f5003ffff
0095.6816 025f5003
0095.7121 ffff025f5003
0095.7274 ffff025f5003
0095.7452 ffff025f5003
0095.7602 ffff025f5003
0095.7758 ffff025f5003
0095.7933 ffff025f5003
0095.8251 ffff025f5003
0095.8404 ffff025f5003
0095.8555 ffff025f5003
0095.8730 ffff025f5003ffff
0095.8886 025f5003ffff025f50
0095.9039 03
0095.9374 ffff025f5003ffff
0095.9525 025f5003ffff025f50
0095.9675 03ffff025f5003
0095.9855 ffff025f5003
0096.0008 ffff025f5003
0096.0317 ffff025f5003
0096.0491 ffff025f5003
0096.0645 ffff025f5003
0096.0797 ffff025f5003
0096.0953 ffff025f5003
0096.1131 ffff025f5003
0096.1432 ffff025f5003
0096.1605 ffff025f5003
0096.1760 ffff025f5003
0096.1935 ffff025f5003
0096.2089 ffff025f5003
0096.2397 ffff025f
0096.2552 5003ffff025f5003
0096.2732 ffff025f5003
0096.2879 ffff025f5003
0096.3055 ffff025f5003
0096.3205 ffff025f5003
0096.3536 ffff025f5003
0096.3688 ffff025f5003
0096.3843 ffff025f5003
0096.3993 ffff025f5003
0096.4171 ffff025f5003
0096.4326 ffff025f5003
0096.4631 ffff025f5003
0096.4810 ffff025f5003
0096.4964 ffff025f5003
0096.5117 ffff025f5003
0096.5297 ffff025f5003
0096.5449 ffff025f5003
0096.5752 ffff025f5003
0096.5930 ffff025f5003
0096.6075 ffff025f5003
0096.6250 ffff025f5003
0096.6402 ffff025f5003
0096.6558 ffff025f5003
0096.6890 ffff025f5003
0096.7045 ffff025f5003
0096.7195 ffff025f5003ff
0096.7370 ff025f5003ffff025f
0096.7523 5003ffff025f5003
0096.8002 ffff025f5003ff
0096.8165 ff025f5003ffff025f
0096.8320 5003ffff025f5003
0096.8470 ffff025f5003
0096.8957 ffff025f5003
0096.9129 ffff025f5003
0096.9273 ffff025f5003
0096.9445 ffff025f5003ff
0096.9599 ff025f5003ffff02
0096.9750 5f5003
0097.0073 ffff025f5003ff
0097.0252 ff025f5003ffff02
0097.0410 5f5003ffff025f5003
0097.0566 ffff025f5003
0097.0718 ffff025f5003
0097.1054 ffff025f5003
0097.1210 ffff025f5003
0097.1360 ffff025f5003
0097.1514 ffff025f5003
0097.1668 ffff025f5003
0097.1846 ffff025f5003
0097.2169 ffff02
0097.2325 5f5003ffff025f5003
0097.2475 ffff025f5003
0097.2650 ffff025f5003
0097.2801 ffff025f5003
0097.3126 ffff02
0097.3279 5f5003ffff025f5003
0097.3429 ffff025f5003
0097.3600 ffff025f5003
0097.3754 ffff025f5003
0097.3928 ffff025f5003
0097.4236 ffff025f5003
0097.4391 ffff025f5003
0097.4568 ffff025f5003
0097.4722 ffff025f5003
0097.4878 ffff025f5003
0097.5032 ffff025f5003
0097.5361 ffff025f5003
0097.5516 ffff025f5003
0097.5692 ffff025f5003
0097.5839 ffff025f5003
0097.6008 ffff025f5003
0097.6157 ffff025f5003
0097.6483 ffff025f5003
0097.6631 ffff025f5003
0097.6810 ffff025f5003
0097.6958 ffff025f5003
0097.7109 ffff025f5003
0097.7286 ffff025f5003
0097.7588 ffff025f5003
0097.7769 ffff025f5003
0097.7918 ffff025f5003
0097.8068 ffff025f5003
0097.8243 ffff025f5003
0097.8551 ffff025f5003
0097.8706 ffff025f5003
0097.8885 ffff025f5003
0097.9037 ffff025f5003
0097.9195 ffff025f5003
0097.9349 ffff025f5003
0097.9684 ffff025f5003
0097.9834 ffff025f5003
0097.9987 ffff025f5003
0098.0168 ffff025f5003
0098.0319 ffff025f5003ffff
0098.0473 025f5003
0098.0791 ffff025f5003
0098.0968 ffff025f5003ffff
0098.1116 025f5003ffff025f50
0098.1265 03ffff025f5003
0098.1441 ffff
0098.1595 025f5003
0098.1745 ffff025f50
0098.1918 03ffff025f5003
0098.2068 ffff025f5003
0098.2248 ffff025f5003
0098.2403 ffff025f5003
0098.2556 ffff025f5003
0098.2864 ffff025f5003
0098.3040 ffff025f5003
0098.3188 ffff025f5003
0098.3362 ffff025f5003
0098.3506 ffff025f5003
0098.3684 ffff025f5003
0098.3989 ffff025f5003
0098.4162 ffff025f5003
0098.4314 ffff025f5003
0098.4467 ffff025f5003
0098.4644 ffff025f5003
0098.4796 ffff025f5003
0098.5124 ffff025f5003
0098.5276 ffff025f5003
0098.5428 ffff025f5003
0098.5605 ffff025f5003
0098.5758 ffff025f5003
0098.5914 ffff025f5003
0098.6241 ffff025f5003
0098.6390 ffff025f5003
0098.6544 ffff025f5003ff
0098.6722 ff025f5003ffff025f
0098.6875 5003ffff025f5003
0098.7183 ff
0098.7358 ff025f5003ffff025f
0098.7509 5003ffff025f5003
0098.7660 ffff025f5003
0098.7838 ffff025f5003
0098.7991 ffff025f5003
0098.8312 ffff025f5003
0098.8463 ffff025f5003
0098.8641 ffff025f5003
0098.8793 ffff025f5003
0098.8944 ffff025f5003
0098.9120 ffff025f5003
0098.9425 ffff025f5003
0098.9603 ffff025f5003
0098.9753 ffff025f5003
0098.9907 ffff025f5003
0099.0080 ffff025f5003
0099.0231 ffff025f5003
0099.0559 ffff025f5003
0099.0710 ffff025f5003
0099.0862 ffff025f5003
0099.1040 ffff025f5003
0099.1194 ffff025f5003
0099.1348 ffff025f5003
0099.1675 ffff025f5003
0099.1830 ffff025f5003
0099.1982 ffff025f5003
0099.2158 ffff025f5003
0099.2309 ffff025f5003
0099.2638 ffff025f5003
0099.2791 ffff025f5003
0099.2947 ffff025f5003
0099.3099 ffff025f5003
0099.3276 ffff025f5003
0099.3427 ffff025f5003
0099.3756 ffff025f5003
0099.3908 ffff025f5003
0099.4061 ffff025f5003
0099.4238 ffff025f5003
0099.4389 ffff025f5003ff
0099.4541 ff025f5003
0099.4872 ffff025f5003
0099.5027 ffff025f5003
0099.5180 ffff025f5003ffff02
0099.5359 5f5003ffff025f5003
0099.5513 ffff025f5003
0099.5864 ffff02
0099.5992 5f5003ffff025f5003
0099.6139 ffff025f5003
0099.6319 ffff025f5003
0099.6467 ffff025f5003
0099.6617 ffff025f5003
0099.6944 ffff025f5003
0099.7098 ffff025f5003
0099.7278 ffff025f5003
0099.7431 ffff025f5003
0099.7581 ffff025f5003
0099.7786 ffff025f5003
0099.8061 ffff025f5003
0099.8240 ffff025f5003
0099.8389 ffff025f5003
0099.8543 ffff025f5003
0099.8714 ffff025f5003
0099.8869 ffff025f5003
0099.9196 ffff025f5003
0099.9350 ffff025f5003
0099.9504 ffff025f5003
0099.9656 ffff025f5003
0099.9834 ffff025f5003
0099.9979 ffff025f5003
0100.0308 ffff025f5003
0100.0472 ffff025f5003
0100.0618 ffff025f5003
0100.0793 ffff025f5003ffff
0100.0946 025f5003ffff025f50
0100.1096 03
0100.1424 ffff025f5003
0100.1579 ffff025f5003
0100.1756 ffff025f5003ffff
0100.1909 025f5003ffff025f50
0100.2060 03
0100.2389 ffff025f5003
0100.2539 ffff025f5003
0100.2715 ffff025f5003
0100.2864 ffff025f5003
0100.3015 ffff025f5003ffff
0100.3191 025f5003
0100.3495 ffff025f5003
0100.3675 ffff025f5003ffff
0100.3826 025f5003ffff025f50
0100.3981 03ffff025f5003
0100.4158 ffff025f5003
0100.4466 ffff025f50
0100.4619 03ffff025f5003
0100.4794 ffff025f5003
0100.4946 ffff025f5003
0100.5101 ffff025f5003
0100.5274 ffff025f5003
0100.5576 ffff025f5003
0100.5745 ffff025f5003
0100.5898 ffff025f5003
0100.6080 ffff025f5003
0100.6232 ffff025f5003
0100.6534 ffff
0100.6712 025f5003ffff025f
0100.6865 5003ffff025f5003
0100.7014 ffff025f5003
0100.7191 ffff025f5003
0100.7342 ffff025f5003
0100.7671 ffff025f5003
0100.7821 ffff025f5003
0100.7974 ffff025f5003
0100.8150 ffff025f5003
0100.8299 ffff025f5003
0100.8474 ffff025f5003
0100.8776 ffff025f5003
0100.8955 ffff025f5003
0100.9105 ffff025f5003
0100.9266 ffff025f5003
0100.9419 ffff025f5003
0100.9574 ffff025f5003
0100.9904 ffff025f5003
0101.0060 ffff025f5003
0101.0211 ffff025f5003
0101.0389 ffff025f5003
0101.0537 ffff025f5003
0101.0715 ffff025f5003
0101.1018 ffff025f5003
0101.1170 ffff025f5003
0101.1346 ffff025f5003
0101.1495 ffff025f5003ff
0101.1674 ff025f5003ffff025f
0101.1823 5003
0101.2141 ffff025f5003ff
0101.2292 ff025f5003ffff025f
0101.2467 5003ffff025f5003
0101.2618 ffff025f5003
0101.2772 ffff025f5003
0101.3107 ffff025f5003
0101.3261 ffff025f5003
0101.3432 ffff025f5003
0101.3582 ffff025f5003
0101.3755 ffff025f5003
0101.4227 ffff025f5003ff
0101.4380 ff025f5003ffff02
0101.4530 5f5003ffff025f5003
0101.4710 ffff025f5003
0101.4863 ffff025f5003
0101.5192 ffff025f5003
0101.5345 ffff025f5003
0101.5512 ffff025f5003
0101.5668 ffff025f5003
0101.5820 ffff025f5003
0101.5969 ffff025f5003
0101.6297 ffff025f5003
0101.6451 ffff025f5003
0101.6633 ffff025f5003
0101.6785 ffff025f5003
0101.6935 ffff025f5003
0101.7112 ffff025f5003
0101.7416 ffff025f5003
0101.7570 ffff025f5003
0101.7748 ffff025f5003
0101.7898 ffff025f5003
0101.8051 ffff025f5003
0101.8228 ffff025f5003
0101.8531 ffff025f5003
0101.8704 ffff025f5003
0101.8858 ffff025f5003
0101.9011 ffff025f5003
0101.9186 ffff025f5003
0101.9335 ffff025f5003
0101.9664 ffff025f5003
0101.9813 ffff025f5003
0101.9991 ffff025f5003ffff02
0102.0143 5f5003ffff025f50
0102.0295 03
0102.0616 ffff025f5003
0102.0768 ffff025f5003
0102.0945 ffff025f5003
0102.1093 ffff025f5003
0102.1270 ffff025f5003
0102.1421 ffff025f5003
0102.1748 ffff025f5003
0102.1899 ffff025f5003
0102.2051 ffff025f5003ffff
0102.2229 025f5003ffff025f50
0102.2383 03ffff025f5003
0102.2687 ffff
0102.2865 025f5003ffff025f50
0102.3018 03ffff025f5003
0102.3172 ffff025f5003
0102.3326 ffff025f5003
0102.3497 ffff025f5003
0102.3820 ffff025f5003
0102.3972 ffff025f5003
0102.4144 ffff025f5003
0102.4296 ffff025f5003
0102.4450 ffff025f5003
0102.4781 ffff
0102.4932 025f5003ffff025f50
0102.5108 03ffff025f5003
0102.5261 ffff025f5003
0102.5415 ffff025f5003
0102.5569 ffff025f5003
0102.5896 ffff025f5003
0102.6048 ffff025f5003
0102.6228 ffff025f5003
0102.6381 ffff025f5003
0102.6536 ffff025f5003
0102.6683 ffff025f5003
0102.7009 ffff025f5003
0102.7164 ffff025f5003
0102.7340 ffff025f5003
0102.7490 ffff025f5003
0102.7660 ffff025f5003
0102.7968 ffff025f5003
0102.8142 ffff025f5003
0102.8289 ffff025f5003
0102.8446 ffff025f5003
0102.8626 ffff025f5003
0102.8778 ffff025f5003
0102.9102 ffff025f5003
0102.9254 ffff025f5003
0102.9407 ffff025f5003
0102.9583 ffff025f5003
0102.9736 ffff025f5003
0103.0058 ffff025f5003
0103.0215 ffff025f5003
0103.0363 ffff025f5003
0103.0541 ffff025f5003
0103.0695 ffff025f5003
0103.0845 ffff025f5003
0103.1161 ffff025f5003
0103.1339 ffff025f5003
0103.1490 ffff025f5003
0103.1643 ffff025f5003
0103.1820 ffff025f5003
0103.2123 ffff025f5003
0103.2297 ffff025f5003
0103.2450 ffff025f5003
0103.2603 ffff025f5003
0103.2776 ffff025f5003
0103.3262 ffff025f5003ff
0103.3419 ff025f5003ffff025f
0103.3568 5003ffff025f5003
0103.3722 ffff025f5003
0103.3898 ffff025f5003
0103.4201 ffff025f5003
0103.4372 ffff025f5003
0103.4530 ffff025f5003
0103.4687 ffff025f5003
0103.4863 ffff025f5003
0103.5342 ffff025f5003ff
0103.5494 ff025f5003ffff02
0103.5651 5f5003ffff025f5003
0103.5804 ffff025f5003
0103.5964 ffff025f5003
0103.6294 ffff025f5003
0103.6459 ffff025f5003
0103.6612 ffff025f5003
0103.6764 ffff025f5003
0103.6943 ffff025f5003
0103.7422 ffff025f5003ff
0103.7572 ff025f5003ffff02
0103.7725 5f5003ffff025f5003
0103.7895 ffff025f5003
0103.8045 ffff025f5003
0103.8375 ffff025f5003
0103.8528 ffff025f5003
0103.8682 ffff025f5003
0103.8862 ffff025f5003
0103.9012 ffff025f5003
0103.9491 ffff025f5003
0103.9640 ffff025f5003ffff02
0103.9813 5f5003ffff025f5003
0103.9962 ffff025f5003
0104.0137 ffff025f5003
0104.0443 ffff025f5003
0104.0597 ffff025f5003
0104.0776 ffff025f5003
0104.0931 ffff025f5003
0104.1085 ffff025f5003
0104.1567 ffff025f5003
0104.1718 ffff025f5003
0104.1896 ffff025f5003
0104.2053 ffff025f5003
0104.2205 ffff025f5003
0104.2533 ffff025f5003
0104.2685 ffff025f5003
0104.2856 ffff025f5003
0104.3010 ffff025f5003
0104.3158 ffff025f5003
0104.3337 ffff025f5003
0104.3641 ffff025f5003
0104.3818 ffff025f5003
0104.3973 ffff025f5003ffff
0104.4123 025f5003ffff025f50
0104.4300 03
0104.4607 ffff025f5003
0104.4759 ffff025f5003
0104.4936 ffff025f5003
0104.5090 ffff025f5003
0104.5241 ffff025f5003
0104.5394 ffff025f5003
0104.5722 ffff025f5003
0104.5878 ffff025f5003
0104.6053 ffff025f5003ffff
0104.6206 025f5003ffff025f50
0104.6354 03
0104.6681 ffff025f5003
0104.6858 ffff025f5003
0104.7009 ffff025f5003
0104.7172 ffff025f5003
0104.7319 ffff025f5003
0104.7473 ffff025f5003
0104.7798 ffff025f5003
0104.7971 ffff025f5003
0104.8124 ffff025f5003ffff
0104.8282 025f5003ffff025f50
0104.8435 03
0104.8765 ffff025f5003
0104.8918 ffff025f5003
0104.9093 ffff025f5003
0104.9241 ffff025f5003
0104.9396 ffff025f5003
0104.9571 ffff025f5003
0104.9897 ffff025f5003
0105.0052 ffff025f5003
0105.0206 ffff025f5003ffff
0105.0360 025f5003ffff025f
0105.0513 5003
0105.0842 ffff025f5003
0105.0994 ffff025f5003
0105.1171 ffff025f5003
0105.1328 ffff025f5003
0105.1483 ffff025f5003
0105.1635 ffff025f5003
0105.1958 ffff025f5003
0105.2135 ffff025f5003
0105.2284 ffff025f5003ffff
0105.2437 025f5003ffff025f
0105.2590 5003
0105.2917 ffff025f5003
0105.3095 ffff025f5003
0105.3247 ffff025f5003
0105.3399 ffff025f5003
0105.3571 ffff025f5003
0105.3724 ffff025f5003
0105.4055 ffff025f5003
0105.4208 ffff025f5003
0105.4363 ffff025f5003ff
0105.4517 ff025f5003ffff025f
0105.4696 5003
0105.5002 ffff025f5003
0105.5150 ffff025f5003
0105.5329 ffff025f5003
0105.5478 ffff025f5003
0105.5654 ffff025f5003
0105.5965 ffff025f5003
0105.6113 ffff025f5003
0105.6291 ffff025f5003
0105.6442 ffff025f5003
0105.6592 ffff025f5003
0105.6770 ffff025f5003
0105.7076 ffff025f5003
0105.7253 ffff025f5003
0105.7405 ffff025f5003
0105.7556 ffff025f5003
0105.7732 ffff025f5003
0105.8041 ffff025f5003
0105.8190 ffff025f5003
0105.8363 ffff025f5003
0105.8512 ffff025f5003
0105.8688 ffff025f5003
0105.8834 ffff025f5003
0105.9162 ffff025f5003
0105.9312 ffff025f5003
0105.9487 ffff025f5003
0105.9644 ffff025f5003
0105.9802 ffff025f5003
0106.0108 ffff025f5003
0106.0272 ffff025f5003
0106.0446 ffff025f5003
0106.0596 ffff025f5003
0106.0748 ffff025f5003
0106.0925 ffff025f5003
0106.1250 ffff025f5003
0106.1403 ffff025f5003
0106.1555 ffff025f5003
0106.1707 ffff025f5003
0106.1880 ffff025f5003
0106.2209 ffff025f5003
0106.2361 ffff025f5003
0106.2517 ffff025f5003
0106.2668 ffff025f5003
0106.2839 ffff025f5003
0106.2994 ffff025f5003
0106.3326 ffff025f5003
0106.3476 ffff025f5003
0106.3648 ffff025f5003
0106.3801 ffff025f5003
0106.3949 ffff025f5003
0106.4276 ffff025f5003
0106.4426 ffff025f5003
0106.4604 ffff025f5003
0106.4758 ffff025f5003
0106.4911 ffff025f5003
0106.5084 ffff025f5003
0106.5409 ffff025f5003
0106.5561 ffff025f5003
0106.5716 ffff025f5003
0106.5873 ffff025f5003
0106.6028 ffff025f5003
0106.6365 ffff025f5003
0106.6515 ffff025f5003
0106.6665 ffff025f5003
0106.6844 ffff025f5003
0106.6996 ffff025f5003
0106.7150 ffff025f5003
0106.7479 ffff025f5003
0106.7631 ffff025f5003
0106.7809 ffff025f5003
0106.7961 ffff025f5003
0106.8113 ffff025f5003
0106.8430 ffff025f5003
0106.8599 ffff025f5003
0106.8751 ffff025f5003
0106.8929 ffff025f5003
0106.9077 ffff025f5003
0106.9225 ffff025f5003
0106.9554 ffff025f5003
0106.9706 ffff025f5003
0106.9877 ffff025f5003
0107.0029 ffff025f5003
0107.0199 ffff025f5003
0107.0527 ffff025f5003
0107.0676 ffff025f5003
0107.0828 ffff025f5003
0107.1005 ffff025f5003
0107.1157 ffff025f5003
0107.1305 ffff025f5003
0107.1634 ffff025f5003
0107.1786 ffff025f5003
0107.1964 ffff025f5003
0107.2111 ffff025f5003
0107.2264 ffff025f5003
0107.2426 ffff025f5003
0107.2756 ffff025f5003
0107.2904 ffff025f5003
0107.3082 ffff025f5003
0107.3237 ffff025f5003
0107.3389 ffff025f5003
0107.3715 ffff025f5003
0107.3864 ffff025f5003
0107.4037 ffff025f5003
0107.4191 ffff025f5003
0107.4343 ffff025f5003
0107.4524 ffff025f5003
0107.4823 ffff025f5003
0107.5002 ffff025f5003
0107.5158 ffff025f5003
0107.5314 ffff025f5003
0107.5469 ffff025f5003
0107.5794 ffff025f5003
0107.5946 ffff025f5003
0107.6100 ffff025f5003
0107.6275 ffff025f5003
0107.6428 ffff025f5003
0107.6603 ffff025f5003
0107.6908 ffff025f5003
0107.7083 ffff025f5003
0107.7238 ffff025f5003
0107.7385 ffff025f5003
0107.7561 ffff025f5003
0107.7869 ffff025f5003
0107.8019 ffff025f5003
0107.8199 ffff025f5003
0107.8354 ffff025f5003
0107.8507 ffff025f5003
0107.8681 ffff025f5003
0107.8987 ffff025f5003
0107.9142 ffff025f5003
0107.9321 ffff025f5003
0107.9467 ffff025f5003
0107.9643 ffff025f5003ff
0107.9793 ff025f5003
0108.0122 ffff025f5003
0108.0271 ffff025f5003ff
0108.0421 ff025f5003ffff02
0108.0598 5f5003ffff025f5003
0108.1075 ffff025f5003
0108.1221 ffff025f5003
0108.1399 ffff025f5003
0108.1553 ffff025f5003
0108.1707 ffff025f5003
0108.2041 ffff025f5003
0108.2187 ffff025f5003
0108.2341 ffff025f5003
0108.2516 ffff025f5003
0108.2666 ffff025f5003
0108.2820 ffff025f5003
0108.3145 ffff025f5003
0108.3296 ffff025f5003
0108.3472 ffff025f5003
0108.3625 ffff025f5003
0108.3780 ffff025f5003
0108.4121 ffff025f5003
0108.4272 ffff025f5003
0108.4432 ffff025f5003
0108.4584 ffff025f5003
0108.4736 ffff025f5003
0108.4913 ffff025f5003
0108.5235 ffff025f5003
0108.5387 ffff025f5003
0108.5560 ffff025f5003
0108.5710 ffff025f5003
0108.5858 ffff025f5003
0108.6178 ffff025f5003
0108.6355 ffff025f5003
0108.6507 ffff025f5003
0108.6655 ffff025f5003
0108.6831 ffff025f5003
0108.6983 ffff025f5003
0108.7307 ffff025f5003
0108.7459 ffff025f5003
0108.7637 ffff025f5003
0108.7788 ffff025f5003
0108.7940 ffff025f5003
0108.8259 ffff025f5003
0108.8436 ffff025f5003
0108.8588 ffff025f5003
0108.8740 ffff025f5003
0108.8916 ffff025f5003
0108.9065 ffff025f5003
0108.9393 ffff025f5003
0108.9542 ffff025f5003
0108.9716 ffff025f5003
0108.9867 ffff025f5003
0109.0025 ffff025f5003
0109.0356 ffff025f5003
0109.0501 ffff025f5003
0109.0679 ffff025f5003
0109.0830 ffff025f5003
0109.0983 ffff025f5003
0109.1157 ffff025f5003
0109.1463 ffff025f5003
0109.1636 ffff025f5003
0109.1788 ffff025f5003
0109.1936 ffff025f5003
0109.2103 ffff025f5003
0109.2416 ffff
0109.2583 025f5003ffff025f50
0109.2745 03ffff025f5003
0109.2897 ffff025f5003
0109.3072 ffff025f5003
0109.3392 ffff025f50
0109.3544 03ffff025f5003
0109.3715 ffff025f5003
0109.3867 ffff025f5003
0109.4016 ffff025f5003
0109.4192 ffff025f5003
0109.4494 ffff025f5003
0109.4671 ffff025f5003
0109.4820 ffff025f5003
0109.4994 ffff025f5003
0109.5146 ffff025f5003
0109.5470 ffff025f
0109.5622 5003ffff025f5003
0109.5774 ffff025f5003
0109.5951 ffff025f5003
0109.6103 ffff025f5003
0109.6258 ffff025f5003
0109.6584 ffff025f5003
0109.6731 ffff025f5003
0109.6909 ffff025f5003
0109.7063 ffff025f5003
0109.7215 ffff025f5003
0109.7539 ffff025f
0109.7692 5003ffff025f5003
0109.7864 ffff025f5003
0109.8014 ffff025f5003
0109.8192 ffff025f5003
0109.8345 ffff025f5003
0109.8674 ffff025f5003
0109.8826 ffff025f5003
0109.8987 ffff025f5003
0109.9137 ffff025f5003
0109.9313 ffff025f5003
0109.9617 ffff025f
0109.9770 5003ffff025f5003
0109.9947 ffff025f5003
0110.0098 ffff025f5003
0110.0251 ffff025f5003
0110.0431 ffff025f5003
0110.0736 ffff025f5003
0110.0892 ffff025f5003
0110.1070 ffff025f5003
0110.1223 ffff025f5003
0110.1376 ffff025f5003
0110.1711 ffff025f
0110.1866 5003ffff025f5003
0110.2021 ffff025f5003
0110.2175 ffff025f5003
0110.2351 ffff025f5003
0110.2504 ffff025f5003
0110.2809 ffff025f5003
0110.2988 ffff025f5003
0110.3141 ffff025f5003
0110.3295 ffff025f5003
0110.3450 ffff025f5003
0110.3780 ffff02
0110.3933 5f5003ffff025f5003
0110.4111 ffff025f5003
0110.4264 ffff025f5003
0110.4413 ffff025f5003
0110.4567 ffff025f5003
0110.4901 ffff025f5003
0110.5060 ffff025f5003
0110.5232 ffff025f5003
0110.5386 ffff025f5003
0110.5539 ffff025f5003
0110.5852 ffff02
0110.6028 5f5003ffff025f5003
0110.6179 ffff025f5003
0110.6338 ffff025f5003
0110.6511 ffff025f5003
0110.6660 ffff025f5003
0110.6986 ffff025f5003
0110.7135 ffff025f5003
0110.7287 ffff025f5003
0110.7467 ffff025f5003
0110.7620 ffff025f5003
0110.7771 ffff025f5003
0110.8085 ffff025f5003
0110.8259 ffff025f5003
0110.8407 ffff025f5003
0110.8583 ffff025f5003
0110.8729 ffff025f5003
0110.9050 ffff025f5003
0110.9230 ffff025f5003
0110.9384 ffff025f5003
0110.9530 ffff025f5003
0110.9706 ffff025f5003
0111.0187 ffff025f5003ffff02
0111.0339 5f5003ffff025f50
0111.0492 03ffff025f5003
0111.0645 ffff025f5003
0111.0823 ffff025f5003
0111.1147 ffff025f5003
0111.1299 ffff025f5003
0111.1448 ffff025f5003
0111.1612 ffff025f5003
0111.1788 ffff025f5003
0111.2266 ffff025f5003ffff
0111.2419 025f5003
0111.2565 ffff025f5003ffff
0111.2743 025f5003ffff025f50
0111.2893 03
0111.3204 ffff025f5003
0111.3366 ffff025f5003
0111.3543 ffff025f5003
0111.3699 ffff025f5003
0111.3850 ffff025f5003
0111.4166 ffff025f5003
0111.4341 ffff025f5003
0111.4487 ffff025f5003
0111.4664 ffff025f5003
0111.4814 ffff025f5003
0111.4966 ffff025f5003
0111.5298 ffff025f5003
0111.5461 ffff025f5003
0111.5614 ffff025f5003
0111.5763 ffff025f5003
0111.5940 ffff025f5003
0111.6092 ffff025f5003
0111.6421 ffff025f5003
0111.6572 ffff025f5003
0111.6723 ffff025f5003ffff
0111.6898 025f5003ffff025f
0111.7051 5003
0111.7383 ffff025f5003
0111.7534 ffff025f5003
0111.7703 ffff025f5003
0111.7857 ffff025f5003
0111.8010 ffff025f5003
0111.8163 ffff025f5003
0111.8497 ffff025f5003
0111.8646 ffff025f5003
0111.8800 ffff025f5003ff
0111.8979 ff025f5003ffff025f
0111.9144 5003ffff025f5003
0111.9460 ff
0111.9613 ff025f5003ffff025f
0111.9765 5003ffff025f5003
0111.9941 ffff025f5003
0112.0095 ffff025f5003
0112.0564 ffff025f5003
0112.0746 ffff025f5003
0112.0899 ffff025f5003ff
0112.1052 ff025f5003ffff025f
0112.1202 5003ffff025f5003
0112.1681 ffff025f5003ff
0112.1859 ff025f5003ffff025f
0112.2014 5003ffff025f5003
0112.2164 ffff025f5003
0112.2658 ffff025f5003
0112.2820 ffff025f5003
0112.2967 ffff025f5003
0112.3122 ffff025f5003ff
0112.3297 ff025f5003
0112.3600 ffff025f5003
0112.3760 ffff025f5003
0112.3940 ffff025f5003
0112.4092 ffff025f5003
0112.4242 ffff025f5003
0112.4420 ffff025f5003
0112.4747 ffff025f5003
0112.4902 ffff025f5003
0112.5057 ffff025f5003
0112.5220 ffff025f5003ff
0112.5358 ff025f5003
0112.5681 ffff025f5003
0112.5847 ffff025f5003
0112.6001 ffff025f5003
0112.6177 ffff025f5003
0112.6329 ffff025f5003
0112.6652 ffff025f5003
0112.6798 ffff025f5003
0112.6958 ffff025f5003
0112.7128 ffff025f5003
0112.7301 ffff025f5003
0112.7449 ffff025f5003
0112.7779 ffff025f5003
0112.7931 ffff025f5003
0112.8081 ffff025f5003
0112.8258 ffff025f5003
0112.8410 ffff025f5003
0112.8739 ffff025f5003
0112.8891 ffff025f5003
0112.9038 ffff025f5003
0112.9212 ffff025f5003
0112.9363 ffff025f5003
0112.9540 ffff025f5003
0112.9844 ffff025f5003
0112.9996 ffff025f5003
0113.0173 ffff025f5003
0113.0320 ffff025f5003
0113.0497 ffff025f5003
0113.0796 ffff025f5003
0113.0973 ffff025f5003
0113.1125 ffff025f5003
0113.1301 ffff025f5003
0113.1453 ffff025f5003
0113.1606 ffff025f5003
0113.1938 ffff025f5003
0113.2092 ffff025f5003
0113.2246 ffff025f5003
0113.2398 ffff025f5003
0113.2572 ffff025f5003
0113.2890 ffff025f5003
0113.3041 ffff025f5003
0113.3195 ffff025f5003
0113.3371 ffff025f5003
0113.3524 ffff025f5003
0113.3673 ffff025f5003
0113.4002 ffff025f5003
0113.4155 ffff025f5003
0113.4331 ffff025f5003
0113.4481 ffff025f5003
0113.4635 ffff025f5003
0113.4967 ffff025f5003
0113.5119 ffff025f5003
0113.5296 ffff025f5003
0113.5448 ffff025f5003
0113.5600 ffff025f5003
0113.5770 ffff025f5003
0113.6073 ffff025f5003
0113.6251 ffff025f5003
0113.6399 ffff025f5003
0113.6566 ffff025f5003
0113.6719 ffff025f5003
0113.7044 ffff025f5003
0113.7217 ffff025f5003
0113.7368 ffff025f5003
0113.7520 ffff025f5003
0113.7692 ffff025f5003
0113.7843 ffff025f5003
0113.8169 ffff025f5003
0113.8319 ffff025f5003
0113.8492 ffff025f5003
0113.8644 ffff025f5003
0113.8796 ffff025f5003
0113.9124 ffff025f5003
0113.9276 ffff025f5003
0113.9454 ffff025f5003
0113.9606 ffff025f5003
0113.9758 ffff025f5003
0113.9935 ffff025f5003
0114.0239 ffff025f5003
0114.0392 ffff025f5003
0114.0566 ffff025f5003
0114.0718 ffff025f5003
0114.0871 ffff025f5003
0114.1197 ffff025f5003
0114.1370 ffff025f5003
0114.1522 ffff025f
0114.1673 5003ffff025f5003
0114.1843 ffff025f5003
0114.2316 ffff025f5003
0114.2491 ffff025f5003ff
0114.2643 ff025f5003ffff025f
0114.2795 5003ffff025f5003
0114.2972 ffff025f5003
0114.3274 ff
0114.3451 ff025f5003ffff025f
0114.3604 5003ffff025f5003
0114.3758 ffff025f5003
0114.3912 ffff025f5003
0114.4391 ffff025f5003
0114.4569 ffff025f5003
0114.4720 ffff025f5003ff
0114.4876 ff025f5003ffff025f
0114.5030 5003ffff025f5003
0114.5360 ff
0114.5513 ff025f5003ffff025f
0114.5684 5003ffff025f5003
0114.5833 ffff025f5003
0114.6011 ffff025f5003
0114.6168 ffff025f5003
0114.6491 ffff025f5003
0114.6643 ffff025f5003
0114.6795 ffff025f5003
0114.6948 ffff025f5003
0114.7126 ffff025f5003
0114.7429 ff
0114.7607 ff025f5003ffff02
0114.7758 5f5003ffff025f5003
0114.7910 ffff025f5003
0114.8083 ffff025f5003
0114.8236 ffff025f5003
0114.8568 ffff025f5003
0114.8717 ffff025f5003
0114.8891 ffff025f5003
0114.9043 ffff025f5003
0114.9191 ffff025f5003
0114.9670 ffff025f5003
0114.9848 ffff025f5003ffff02
0115.0000 5f5003ffff025f5003
0115.0152 ffff025f5003
0115.0633 ffff025f5003
0115.0808 ffff025f5003
0115.0959 ffff025f5003
0115.1111 ffff025f5003
0115.1286 ffff025f5003ffff02
0115.1438 5f5003
0115.1767 ffff025f5003
0115.1919 ffff025f5003ffff02
0115.2070 5f5003ffff025f50
0115.2247 03ffff025f5003
0115.2725 ffff025f5003
0115.2877 ffff025f5003
0115.3029 ffff025f5003
0115.3206 ffff025f5003
0115.3357 ffff025f5003
0115.3682 ffff025f5003
0115.3834 ffff025f5003
0115.4006 ffff025f5003
0115.4153 ffff025f5003
0115.4325 ffff025f5003
0115.4631 ffff025f5003
0115.4785 ffff025f5003
0115.4965 ffff025f5003
0115.5116 ffff025f5003
0115.5267 ffff025f5003
0115.5446 ffff025f5003
0115.5750 ffff025f5003
0115.5905 ffff025f5003
0115.6082 ffff025f5003
0115.6235 ffff025f5003
0115.6389 ffff025f5003
0115.6709 ffff025f5003
0115.6880 ffff025f5003
0115.7032 ffff025f5003
0115.7184 ffff025f5003
0115.7360 ffff025f5003
0115.7511 ffff025f5003
0115.7844 ffff025f5003
0115.7998 ffff025f5003
0115.8152 ffff025f5003
0115.8306 ffff025f5003
0115.8497 ffff025f5003
0115.8804 ffff025f5003
0115.8958 ffff025f5003
0115.9110 ffff025f5003
0115.9286 ffff025f5003
0115.9443 ffff025f5003
0115.9608 ffff025f5003
0115.9901 ffff025f5003
0116.0082 ffff025f5003
0116.0237 ffff025f5003
0116.0393 ffff025f5003
0116.0544 ffff025f5003
0116.0866 ffff025f5003
0116.1043 ffff025f5003
0116.1188 ffff025f5003
0116.1342 ffff025f5003
0116.1523 ffff025f5003
0116.1992 ffff025f5003ffff
0116.2155 025f5003ffff025f
0116.2314 5003ffff025f5003
0116.2462 ffff025f5003
0116.2644 ffff025f5003
0116.2945 ffff025f5003
0116.3122 ffff025f5003
0116.3277 ffff025f5003
0116.3426 ffff025f5003
0116.3603 ffff025f5003
0116.4086 ffff025f5003ff
0116.4246 ff025f5003ffff025f
0116.4394 5003ffff025f5003
0116.4545 ffff025f5003
0116.4722 ffff025f5003
0116.5023 ffff025f5003
0116.5205 ffff025f5003
0116.5359 ffff025f5003
0116.5518 ffff025f5003
0116.5678 ffff025f5003
0116.6159 ffff025f5003ff
0116.6313 ff025f5003ffff025f
0116.6473 5003ffff025f5003
0116.6624 ffff025f5003
0116.6801 ffff025f5003
0116.7100 ffff025f5003
0116.7277 ffff025f5003
0116.7431 ffff025f5003
0116.7585 ffff025f5003
0116.7742 ffff025f5003
0116.8242 ffff025f5003ff
0116.8397 ff025f5003ffff025f
0116.8546 5003ffff025f5003
0116.8718 ffff025f5003
0116.8871 ffff025f5003
0116.9180 ffff025f5003
0116.9338 ffff025f5003
0116.9512 ffff025f5003
0116.9675 ffff025f5003
0116.9831 ffff025f5003
0117.0299 ffff025f5003ff
0117.0478 ff025f5003ffff02
0117.0635 5f5003ffff025f5003
0117.0788 ffff025f5003
0117.0945 ffff025f5003
0117.1281 ffff025f5003
0117.1435 ffff025f5003
0117.1590 ffff025f5003
0117.1749 ffff025f5003
0117.1907 ffff025f5003
0117.2387 ffff025f5003ff
0117.2539 ff025f5003ffff02
0117.2697 5f5003ffff025f5003
0117.2881 ffff025f5003
0117.3020 ffff025f5003
0117.3343 ffff025f5003
0117.3503 ffff025f5003
0117.3657 ffff025f5003
0117.3837 ffff025f5003
0117.3993 ffff025f5003
0117.4477 ffff025f5003
0117.4630 ffff025f5003ffff02
0117.4782 5f5003ffff025f50
0117.4957 03ffff025f5003
0117.5111 ffff025f5003
0117.5433 ffff025f50
0117.5582 03ffff025f5003
0117.5737 ffff025f5003
0117.5916 ffff025f5003
0117.6068 ffff025f5003
0117.6548 ffff025f5003
0117.6703 ffff025f5003ffff02
0117.6856 5f5003ffff025f50
0117.7030 03ffff025f5003
0117.7187 ffff025f5003
0117.7506 ffff025f50
0117.7671 03ffff025f5003
0117.7820 ffff025f5003
0117.7999 ffff025f5003
0117.8153 ffff025f5003
0117.8626 ffff025f5003
0117.8775 ffff025f5003ffff
0117.8951 025f5003ffff025f50
0117.9104 03ffff025f5003
0117.9255 ffff025f5003
0117.9582 ffff025f50
0117.9735 03ffff025f5003
0117.9914 ffff025f5003
0118.0067 ffff025f5003
0118.0219 ffff025f5003
0118.0699 ffff025f5003
0118.0871 ffff025f5003ffff
0118.1024 025f5003ffff025f50
0118.1176 03ffff025f5003
0118.1342 ffff025f5003
0118.1668 ffff025f50
0118.1812 03ffff025f5003
0118.1989 ffff025f5003
0118.2151 ffff025f5003
0118.2300 ffff025f5003
0118.2790 ffff025f5003
0118.2935 ffff025f5003ffff
0118.3111 025f5003ffff025f
0118.3262 5003ffff025f5003
0118.3414 ffff025f5003
0118.3740 ffff025f
0118.3911 5003ffff025f5003
0118.4061 ffff025f5003
0118.4214 ffff025f5003
0118.4391 ffff025f5003
0118.4869 ffff025f5003
0118.5018 ffff025f5003ffff
0118.5171 025f5003ffff025f
0118.5351 5003ffff025f5003
0118.5505 ffff025f5003
0118.5810 ffff025f
0118.5988 5003ffff025f5003
0118.6139 ffff025f5003
0118.6292 ffff025f5003
0118.6469 ffff025f5003
0118.6930 ffff025f5003
0118.7109 ffff025f5003ff
0118.7259 ff025f5003ffff025f
0118.7415 5003ffff025f5003
0118.7592 ffff025f5003
0118.7893 ffff025f
0118.8070 5003ffff025f5003
0118.8220 ffff025f5003
0118.8373 ffff025f5003
0118.8552 ffff025f5003
0118.9033 ffff025f5003
0118.9186 ffff025f5003ff
0118.9331 ff025f5003ffff025f
0118.9507 5003ffff025f5003
0118.9649 ffff025f5003
0118.9980 ffff025f
0119.0132 5003ffff025f5003
0119.0306 ffff025f5003
0119.0460 ffff025f5003
0119.0610 ffff025f5003
0119.1089 ffff025f5003
0119.1267 ffff025f5003ff
0119.1417 ff025f5003ffff02
0119.1572 5f5003ffff025f5003
0119.1749 ffff025f5003
0119.2047 ffff02
0119.2225 5f5003ffff025f5003
0119.2378 ffff025f5003
0119.2528 ffff025f5003
0119.2707 ffff025f5003
0119.3167 ffff025f5003
0119.3343 ffff025f5003
0119.3490 ffff025f5003ff
0119.3667 ff025f5003ffff02
0119.3817 5f5003
0119.4150 ffff025f5003
0119.4303 ffff025f5003
0119.4457 ffff025f5003
0119.4607 ffff025f5003
0119.4797 ffff025f5003
0119.4936 ffff025f5003
0119.5254 ffff025f5003
0119.5408 ffff025f5003
0119.5582 ffff025f5003
0119.5730 ffff025f5003ffff02
0119.5886 5f5003
0119.6217 ffff025f5003
0119.6370 ffff025f5003
0119.6542 ffff025f5003
0119.6692 ffff025f5003
0119.6869 ffff025f5003
0119.7019 ffff025f5003
0119.7326 ffff025f5003
0119.7507 ffff025f5003
0119.7662 ffff025f5003
0119.7811 ffff025f5003ffff02
0119.7982 5f5003
0119.8285 ffff025f5003
0119.8460 ffff025f5003
0119.8618 ffff025f5003
0119.8783 ffff025f5003
0119.8937 ffff025f5003
0119.9086 ffff025f5003
0119.9418 ffff025f5003
0119.9568 ffff025f5003
0119.9741 ffff025f5003
0119.9888 ffff025f5003ffff
0120.0068 025f5003
0120.0365 ffff025f5003
0120.0540 ffff025f5003
0120.0694 ffff025f5003
0120.0862 ffff025f5003
0120.1014 ffff025f5003
0120.1165 ffff025f5003
0120.1490 ffff025f5003
0120.1665 ffff025f5003
0120.1819 ffff025f5003
0120.1969 ffff025f5003
0120.2138 ffff025f5003
0120.2459 ffff025f5003
0120.2605 ffff025f5003
0120.2783 ffff025f5003
0120.2936 ffff025f5003
0120.3089 ffff025f5003
0120.3247 ffff025f5003
0120.3583 ffff025f5003
0120.3737 ffff025f5003
0120.3885 ffff025f5003
0120.4061 ffff025f5003ffff
0120.4214 025f5003
0120.4542 ffff025f5003
0120.4698 ffff025f5003
0120.4852 ffff025f5003
0120.5000 ffff025f5003
0120.5176 ffff025f5003
0120.5330 ffff025f5003
0120.5665 ffff025f5003
0120.5815 ffff025f5003
0120.5969 ffff025f5003
0120.6129 ffff025f5003ffff
0120.6280 025f5003
0120.6609 ffff025f5003
0120.6785 ffff025f5003
0120.6937 ffff025f5003
0120.7087 ffff025f5003
0120.7239 ffff025f5003
0120.7418 ffff025f5003
0120.7745 ffff025f5003
0120.7894 ffff025f5003
0120.8045 ffff025f5003
0120.8200 ffff025f5003ff
0120.8379 ff025f5003
0120.8697 ffff025f5003
0120.8848 ffff025f5003
0120.9024 ffff025f5003
0120.9174 ffff025f5003
0120.9325 ffff025f5003
0120.9500 ffff025f5003
0120.9806 ffff025f5003
0120.9982 ffff025f5003
0121.0133 ffff025f5003
0121.0280 ffff025f5003ff
0121.0457 ff025f5003
0121.0767 ffff025f5003
0121.0921 ffff025f5003
0121.1093 ffff025f5003
0121.1246 ffff025f5003
0121.1400 ffff025f5003
0121.1575 ffff025f5003
0121.1886 ffff025f5003
0121.2057 ffff025f5003
0121.2211 ffff025f5003
0121.2375 ffff025f5003ff
0121.2526 ff025f5003
0121.2858 ffff025f5003
0121.3022 ffff025f5003
0121.3175 ffff025f5003
0121.3326 ffff025f5003
0121.3477 ffff025f5003
0121.3804 ffff025f5003
0121.3960 ffff025f5003
0121.4141 ffff025f5003
0121.4292 ffff025f5003
0121.4447 ffff025f5003
0121.4598 ffff025f5003
0121.4922 ffff025f5003
0121.5085 ffff025f5003
0121.5261 ffff025f5003
0121.5415 ffff025f5003
0121.5568 ffff025f5003
0121.5900 ffff025f5003
0121.6049 ffff025f5003
0121.6196 ffff025f5003
0121.6370 ffff025f5003
0121.6516 ffff025f5003
0121.6691 ffff025f5003
0121.7019 ffff025f5003
0121.7173 ffff025f5003
0121.7326 ffff025f5003
0121.7479 ffff025f5003
0121.7653 ffff025f5003
0121.7962 ffff025f5003
0121.8138 ffff025f5003
0121.8287 ffff025f5003
0121.8440 ffff025f5003
0121.8619 ffff025f5003
0121.8756 ffff025f5003
0121.9085 ffff025f5003
0121.9238 ffff025f5003
0121.9409 ffff025f5003
0121.9560 ffff025f5003
0121.9739 ffff025f5003
0122.0038 ffff025f5003
0122.0218 ffff025f5003
0122.0374 ffff025f5003
0122.0527 ffff025f5003
0122.0681 ffff025f5003
0122.0835 ffff025f5003
0122.1161 ffff025f5003
0122.1315 ffff025f5003
0122.1491 ffff025f5003
0122.1639 ffff025f5003
0122.1795 ffff025f5003
0122.2119 ffff025f5003
0122.2299 ffff025f5003
0122.2452 ffff025f5003
0122.2598 ffff025f5003
0122.2776 ffff025f5003
0122.2925 ffff025f5003
0122.3256 ffff025f5003
0122.3408 ffff025f5003
0122.3559 ffff025f5003
0122.3713 ffff025f5003
0122.3887 ffff025f5003
0122.4215 ffff025f5003
0122.4365 ffff025f5003
0122.4515 ffff025f5003
0122.4687 ffff025f5003
0122.4839 ffff025f5003
0122.4993 ffff025f5003
0122.5327 ffff025f5003
0122.5480 ffff025f5003
0122.5655 ffff025f5003
0122.5807 ffff025f5003
0122.5956 ffff025f5003
0122.6285 ffff025f5003
0122.6435 ffff025f5003
0122.6609 ffff025f5003
0122.6759 ffff025f5003
0122.6935 ffff025f5003
0122.7089 ffff025f5003
0122.7396 ffff025f5003
0122.7550 ffff025f5003
0122.7724 ffff025f5003
0122.7877 ffff025f5003
0122.8030 ffff025f5003
0122.8351 ffff025f5003
0122.8524 ffff025f5003
0122.8673 ffff025f5003
0122.8851 ffff025f5003
0122.9005 ffff025f5003
0122.9159 ffff025f5003
0122.9488 ffff025f5003
0122.9638 ffff025f5003
0122.9791 ffff025f5003
0122.9955 ffff025f5003
0123.0122 ffff025f5003
0123.0437 ffff025f5003
0123.0615 ffff025f5003
0123.0771 ffff025f5003
0123.0924 ffff025f5003
0123.1075 ffff025f5003
0123.1233 ffff025f5003
0123.1558 ffff025f5003
0123.1711 ffff025f5003
0123.1887 ffff025f5003
0123.2040 ffff025f5003
0123.2191 ffff025f5003
0123.2509 ffff025f5003
0123.2692 ffff025f5003
0123.2841 ffff025f5003
0123.2993 ffff025f5003
0123.3171 ffff025f5003
0123.3321 ffff025f5003
0123.3649 ffff025f5003
0123.3802 ffff025f5003
0123.3953 ffff025f5003
0123.4127 ffff025f5003
0123.4277 ffff025f5003
0123.4607 ffff025f5003
0123.4757 ffff025f5003
0123.4910 ffff025f5003
0123.5085 ffff025f5003
0123.5233 ffff025f5003
0123.5388 ffff025f5003
0123.5709 ffff025f5003
0123.5884 ffff025f5003
0123.6034 ffff025f5003
0123.6190 ffff025f5003
0123.6361 ffff025f5003
0123.6668 ffff025f5003
0123.6845 ffff025f5003
0123.6995 ffff025f5003
0123.7147 ffff025f5003
0123.7320 ffff025f5003
0123.7470 ffff025f5003
0123.7797 ffff025f5003
0123.7947 ffff025f5003
0123.8125 ffff025f5003
0123.8276 ffff025f5003
0123.8429 ffff025f5003
0123.8759 ffff025f5003
0123.8913 ffff025f5003
0123.9086 ffff025f5003
0123.9243 ffff025f5003
0123.9394 ffff025f5003
0123.9546 ffff025f5003
0123.9876 ffff025f5003
0124.0029 ffff025f5003
0124.0186 ffff025f5003
0124.0368 ffff025f5003
0124.0520 ffff025f5003
0124.0846 ffff025f5003
0124.1003 ffff025f5003
0124.1159 ffff025f5003
0124.1311 ffff025f5003
0124.1489 ffff025f5003
0124.1642 ffff025f5003
0124.1967 ffff025f5003
0124.2116 ffff025f5003
0124.2269 ffff025f5003
0124.2445 ffff025f5003
0124.2598 ffff025f5003
0124.2921 ffff025f5003
0124.3074 ffff025f5003
0124.3223 ffff025f5003
0124.3399 ffff025f5003
0124.3552 ffff025f5003
0124.3705 ffff025f5003
0124.4030 ffff025f5003
0124.4206 ffff025f5003
0124.4358 ffff025f5003
0124.4510 ffff025f5003
0124.4687 ffff025f5003
0124.4991 ffff025f5003
0124.5143 ffff025f5003
0124.5326 ffff025f5003
0124.5479 ffff025f5003
0124.5637 ffff025f5003
0124.5793 ffff025f5003
0124.6127 ffff025f5003
0124.6279 ffff025f5003
0124.6430 ffff025f5003
0124.6605 ffff025f5003
0124.6755 ffff025f5003
0124.7083 ffff025f5003
0124.7237 ffff025f5003
0124.7391 ffff025f5003
0124.7545 ffff025f5003
0124.7707 ffff025f5003
0124.7887 ffff025f5003
0124.8195 ffff025f5003
0124.8346 ffff025f5003
0124.8503 ffff025f5003
0124.8680 ffff025f5003
0124.8834 ffff025f5003
0124.9144 ffff025f5003
0124.9320 ffff025f5003
0124.9472 ffff025f5003
0124.9626 ffff025f5003
0124.9790 ffff025f5003
0124.9945 ffff025f5003
0125.0270 ffff025f5003
0125.0420 ffff025f5003
0125.0598 ffff025f5003
0125.0751 ffff025f5003
0125.0906 ffff025f5003
0125.1233 ffff025f5003
0125.1386 ffff025f5003
0125.1542 ffff025f5003
0125.1726 ffff025f5003
0125.1880 ffff025f5003
0125.2030 ffff025f5003
0125.2357 ffff025f5003
0125.2506 ffff025f5003
0125.2681 ffff025f5003
0125.2828 ffff025f5003
0125.2982 ffff025f5003
0125.3319 ffff025f5003
0125.3464 ffff025f5003
0125.3619 ffff025f5003
0125.3798 ffff025f5003
0125.3947 ffff025f5003
0125.4098 ffff025f5003
0125.4425 ffff025f5003
0125.4599 ffff025f5003
0125.4749 ffff025f5003
0125.4902 ffff025f5003
0125.5080 ffff025f5003
0125.5387 ffff025f5003
0125.5563 ffff025f5003
0125.5708 ffff025f5003
0125.5882 ffff025f5003
0125.6029 ffff025f5003
0125.6184 ffff025f5003
0125.6512 ffff025f5003
0125.6664 ffff025f5003
0125.6839 ffff025f5003
0125.6990 ffff025f5003
0125.7144 ffff025f5003
0125.7465 ffff025f5003
0125.7621 ffff025f5003
0125.7793 ffff025f5003
0125.7941 ffff025f5003
0125.8116 ffff025f5003
0125.8269 ffff025f5003
0125.8592 ffff025f5003
0125.8746 ffff025f5003
0125.8896 ffff025f5003
0125.9071 ffff025f5003
0125.9235 ffff025f5003
0125.9542 ffff025f5003
0125.9695 ffff025f5003
0125.9871 ffff025f5003
0126.0016 ffff025f5003
0126.0189 ffff025f5003
0126.0349 ffff025f5003
0126.0673 ffff025f5003
0126.0827 ffff025f5003
0126.0976 ffff025f5003
0126.1154 ffff025f5003
0126.1308 ffff025f5003
0126.1457 ffff025f5003
0126.1783 ffff025f5003
0126.1934 ffff025f5003
0126.2110 ffff025f5003
0126.2264 ffff025f5003
0126.2418 ffff025f5003
0126.2751 ffff025f5003
0126.2905 ffff025f5003
0126.3054 ffff025f5003
0126.3229 ffff025f5003
0126.3377 ffff025f5003
0126.3558 ffff025f5003
0126.3861 ffff025f5003
0126.4014 ffff025f5003
0126.4190 ffff025f5003
0126.4336 ffff025f5003
0126.4508 ffff025f5003
0126.4830 ffff025f5003
0126.4983 ffff025f5003
0126.5135 ffff025f5003
0126.5312 ffff025f5003
0126.5467 ffff025f5003
0126.5620 ffff025f5003
0126.5954 ffff025f5003
0126.6109 ffff025f5003
0126.6265 ffff025f5003
0126.6419 ffff025f5003
0126.6574 ffff025f5003
0126.6909 ffff025f5003
0126.7066 ffff025f5003
0126.7223 ffff025f5003
0126.7376 ffff025f5003
0126.7559 ffff025f5003
0126.7713 ffff025f5003
0126.8034 ffff025f5003
0126.8179 ffff025f5003
0126.8355 ffff025f5003
0126.8507 ffff025f5003
0126.8660 ffff025f5003
0126.8987 ffff025f5003
0126.9141 ffff025f5003
0126.9293 ffff025f5003
0126.9470 ffff025f5003
0126.9620 ffff025f5003
0126.9775 ffff025f5003
0127.0105 ffff025f5003
0127.0261 ffff025f5003
0127.0410 ffff025f5003
0127.0585 ffff025f5003
0127.0735 ffff025f5003
0127.1060 ffff025f5003
0127.1210 ffff025f5003
0127.1390 ffff025f5003
0127.1542 ffff025f5003
0127.1693 ffff025f5003
0127.1867 ffff025f5003
0127.2174 ffff025f5003
0127.2330 ffff025f5003
0127.2510 ffff025f5003
0127.2658 ffff025f5003
0127.2812 ffff025f5003
0127.3131 ffff025f
0127.3309 5003ffff025f5003
0127.3461 ffff025f5003
0127.3614 ffff025f5003
0127.3793 ffff025f5003
0127.4088 ffff025f
0127.4267 5003ffff025f5003
0127.4417 ffff025f5003
0127.4588 ffff025f5003
0127.4738 ffff025f5003
0127.4909 ffff025f5003
0127.5209 ffff025f5003
0127.5385 ffff025f5003
0127.5538 ffff025f5003
0127.5711 ffff025f5003
0127.5864 ffff025f5003
0127.6192 ffff025f
0127.6346 5003ffff025f5003
0127.6497 ffff025f5003
0127.6650 ffff025f5003
0127.6822 ffff025f5003
0127.6971 ffff025f5003
0127.7300 ffff025f5003
0127.7448 ffff025f5003
0127.7610 ffff025f5003
0127.7790 ffff025f5003
0127.7943 ffff025f5003
0127.8248 ffff025f
0127.8426 5003ffff025f5003
0127.8577 ffff025f5003
0127.8727 ffff025f5003
0127.8903 ffff025f5003
0127.9057 ffff025f5003
0127.9389 ffff025f5003
0127.9541 ffff025f5003
0127.9694 ffff025f5003
0127.9867 ffff025f5003
0128.0020 ffff025f5003
0128.0349 ffff02
0128.0502 5f5003ffff025f5003
0128.0669 ffff025f5003
0128.0824 ffff025f5003
0128.0978 ffff025f5003
0128.1128 ffff025f5003
0128.1457 ffff025f5003
0128.1610 ffff025f5003
0128.1779 ffff025f5003
0128.1932 ffff025f5003
0128.2085 ffff025f5003
0128.2408 ffff02
0128.2582 5f5003ffff025f5003
0128.2728 ffff025f5003
0128.2920 ffff025f5003
0128.3069 ffff025f5003
0128.3216 ffff025f5003
0128.3547 ffff025f5003
0128.3699 ffff025f5003
0128.3852 ffff025f5003
0128.4004 ffff025f5003
0128.4182 ffff025f5003
0128.4508 ffff02
0128.4660 5f5003ffff025f50
0128.4811 03ffff025f5003
0128.4983 ffff025f5003
0128.5134 ffff025f5003
0128.5286 ffff025f5003
0128.5613 ffff025f5003
0128.5789 ffff025f5003
0128.5938 ffff025f5003
0128.6093 ffff025f5003
0128.6267 ffff025f5003
0128.6566 ffff02
0128.6745 5f5003ffff025f50
0128.6896 03ffff025f5003
0128.7057 ffff025f5003
0128.7208 ffff025f5003
0128.7385 ffff025f5003
0128.7685 ffff025f5003
0128.7862 ffff025f5003
0128.8014 ffff025f5003
0128.8163 ffff025f5003
0128.8339 ffff025f5003
0128.8642 ffff02
0128.8820 5f5003ffff025f50
0128.8972 03ffff025f5003
0128.9124 ffff025f5003
0128.9301 ffff025f5003
0128.9452 ffff025f5003
0128.9782 ffff025f5003
0128.9937 ffff025f5003
0129.0087 ffff025f5003
0129.0271 ffff025f5003
0129.0423 ffff025f5003
0129.0730 ffff
0129.0886 025f5003ffff025f50
0129.1062 03ffff025f5003
0129.1212 ffff025f5003
0129.1367 ffff025f5003
0129.1544 ffff025f5003
0129.1849 ffff025f5003
0129.2002 ffff025f5003
0129.2166 ffff025f5003
0129.2342 ffff025f5003
0129.2489 ffff025f5003
0129.2818 ffff
0129.2971 025f5003ffff025f50
0129.3121 03ffff025f5003
0129.3296 ffff025f5003
0129.3449 ffff025f5003
0129.3618 ffff025f5003
0129.3920 ffff025f5003
0129.4100 ffff025f5003
0129.4253 ffff025f5003
0129.4405 ffff025f5003
0129.4560 ffff025f5003
0129.4892 ffff
0129.5045 025f5003ffff025f
0129.5218 5003ffff025f5003
0129.5372 ffff025f5003
0129.5525 ffff025f5003
0129.5679 ffff025f5003
0129.6009 ffff025f5003
0129.6163 ffff025f5003
0129.6332 ffff025f5003
0129.6487 ffff025f5003
0129.6639 ffff025f5003
0129.6972 ff
0129.7125 ff025f5003ffff025f
0129.7282 5003ffff025f5003
0129.7462 ffff025f5003
0129.7615 ffff025f5003
0129.7768 ffff025f5003
0129.8093 ffff025f5003
0129.8248 ffff025f5003
0129.8420 ffff025f5003
0129.8570 ffff025f5003
0129.8724 ffff025f5003
0129.9050 ff
0129.9205 ff025f5003ffff025f
0129.9361 5003ffff025f5003
0129.9540 ffff025f5003
0129.9690 ffff025f5003
0129.9843 ffff025f5003
0130.0167 ffff025f5003
0130.0318 ffff025f5003
0130.0496 ffff025f5003
0130.0649 ffff025f5003
0130.0808 ffff025f5003
0130.1134 ff
0130.1296 ff025f5003ffff025f
0130.1446 5003ffff025f5003
0130.1619 ffff025f5003
0130.1770 ffff025f5003
0130.2257 ffff025f5003
0130.2414 ffff025f5003
0130.2569 ffff025f5003
0130.2724 ffff025f5003ff
0130.2876 ff025f5003ffff02
0130.3052 5f5003
0130.3361 ffff025f5003ff
0130.3517 ff025f5003ffff02
0130.3695 5f5003ffff025f5003
0130.3845 ffff025f5003
0130.4323 ffff025f5003
0130.4489 ffff025f5003
0130.4640 ffff025f5003
0130.4820 ffff025f5003
0130.4974 ffff025f5003ffff02
0130.5123 5f5003
0130.5461 ffff025f5003
0130.5609 ffff025f5003ffff02
0130.5776 5f5003ffff025f5003
0130.5929 ffff025f5003
0130.6406 ffff025f5003
0130.6566 ffff025f5003
0130.6719 ffff025f5003
0130.6874 ffff025f5003
0130.7051 ffff025f5003ffff02
0130.7201 5f5003
0130.7532 ffff025f5003
0130.7686 ffff025f5003ffff02
0130.7847 5f5003ffff025f50
0130.7995 03ffff025f5003
0130.8484 ffff025f5003
0130.8662 ffff025f5003
0130.8819 ffff025f5003
0130.8966 ffff025f5003
0130.9116 ffff025f5003ffff02
0130.9316 5f5003
0130.9597 ffff025f5003
0130.9776 ffff025f5003ffff02
0130.9931 5f5003ffff025f50
0131.0079 03ffff025f5003
0131.0562 ffff025f5003
0131.0714 ffff025f5003
0131.0890 ffff025f5003
0131.1039 ffff025f5003
0131.1217 ffff025f5003
0131.1515 ffff025f5003
0131.1694 ffff025f5003
0131.1841 ffff025f5003
0131.2012 ffff025f5003
0131.2165 ffff025f5003
0131.2471 ffff025f5003
0131.2646 ffff025f5003
0131.2801 ffff025f5003
0131.2951 ffff025f5003
0131.3129 ffff025f5003
0131.3280 ffff025f5003
0131.3613 ffff
0131.3759 025f5003ffff025f50
0131.3929 03ffff025f5003
0131.4080 ffff025f5003
0131.4231 ffff025f5003
0131.4565 ffff025f5003
0131.4714 ffff025f5003
0131.4885 ffff025f5003
0131.5031 ffff025f5003
0131.5205 ffff025f5003
0131.5358 ffff025f5003
0131.5686 ffff025f5003
0131.5838 ffff025f5003
0131.6015 ffff025f5003
0131.6169 ffff025f5003
0131.6323 ffff025f5003
0131.6632 ffff025f5003
0131.6808 ffff025f5003
0131.6960 ffff025f5003
0131.7116 ffff025f5003
0131.7271 ffff025f5003
0131.7447 ffff025f5003
0131.7752 ffff025f5003
0131.7929 ffff025f5003
0131.8079 ffff025f5003
0131.8229 ffff025f5003
0131.8405 ffff025f5003
0131.8709 ffff025f5003
0131.8885 ffff025f5003
0131.9036 ffff025f5003
0131.9213 ffff025f5003
0131.9362 ffff025f5003
0131.9515 ffff025f5003
0131.9846 ffff025f5003
0131.9998 ffff025f5003
0132.0150 ffff025f5003
0132.0327 ffff025f5003
0132.0479 ffff025f5003
0132.0796 ffff025f5003
0132.0966 ffff025f5003
0132.1118 ffff025f5003
0132.1287 ffff025f5003
0132.1439 ffff025f5003
0132.1610 ffff025f5003
0132.1928 ffff025f5003
0132.2074 ffff025f5003
0132.2250 ffff025f5003
0132.2400 ffff025f5003
0132.2554 ffff025f5003
0132.2881 ffff025f
0132.3032 5003ffff025f5003
0132.3207 ffff025f5003
0132.3361 ffff025f5003
0132.3511 ffff025f5003
0132.3990 ffff025f5003
0132.4165 ffff025f5003ff
0132.4319 ff025f5003ffff025f
0132.4466 5003ffff025f5003
0132.4639 ffff025f5003
0132.4966 ffff02
0132.5125 5f5003ffff025f5003
0132.5284 ffff025f5003
0132.5433 ffff025f5003
0132.5607 ffff025f5003
0132.6071 ffff025f5003
0132.6247 ffff025f5003ff
0132.6389 ff025f5003ffff02
0132.6569 5f5003ffff025f5003
0132.6722 ffff025f5003
0132.7044 ffff02
0132.7190 5f5003ffff025f5003
0132.7344 ffff025f5003
0132.7522 ffff025f5003
0132.7673 ffff025f5003
0132.8152 ffff025f5003
0132.8305 ffff025f5003
0132.8479 ffff025f5003ffff02
0132.8626 5f5003ffff025f5003
0132.8805 ffff025f5003
0132.9109 ffff02
0132.9289 5f5003ffff025f50
0132.9435 03ffff025f5003
0132.9587 ffff025f5003
0132.9768 ffff025f5003
0133.0247 ffff025f5003
0133.0393 ffff025f5003
0133.0546 ffff025f5003ffff02
0133.0720 5f5003ffff025f50
0133.0873 03ffff025f5003
0133.1201 ffff02
0133.1351 5f5003ffff025f50
0133.1528 03ffff025f5003
0133.1682 ffff025f5003
0133.1833 ffff025f5003
0133.2310 ffff025f5003
0133.2465 ffff025f5003
0133.2642 ffff025f5003ffff
0133.2790 025f5003ffff025f50
0133.2943 03ffff025f5003
0133.3269 ffff
0133.3424 025f5003ffff025f50
0133.3598 03ffff025f5003
0133.3748 ffff025f5003
0133.3926 ffff025f5003
0133.4402 ffff025f5003
0133.4555 ffff025f5003
0133.4707 ffff025f5003ffff
0133.4884 025f5003ffff025f50
0133.5036 03ffff025f5003
0133.5348 ffff
0133.5521 025f5003ffff025f50
0133.5670 03ffff025f5003
0133.5842 ffff025f5003
0133.5991 ffff025f5003
0133.6461 ffff025f5003
0133.6640 ffff025f5003
0133.6792 ffff025f5003ffff
0133.6943 025f5003ffff025f50
0133.7122 03ffff025f5003
0133.7443 ffff
0133.7592 025f5003ffff025f
0133.7745 5003ffff025f5003
0133.7922 ffff025f5003
0133.8087 ffff025f5003
0133.8541 ffff025f5003
0133.8700 ffff025f5003
0133.8880 ffff025f5003ffff
0133.9033 025f5003ffff025f
0133.9186 5003ffff025f5003
0133.9522 ffff
0133.9670 025f5003ffff025f
0133.9826 5003ffff025f5003
0133.9981 ffff025f5003
0134.0139 ffff025f5003
0134.0635 ffff025f5003
0134.0800 ffff025f5003
0134.0947 ffff025f5003ff
0134.1123 ff025f5003ffff025f
0134.1276 5003ffff025f5003
0134.1747 ffff025f5003
0134.1903 ffff025f5003ff
0134.2075 ff025f5003ffff025f
0134.2230 5003ffff025f5003
0134.2697 ffff025f5003
0134.2870 ffff025f5003
0134.3024 ffff025f5003ff
0134.3193 ff025f5003ffff025f
0134.3345 5003ffff025f5003
0134.3841 ffff025f5003ff
0134.3994 ff025f5003ffff025f
0134.4150 5003ffff025f5003
0134.4304 ffff025f5003
0134.4792 ffff025f5003
0134.4943 ffff025f5003
0134.5120 ffff025f5003ff
0134.5274 ff025f5003ffff025f
0134.5429 5003ffff025f5003
0134.5753 ff
0134.5903 ff025f5003ffff025f
0134.6079 5003ffff025f5003
0134.6231 ffff025f5003
0134.6384 ffff025f5003
0134.6865 ffff025f5003
0134.7037 ffff025f5003
0134.7186 ffff025f5003ff
0134.7346 ff025f5003ffff02
0134.7495 5f5003ffff025f5003
0134.7819 ff
0134.7995 ff025f5003ffff02
0134.8149 5f5003ffff025f5003
0134.8302 ffff025f5003
0134.8457 ffff025f5003
0134.8954 ffff025f5003
0134.9101 ffff025f5003
0134.9255 ffff025f5003
0134.9433 ffff025f5003ffff02
0134.9586 5f5003ffff025f5003
0135.0059 ffff025f5003ffff02
0135.0233 5f5003ffff025f5003
0135.0386 ffff025f5003
0135.0542 ffff025f5003
0135.1019 ffff025f5003
0135.1189 ffff025f5003
0135.1334 ffff025f5003
0135.1516 ffff025f5003ffff02
0135.1669 5f5003ffff025f50
0135.1820 03
0135.2143 ffff025f5003ffff02
0135.2294 5f5003ffff025f50
0135.2470 03ffff025f5003
0135.2623 ffff025f5003
0135.3102 ffff025f5003
0135.3253 ffff025f5003
0135.3434 ffff025f5003
0135.3581 ffff025f5003ffff02
0135.3757 5f5003ffff025f50
0135.3898 03
0135.4221 ffff025f5003
0135.4375 ffff025f5003ffff02
0135.4551 5f5003ffff025f50
0135.4700 03ffff025f5003
0135.5177 ffff025f5003
0135.5332 ffff025f5003
0135.5507 ffff025f5003
0135.5658 ffff025f5003ffff
0135.5817 025f5003ffff025f50
0135.5978 03
0135.6306 ffff025f5003ffff
0135.6458 025f5003ffff025f50
0135.6633 03ffff025f5003
0135.6787 ffff025f5003
0135.7267 ffff025f5003
0135.7413 ffff025f5003
0135.7588 ffff025f5003
0135.7741 ffff025f5003ffff
0135.7903 025f5003ffff025f50
0135.8057 03
0135.8394 ffff025f5003ffff
0135.8547 025f5003ffff025f50
0135.8699 03ffff025f5003
0135.8850 ffff025f5003
0135.9350 ffff025f5003
0135.9503 ffff025f5003
0135.9651 ffff025f5003
0135.9829 ffff025f5003ffff
0135.9981 025f5003ffff025f
0136.0134 5003
0136.0458 ffff025f5003ffff
0136.0609 025f5003ffff025f
0136.0777 5003ffff025f5003
0136.0948 ffff025f5003
0136.1421 ffff025f5003
0136.1570 ffff025f5003
0136.1741 ffff025f5003
0136.1892 ffff025f5003
0136.2060 ffff025f5003
0136.2393 ffff025f5003
0136.2547 ffff025f5003
0136.2690 ffff025f5003
0136.2867 ffff025f5003
0136.3017 ffff025f5003
0136.3174 ffff025f5003
0136.3496 ffff025f5003
0136.3651 ffff025f5003
0136.3825 ffff025f5003
0136.3980 ffff025f5003
0136.4127 ffff025f5003
0136.4454 ffff025f5003
0136.4632 ffff025f5003
0136.4780 ffff025f5003
0136.4930 ffff025f5003
0136.5111 ffff025f5003
0136.5255 ffff025f5003
0136.5586 ffff025f5003
0136.5739 ffff025f5003
0136.5892 ffff025f5003
0136.6064 ffff025f5003
0136.6212 ffff025f5003
0136.6388 ffff025f5003
0136.6686 ffff025f5003
0136.6862 ffff025f5003
0136.7013 ffff025f5003ff
0136.7189 ff025f5003ffff025f
0136.7341 5003ffff025f5003
0136.7662 ff
0136.7816 ff025f5003ffff02
0136.7966 5f5003ffff025f5003
0136.8139 ffff025f5003
0136.8290 ffff025f5003
0136.8466 ffff025f5003
0136.8785 ffff025f5003
0136.8935 ffff025f5003
0136.9088 ffff025f5003
0136.9263 ffff025f5003
0136.9413 ffff025f5003
0136.9732 ff
0136.9907 ff025f5003ffff02
0137.0056 5f5003ffff025f5003
0137.0205 ffff025f5003
0137.0383 ffff025f5003
0137.0535 ffff025f5003
0137.0862 ffff025f5003
0137.1009 ffff025f5003
0137.1184 ffff025f5003
0137.1334 ffff025f5003
0137.1509 ffff025f5003
0137.1659 ffff025f5003
0137.1978 ffff025f5003
0137.2128 ffff025f5003
0137.2301 ffff025f5003
0137.2454 ffff025f5003
0137.2608 ffff025f5003
0137.2930 ffff025f5003
0137.3103 ffff025f5003
0137.3254 ffff025f5003
0137.3407 ffff025f5003
0137.3582 ffff025f5003
0137.3729 ffff025f5003
0137.4055 ffff025f50
0137.4209 03ffff025f5003
0137.4380 ffff025f5003
0137.4531 ffff025f5003
0137.4688 ffff025f5003
0137.5012 ffff025f5003
0137.5166 ffff025f5003
0137.5341 ffff025f5003
0137.5507 ffff025f5003
0137.5652 ffff025f5003
0137.5825 ffff025f5003
0137.6132 ffff025f5003
0137.6281 ffff025f5003
0137.6457 ffff025f5003
0137.6608 ffff025f5003
0137.6785 ffff025f5003
0137.7088 ffff025f5003
0137.7263 ffff025f5003
0137.7407 ffff025f5003
0137.7577 ffff025f5003
0137.7722 ffff025f5003
0137.7898 ffff025f5003
0137.8201 ffff025f5003
0137.8379 ffff025f5003
0137.8531 ffff025f5003
0137.8684 ffff025f5003
0137.8861 ffff025f5003
0137.9160 ffff025f5003
0137.9334 ffff025f5003
0137.9497 ffff025f5003
0137.9650 ffff025f5003
0137.9803 ffff025f5003
0137.9978 ffff025f5003
0138.0282 ffff025f5003
0138.0455 ffff025f5003
0138.0604 ffff025f5003
0138.0782 ffff025f5003
0138.0932 ffff025f5003
0138.1260 ffff025f5003
0138.1412 ffff025f5003
0138.1582 ffff025f5003
0138.1734 ffff025f5003
0138.1889 ffff025f5003
0138.2039 ffff025f5003
0138.2363 ffff025f5003
0138.2533 ffff025f5003
0138.2684 ffff025f5003
0138.2858 ffff025f5003
0138.3007 ffff025f5003
0138.3179 ffff025f5003
0138.3502 ffff025f5003
0138.3656 ffff025f5003
0138.3801 ffff025f5003
0138.3977 ffff025f5003
0138.4126 ffff025f5003
0138.4450 ffff025f5003
0138.4604 ffff025f5003
0138.4779 ffff025f5003
0138.4929 ffff025f5003
0138.5084 ffff025f5003
0138.5238 ffff025f5003
0138.5565 ffff025f5003
0138.5720 ffff025f5003
0138.5891 ffff025f5003
0138.6044 ffff025f5003
0138.6210 ffff025f5003
0138.6540 ffff025f5003
0138.6691 ffff025f5003
0138.6843 ffff025f5003
0138.7017 ffff025f5003
0138.7166 ffff025f5003
0138.7341 ffff025f5003
0138.7647 ffff025f5003
0138.7800 ffff025f5003
0138.7978 ffff025f5003
0138.8122 ffff025f5003
0138.8295 ffff025f5003
0138.8621 ffff025f5003
0138.8769 ffff025f5003
0138.8920 ffff025f5003
0138.9096 ffff025f5003
0138.9246 ffff025f5003
0138.9399 ffff025f5003
0138.9726 ffff025f5003
0138.9884 ffff025f5003
0139.0038 ffff025f5003
0139.0217 ffff025f5003
0139.0368 ffff025f5003
0139.0699 ffff025f5003
0139.0854 ffff025f5003
0139.1006 ffff025f5003
0139.1156 ffff025f5003
0139.1331 ffff025f5003
0139.1483 ffff025f5003
0139.1817 ffff025f5003
0139.1968 ffff025f5003
0139.2122 ffff025f5003
0139.2279 ffff025f5003
0139.2458 ffff025f5003
0139.2614 ffff025f5003
0139.2919 ffff025f5003
0139.3098 ffff025f5003
0139.3236 ffff025f5003
0139.3413 ffff025f5003
0139.3565 ffff025f5003
0139.3719 ffff025f5003
0139.4056 ffff025f5003
0139.4209 ffff025f5003
0139.4355 ffff025f5003
0139.4538 ffff025f5003
0139.4690 ffff025f5003ffff02
0139.4843 5f5003
0139.5172 ffff025f5003
0139.5331 ffff025f5003ffff02
0139.5488 5f5003ffff025f5003
0139.5645 ffff025f5003
0139.6126 ffff025f5003
0139.6299 ffff025f5003
0139.6449 ffff025f5003
0139.6602 ffff025f5003
0139.6755 ffff025f5003ffff02
0139.6927 5f5003
0139.7254 ffff025f5003
0139.7406 ffff025f5003ffff02
0139.7561 5f5003ffff025f50
0139.7712 03ffff025f5003
0139.7886 ffff025f5003
0139.8192 ffff025f50
0139.8367 03ffff025f5003
0139.8514 ffff025f5003
0139.8689 ffff025f5003
0139.8840 ffff025f5003
0139.9016 ffff025f5003
0139.9319 ffff025f5003
0139.9495 ffff025f5003
0139.9648 ffff025f5003
0139.9800 ffff025f5003
0139.9951 ffff025f5003
0140.0125 ffff025f5003
0140.0430 ffff025f5003
0140.0605 ffff025f5003
0140.0759 ffff025f5003
0140.0911 ffff025f5003
0140.1089 ffff025f5003
0140.1241 ffff025f5003
0140.1563 ffff025f5003
0140.1712 ffff025f5003
0140.1891 ffff025f5003
0140.2042 ffff025f5003
0140.2195 ffff025f5003
0140.2519 ffff025f5003
0140.2670 ffff025f5003
0140.2850 ffff025f5003
0140.3003 ffff025f5003
0140.3154 ffff025f5003
0140.3331 ffff025f5003
0140.3635 ffff025f5003
0140.3788 ffff025f5003
0140.3969 ffff025f5003
0140.4118 ffff025f5003
0140.4272 ffff025f5003
0140.4451 ffff025f5003
0140.4757 ffff025f5003
0140.4912 ffff025f5003
0140.5085 ffff025f5003
0140.5234 ffff025f5003ffff
0140.5412 025f5003ffff025f
0140.5565 5003
0140.5892 ffff025f5003ffff
0140.6043 025f5003ffff025f
0140.6193 5003ffff025f5003
0140.6372 ffff025f5003
0140.6525 ffff025f5003
0140.6829 ffff025f5003
0140.7008 ffff025f5003
0140.7156 ffff025f5003
0140.7321 ffff025f5003
0140.7474 ffff025f5003
0140.7628 ffff025f5003
0140.7956 ffff025f5003
0140.8132 ffff025f5003
0140.8285 ffff025f5003
0140.8437 ffff025f5003
0140.8587 ffff025f5003
0140.8764 ffff025f5003
0140.9071 ffff025f5003
0140.9253 ffff025f5003
0140.9403 ffff025f5003
0140.9556 ffff025f5003
0140.9708 ffff025f5003
0140.9880 ffff025f5003
0141.0210 ffff025f5003
0141.0364 ffff025f5003
0141.0515 ffff025f5003
0141.0667 ffff025f5003
0141.0845 ffff025f5003ff
0141.0996 ff025f5003
0141.1323 ffff025f5003
0141.1472 ffff025f5003ff
0141.1651 ff025f5003ffff025f
0141.1806 5003ffff025f5003
0141.1955 ffff025f5003
0141.2265 ffff025f
0141.2450 5003ffff025f5003
0141.2602 ffff025f5003
0141.2750 ffff025f5003
0141.2924 ffff025f5003
0141.3076 ffff025f5003
0141.3386 ffff025f5003
0141.3561 ffff025f5003
0141.3710 ffff025f5003
0141.3865 ffff025f5003
0141.4037 ffff025f5003
0141.4189 ffff025f5003
0141.4514 ffff025f5003
0141.4668 ffff025f5003
0141.4843 ffff025f5003
0141.4994 ffff025f5003
0141.5146 ffff025f5003
0141.5488 ffff025f5003
0141.5635 ffff025f5003
0141.5786 ffff025f5003
0141.5959 ffff025f5003
0141.6114 ffff025f5003
0141.6266 ffff025f5003
0141.6595 ffff025f5003
0141.6751 ffff025f5003
0141.6904 ffff025f5003
0141.7080 ffff025f5003
0141.7231 ffff025f5003
0141.7385 ffff025f5003
0141.7725 ffff025f5003
0141.7872 ffff025f5003
0141.8025 ffff025f5003
0141.8204 ffff025f5003
0141.8353 ffff025f5003
0141.8526 ffff025f5003
0141.8826 ffff025f5003
0141.9006 ffff025f5003
0141.9156 ffff025f5003
0141.9309 ffff025f5003
0141.9485 ffff025f5003ffff02
0141.9636 5f5003
0141.9942 ffff025f5003
0142.0117 ffff025f5003ffff02
0142.0270 5f5003ffff025f50
0142.0446 03ffff025f5003
0142.0598 ffff025f5003
0142.0904 ffff025f50
0142.1076 03ffff025f5003
0142.1226 ffff025f5003
0142.1397 ffff025f5003
0142.1549 ffff025f5003
0142.1701 ffff025f5003
0142.2026 ffff025f5003
0142.2203 ffff025f5003
0142.2354 ffff025f5003
0142.2507 ffff025f5003
0142.2684 ffff025f5003
0142.2838 ffff025f5003
0142.3153 ffff025f5003
0142.3303 ffff025f5003
0142.3482 ffff025f5003
0142.3629 ffff025f5003
0142.3780 ffff025f5003
0142.3955 ffff025f5003
0142.4282 ffff025f5003
0142.4435 ffff025f5003
0142.4589 ffff025f5003
0142.4743 ffff025f5003
0142.4922 ffff025f5003
0142.5074 ffff025f5003
0142.5400 ffff025f5003
0142.5549 ffff025f5003
0142.5706 ffff025f5003ffff
0142.5864 025f5003ffff025f50
0142.6040 03ffff025f5003
0142.6346 ffff
0142.6499 025f5003ffff025f50
0142.6677 03ffff025f5003
0142.6830 ffff025f5003
0142.6979 ffff025f5003
0142.7161 ffff025f5003
0142.7484 ffff025f5003
0142.7635 ffff025f5003
0142.7781 ffff025f5003
0142.7955 ffff025f5003
0142.8108 ffff025f5003
0142.8261 ffff025f5003
0142.8598 ffff025f5003
0142.8751 ffff025f5003
0142.8906 ffff025f5003
0142.9060 ffff025f5003
0142.9236 ffff025f5003
0142.9389 ffff025f5003
0142.9718 ffff025f5003
0142.9872 ffff025f5003
0143.0022 ffff025f5003
0143.0181 ffff025f5003
0143.0347 ffff025f5003
0143.0499 ffff025f5003
0143.0826 ffff025f5003
0143.0997 ffff025f5003
0143.1139 ffff025f5003
0143.1313 ffff025f5003ff
0143.1480 ff025f5003ffff025f
0143.1627 5003
0143.1954 ffff025f5003ff
0143.2103 ff025f5003ffff025f
0143.2278 5003ffff025f5003
0143.2430 ffff025f5003
0143.2581 ffff025f5003
0143.2910 ffff025f5003
0143.3062 ffff025f5003
0143.3239 ffff025f5003
0143.3390 ffff025f5003
0143.3543 ffff025f5003
0143.3720 ffff025f5003
0143.4024 ffff025f5003
0143.4200 ffff025f5003
0143.4352 ffff025f5003
0143.4504 ffff025f5003
0143.4678 ffff025f5003
0143.4829 ffff025f5003
0143.5161 ffff025f5003
0143.5325 ffff025f5003
0143.5474 ffff025f5003
0143.5626 ffff025f5003
0143.5779 ffff025f5003
0143.5952 ffff025f5003
0143.6268 ffff025f5003
0143.6418 ffff025f5003
0143.6575 ffff025f5003
0143.6745 ffff025f5003
0143.6899 ffff025f5003ff
0143.7079 ff025f5003
0143.7389 ffff025f5003
0143.7551 ffff025f5003ff
0143.7699 ff025f5003ffff02
0143.7875 5f5003ffff025f5003
0143.8031 ffff025f5003
0143.8336 ffff02
0143.8508 5f5003ffff025f5003
0143.8672 ffff025f5003
0143.8827 ffff025f5003
0143.8978 ffff025f5003
0143.9155 ffff025f5003
0143.9476 ffff025f5003
0143.9634 ffff025f5003
0143.9784 ffff025f5003
0143.9938 ffff025f5003
0144.0116 ffff025f5003
0144.0270 ffff025f5003
0144.0598 ffff025f5003
0144.0752 ffff025f5003
0144.0904 ffff025f5003
0144.1055 ffff025f5003
0144.1236 ffff025f5003
0144.1386 ffff025f5003
0144.1693 ffff025f5003
0144.1873 ffff025f5003
0144.2014 ffff025f5003
0144.2190 ffff025f5003
0144.2335 ffff025f5003
0144.2660 ffff025f5003
0144.2836 ffff025f5003
0144.2985 ffff025f5003
0144.3135 ffff025f5003
0144.3313 ffff025f5003
0144.3464 ffff025f5003
0144.3792 ffff025f5003
0144.3943 ffff025f5003
0144.4097 ffff025f5003
0144.4251 ffff025f5003
0144.4426 ffff025f5003
0144.4580 ffff025f5003
0144.4910 ffff025f5003
0144.5063 ffff025f5003
0144.5211 ffff025f5003
0144.5370 ffff025f5003ffff
0144.5548 025f5003ffff025f50
0144.5695 03
0144.6028 ffff025f5003ffff
0144.6179 025f5003ffff025f50
0144.6330 03ffff025f5003
0144.6510 ffff025f5003
0144.6666 ffff025f5003
0144.6975 ffff025f5003
0144.7130 ffff025f5003
0144.7304 ffff025f5003
0144.7457 ffff025f5003
0144.7611 ffff025f5003
0144.7788 ffff025f5003
0144.8109 ffff025f5003
0144.8260 ffff025f5003
0144.8432 ffff025f5003
0144.8585 ffff025f5003
0144.8738 ffff025f5003
0144.8894 ffff025f5003
0144.9218 ffff025f5003
0144.9393 ffff025f5003
0144.9541 ffff025f5003
0144.9695 ffff025f5003
0144.9851 ffff025f5003
0145.0027 ffff025f5003
0145.0330 ffff025f5003
0145.0504 ffff025f5003
0145.0649 ffff025f5003
0145.0824 ffff025f5003
0145.0978 ffff025f5003ffff
0145.1131 025f5003
0145.1459 ffff025f5003
0145.1613 ffff025f5003ffff
0145.1791 025f5003ffff025f
0145.1944 5003ffff025f5003
0145.2098 ffff025f5003
0145.2429 ffff025f
0145.2572 5003ffff025f5003
0145.2727 ffff025f5003
0145.2908 ffff025f5003
0145.3060 ffff025f5003
0145.3209 ffff025f5003
0145.3537 ffff025f5003
0145.3686 ffff025f5003
0145.3862 ffff025f5003
0145.4013 ffff025f5003
0145.4166 ffff025f5003
0145.4345 ffff025f5003
0145.4655 ffff025f5003
0145.4811 ffff025f5003
0145.4967 ffff025f5003
0145.5143 ffff025f5003
0145.5294 ffff025f5003
0145.5447 ffff025f5003
0145.5780 ffff025f5003
0145.5932 ffff025f5003
0145.6109 ffff025f5003
0145.6258 ffff025f5003
0145.6429 ffff025f5003
0145.6579 ffff025f5003
0145.6885 ffff025f5003
0145.7057 ffff025f5003
0145.7205 ffff025f5003ff
0145.7373 ff025f5003ffff02
0145.7530 5f5003ffff025f5003
0145.7855 ff
0145.8008 ff025f5003ffff02
0145.8184 5f5003ffff025f5003
0145.8336 ffff025f5003
0145.8487 ffff025f5003
0145.8664 ffff025f5003
0145.8969 ffff025f5003
0145.9145 ffff025f5003
0145.9297 ffff025f5003
0145.9446 ffff025f5003
0145.9621 ffff025f5003
0145.9770 ffff025f5003
0146.0095 ffff025f5003
0146.0251 ffff025f5003
0146.0427 ffff025f5003
0146.0581 ffff025f5003
0146.0742 ffff025f5003
0146.0895 ffff025f5003
0146.1223 ffff025f5003
0146.1377 ffff025f5003
0146.1533 ffff025f5003
0146.1697 ffff025f5003
0146.1854 ffff025f5003
0146.2181 ffff025f5003
0146.2337 ffff025f5003
0146.2491 ffff025f5003
0146.2643 ffff025f5003
0146.2821 ffff025f5003
0146.2974 ffff025f5003
0146.3305 ffff025f5003
0146.3455 ffff025f5003
0146.3608 ffff025f5003
0146.3777 ffff025f5003
0146.3922 ffff025f5003
0146.4099 ffff025f5003
0146.4414 ffff025f5003
0146.4563 ffff025f5003
0146.4739 ffff025f5003
0146.4890 ffff025f5003
0146.5063 ffff025f5003ffff02
0146.5215 5f5003
0146.5544 ffff025f5003
0146.5696 ffff025f5003ffff02
0146.5848 5f5003ffff025f50
0146.6024 03ffff025f5003
0146.6176 ffff025f5003
0146.6498 ffff025f50
0146.6650 03ffff025f5003
0146.6802 ffff025f5003
0146.6980 ffff025f5003
0146.7132 ffff025f5003
0146.7284 ffff025f5003
0146.7613 ffff025f5003
0146.7765 ffff025f5003
0146.7941 ffff025f5003
0146.8093 ffff025f5003
0146.8246 ffff025f5003
0146.8424 ffff025f5003
0146.8722 ffff025f5003
0146.8891 ffff025f5003
0146.9062 ffff025f5003
0146.9212 ffff025f5003
0146.9365 ffff025f5003
0146.9520 ffff025f5003
0146.9848 ffff025f5003
0147.0022 ffff025f5003
0147.0171 ffff025f5003
0147.0322 ffff025f5003
0147.0509 ffff025f5003
0147.0660 ffff025f5003
0147.0964 ffff025f5003
0147.1118 ffff025f5003
0147.1296 ffff025f5003ffff
0147.1456 025f5003ffff025f
0147.1603 5003ffff025f5003
0147.1929 ffff
0147.2082 025f5003ffff025f
0147.2238 5003ffff025f5003
0147.2418 ffff025f5003
0147.2564 ffff025f5003
0147.2740 ffff025f5003
0147.3045 ffff025f5003
0147.3199 ffff025f5003
0147.3372 ffff025f5003
0147.3518 ffff025f5003
0147.3698 ffff025f5003
0147.3854 ffff025f5003
0147.4178 ffff025f5003
0147.4332 ffff025f5003
0147.4484 ffff025f5003
0147.4636 ffff025f5003
0147.4813 ffff025f5003
0147.5137 ffff025f5003
0147.5290 ffff025f5003
0147.5443 ffff025f5003
0147.5597 ffff025f5003
0147.5776 ffff025f5003
0147.5928 ffff025f5003
0147.6258 ffff025f5003
0147.6410 ffff025f5003
0147.6564 ffff025f5003
0147.6733 ffff025f5003
0147.6884 ffff025f5003
0147.7038 ffff025f5003
0147.7370 ffff025f5003
0147.7525 ffff025f5003
0147.7700 ffff025f5003
0147.7860 ffff025f5003
0147.8014 ffff025f5003
0147.8167 ffff025f5003
0147.8483 ffff025f5003
0147.8635 ffff025f5003
0147.8810 ffff025f5003
0147.8956 ffff025f5003ff
0147.9129 ff025f5003ffff02
0147.9282 5f5003
0147.9599 ffff025f5003ff
0147.9773 ff025f5003ffff02
0147.9923 5f5003ffff025f5003
0148.0074 ffff025f5003
0148.0247 ffff025f5003
0148.0575 ffff025f5003
0148.0727 ffff025f5003
0148.0881 ffff025f5003
0148.1034 ffff025f5003
0148.1207 ffff025f5003
0148.1357 ffff025f5003
0148.1678 ffff02
0148.1857 5f5003ffff025f5003
0148.2011 ffff025f5003
0148.2166 ffff025f5003
0148.2319 ffff025f5003
0148.2646 ffff02
0148.2801 5f5003ffff025f5003
0148.2976 ffff025f5003
0148.3129 ffff025f5003
0148.3282 ffff025f5003
0148.3448 ffff025f5003
0148.3774 ffff025f5003
0148.3929 ffff025f5003
0148.4079 ffff025f5003
0148.4254 ffff025f5003
0148.4408 ffff025f5003
0148.4560 ffff025f5003
0148.4889 ffff025f5003
0148.5045 ffff025f5003
0148.5199 ffff025f5003
0148.5376 ffff025f5003
0148.5527 ffff025f5003
0148.5678 ffff025f5003
0148.6011 ffff025f5003
0148.6156 ffff025f5003
0148.6331 ffff025f5003
0148.6485 ffff025f5003
0148.6637 ffff025f5003
0148.6820 ffff025f5003
0148.7134 ffff025f5003
0148.7288 ffff025f5003
0148.7441 ffff025f5003
0148.7591 ffff025f5003ffff02
0148.7770 5f5003ffff025f50
0148.7925 03
0148.8236 ffff025f5003ffff
0148.8405 025f5003ffff025f50
0148.8559 03ffff025f5003
0148.8713 ffff025f5003
0148.8888 ffff025f5003
0148.9194 ffff025f5003
0148.9374 ffff025f5003
0148.9526 ffff025f5003
0148.9679 ffff025f5003
0148.9833 ffff025f5003
0149.0008 ffff025f5003
0149.0334 ffff025f5003
0149.0486 ffff025f5003
0149.0636 ffff025f5003
0149.0790 ffff025f5003
0149.0949 ffff025f5003
0149.1277 ffff025f5003
0149.1434 ffff025f5003
0149.1612 ffff025f5003
0149.1760 ffff025f5003
0149.1910 ffff025f5003
0149.2086 ffff025f5003
0149.2408 ffff025f5003
0149.2562 ffff025f5003
0149.2710 ffff025f5003
0149.2884 ffff025f5003
0149.3037 ffff025f5003
0149.3366 ffff025f
0149.3514 5003ffff025f5003
0149.3668 ffff025f5003
0149.3846 ffff025f5003
0149.3999 ffff025f5003
0149.4154 ffff025f5003
0149.4487 ffff
0149.4636 025f5003ffff025f
0149.4791 5003ffff025f5003
0149.4970 ffff025f5003
0149.5122 ffff025f5003
0149.5429 ffff025f
0149.5606 5003ffff025f5003
0149.5760 ffff025f5003
0149.5916 ffff025f5003
0149.6070 ffff025f5003
0149.6247 ffff025f5003
0149.6571 ffff025f5003
0149.6723 ffff025f5003
0149.6870 ffff025f5003
0149.7049 ffff025f5003
0149.7197 ffff025f5003
0149.7347 ffff025f5003
0149.7680 ffff025f5003
0149.7833 ffff025f5003
0149.8009 ffff025f5003
0149.8168 ffff025f5003
0149.8321 ffff025f5003
0149.8474 ffff025f5003
0149.8802 ffff025f5003
0149.8946 ffff025f5003
0149.9123 ffff025f5003
0149.9276 ffff025f5003
0149.9429 ffff025f5003
0149.9609 ffff025f5003
0149.9911 ffff025f5003
0150.0087 ffff025f5003
0150.0237 ffff025f5003ff
0150.0391 ff025f5003ffff025f
0150.0562 5003ffff025f5003
0150.0874 ff
0150.1028 ff025f5003ffff025f
0150.1205 5003ffff025f5003
0150.1358 ffff025f5003
0150.1508 ffff025f5003
0150.1683 ffff025f5003
0150.1995 ffff025f5003
0150.2169 ffff025f5003
0150.2324 ffff025f5003
0150.2477 ffff025f5003
0150.2626 ffff025f5003
0150.2801 ffff025f5003
0150.3108 ffff025f5003
0150.3286 ffff025f5003
0150.3436 ffff025f5003
0150.3594 ffff025f5003
0150.3750 ffff025f5003
0150.3923 ffff025f5003
0150.4231 ffff025f5003
0150.4386 ffff025f5003
0150.4565 ffff025f5003
0150.4718 ffff025f5003
0150.4867 ffff025f5003
0150.5046 ffff025f5003
0150.5353 ffff025f5003
0150.5524 ffff025f5003
0150.5676 ffff025f5003
0150.5831 ffff025f5003
0150.5984 ffff025f5003ffff02
0150.6162 5f5003
0150.6463 ffff025f5003
0150.6636 ffff025f5003ffff02
0150.6786 5f5003ffff025f50
0150.6963 03ffff025f5003
0150.7111 ffff025f5003
0150.7437 ffff025f50
0150.7586 03ffff025f5003
0150.7762 ffff025f5003
0150.7914 ffff025f5003
0150.8068 ffff025f5003
0150.8221 ffff025f5003
0150.8550 ffff025f5003
0150.8705 ffff025f5003
0150.8884 ffff025f5003
0150.9033 ffff025f5003
0150.9184 ffff025f5003
0150.9350 ffff025f5003
0150.9679 ffff025f5003
0150.9834 ffff025f5003
0150.9987 ffff025f5003
0151.0139 ffff025f5003
0151.0317 ffff025f5003
0151.0470 ffff025f5003
0151.0795 ffff025f5003
0151.0943 ffff025f5003
0151.1122 ffff025f5003
0151.1276 ffff025f5003
0151.1431 ffff025f5003
0151.1756 ffff025f5003
0151.1900 ffff025f5003
0151.2076 ffff025f5003
0151.2230 ffff025f5003
0151.2379 ffff025f5003
0151.2557 ffff025f5003
0151.2860 ffff025f5003
0151.3039 ffff025f5003
0151.3189 ffff025f5003
0151.3342 ffff025f5003
0151.3518 ffff025f5003
0151.3665 ffff025f5003
0151.4001 ffff025f5003
0151.4157 ffff025f5003
0151.4309 ffff025f5003ffff
0151.4459 025f5003ffff025f50
0151.4636 03ffff025f5003
0151.4959 ffff
0151.5112 025f5003ffff025f
0151.5260 5003ffff025f5003
0151.5436 ffff025f5003
0151.5589 ffff025f5003
0151.5742 ffff025f5003
0151.6074 ffff025f5003
0151.6227 ffff025f5003
0151.6384 ffff025f5003
0151.6537 ffff025f5003
0151.6717 ffff025f5003
0151.6864 ffff025f5003
0151.7191 ffff025f5003
0151.7363 ffff025f5003
0151.7515 ffff025f5003
0151.7663 ffff025f5003
0151.7816 ffff025f5003
0151.7993 ffff025f5003
0151.8320 ffff025f5003
0151.8480 ffff025f5003
0151.8632 ffff025f5003
0151.8800 ffff025f5003
0151.8951 ffff025f5003
0151.9107 ffff025f5003
0151.9435 ffff025f5003
0151.9587 ffff025f5003
0151.9760 ffff025f5003
0151.9909 ffff025f5003ff
0152.0062 ff025f5003ffff025f
0152.0239 5003
0152.0540 ffff025f5003ff
0152.0719 ff025f5003ffff025f
0152.0874 5003ffff025f5003
0152.1027 ffff025f5003
0152.1178 ffff025f5003
0152.1495 ffff025f
0152.1670 5003
0152.1839 ffff025f5003
0152.1994 ffff025f5003
0152.2148 ffff025f5003ff
0152.2302 ff025f5003
0152.2633 ffff025f5003
0152.2788 ffff025f5003ff
0152.2939 ff025f5003ffff02
0152.3098 5f5003ffff025f5003
0152.3276 ffff025f5003
0152.3576 ffff02
0152.3754 5f5003ffff025f5003
0152.3907 ffff025f5003
0152.4061 ffff025f5003
0152.4215 ffff025f5003
0152.4387 ffff025f5003
0152.4708 ffff025f5003
0152.4854 ffff025f5003
0152.5027 ffff025f5003
0152.5179 ffff025f5003
0152.5352 ffff025f5003
0152.5506 ffff025f5003
0152.5835 ffff025f5003
0152.5990 ffff025f5003
0152.6138 ffff025f5003
0152.6306 ffff025f5003
0152.6461 ffff025f5003
0152.6612 ffff025f5003
0152.6932 ffff025f5003
0152.7111 ffff025f5003
0152.7263 ffff025f5003
0152.7414 ffff025f5003
0152.7593 ffff025f5003
0152.7743 ffff025f5003
0152.8075 ffff025f5003
0152.8225 ffff025f5003
0152.8375 ffff025f5003
0152.8547 ffff025f5003ffff02
0152.8701 5f5003ffff025f50
0152.8853 03
0152.9175 ffff025f5003ffff02
0152.9353 5f5003ffff025f50
0152.9502 03ffff025f5003
0152.9654 ffff025f5003
0152.9828 ffff025f5003
0153.0138 ffff025f5003
0153.0315 ffff025f5003
0153.0467 ffff025f5003
0153.0631 ffff025f5003
0153.0781 ffff025f5003
0153.0931 ffff025f5003
0153.1263 ffff025f5003
0153.1416 ffff025f5003
0153.1570 ffff025f5003
0153.1745 ffff025f5003
0153.1900 ffff025f5003
0153.2053 ffff025f5003
0153.2383 ffff025f5003
0153.2538 ffff025f5003
0153.2690 ffff025f5003
0153.2863 ffff025f5003
0153.3016 ffff025f5003
0153.3170 ffff025f5003
0153.3499 ffff025f5003
0153.3653 ffff025f5003
0153.3831 ffff025f5003
0153.3982 ffff025f5003
0153.4131 ffff025f5003ffff
0153.4310 025f5003
0153.4619 ffff025f5003
0153.4772 ffff025f5003ffff
0153.4952 025f5003ffff025f50
0153.5112 03ffff025f5003
0153.5267 ffff025f5003
0153.5570 ffff025f50
0153.5747 03ffff025f5003
0153.5899 ffff025f5003
0153.6054 ffff025f5003
0153.6208 ffff025f5003
0153.6385 ffff025f5003
0153.6704 ffff025f5003
0153.6854 ffff025f5003
0153.7007 ffff025f5003
0153.7183 ffff025f5003
0153.7335 ffff025f5003
0153.7511 ffff025f5003
0153.7807 ffff025f5003
0153.7991 ffff025f5003
0153.8141 ffff025f5003
0153.8294 ffff025f5003
0153.8448 ffff025f5003
0153.8629 ffff025f5003
0153.8935 ffff025f5003
0153.9110 ffff025f5003
0153.9265 ffff025f5003
0153.9415 ffff025f5003
0153.9578 ffff025f5003
0153.9911 ffff025f5003
0154.0061 ffff025f5003
0154.0214 ffff025f5003
0154.0391 ffff025f5003
0154.0541 ffff025f5003
0154.0693 ffff025f5003
0154.1025 ffff025f5003
0154.1178 ffff025f5003
0154.1332 ffff025f5003
0154.1509 ffff025f5003
0154.1656 ffff025f5003
0154.1811 ffff025f5003
0154.2139 ffff025f5003
0154.2292 ffff025f5003
0154.2466 ffff025f5003ff
0154.2619 ff025f5003ffff025f
0154.2769 5003ffff025f5003
0154.3096 ff
0154.3250 ff025f5003ffff025f
0154.3424 5003ffff025f5003
0154.3573 ffff025f5003
0154.3724 ffff025f5003
0154.3898 ffff025f5003
0154.4204 ffff025f5003
0154.4384 ffff025f5003
0154.4537 ffff025f5003
0154.4691 ffff025f5003
0154.4845 ffff025f5003
0154.5174 ff
0154.5330 ff025f5003ffff02
0154.5484 5f5003ffff025f5003
0154.5662 ffff025f5003
0154.5811 ffff025f5003
0154.5964 ffff025f5003
0154.6290 ffff025f5003
0154.6443 ffff025f5003
0154.6616 ffff025f5003
0154.6767 ffff025f5003
0154.6944 ffff025f5003
0154.7092 ffff025f5003
0154.7413 ffff025f5003
0154.7588 ffff025f5003
0154.7741 ffff025f5003
0154.7896 ffff025f5003
0154.8051 ffff025f5003
0154.8202 ffff025f5003
0154.8523 ffff025f5003
0154.8695 ffff025f5003
0154.8848 ffff025f5003
0154.9002 ffff025f5003
0154.9181 ffff025f5003
0154.9330 ffff025f5003
0154.9651 ffff025f5003
0154.9804 ffff025f5003
0154.9981 ffff025f5003
0155.0134 ffff025f5003
0155.0285 ffff025f5003ffff02
0155.0462 5f5003
0155.0762 ffff025f5003
0155.0940 ffff025f5003ffff02
0155.1093 5f5003ffff025f50
0155.1245 03ffff025f5003
0155.1422 ffff025f5003
0155.1725 ffff025f50
0155.1903 03ffff025f5003
0155.2055 ffff025f5003
0155.2206 ffff025f5003
0155.2383 ffff025f5003
0155.2862 ffff025f5003
0155.3014 ffff025f5003ffff
0155.3166 025f5003ffff025f50
0155.3341 03ffff025f5003
0155.3492 ffff025f5003
0155.3823 ffff025f50
0155.3978 03ffff025f5003
0155.4121 ffff025f5003
0155.4301 ffff025f5003
0155.4458 ffff025f5003
0155.4614 ffff025f5003
0155.4944 ffff
0155.5090 025f5003ffff025f50
0155.5263 03ffff025f5003
0155.5412 ffff025f5003
0155.5583 ffff025f5003
0155.5880 ffff025f50
0155.6058 03ffff025f5003
0155.6210 ffff025f5003
0155.6363 ffff025f5003
0155.6541 ffff025f5003
0155.6693 ffff025f5003
0155.7019 ffff025f5003
0155.7171 ffff025f5003
0155.7338 ffff025f5003
0155.7490 ffff025f5003
0155.7641 ffff025f5003
0155.7820 ffff025f5003
0155.8122 ffff025f5003
0155.8297 ffff025f5003
0155.8448 ffff025f5003
0155.8600 ffff025f5003
0155.8780 ffff025f5003
0155.8933 ffff025f5003
0155.9255 ffff025f5003
0155.9409 ffff025f5003
0155.9562 ffff025f5003
0155.9737 ffff025f5003
0155.9886 ffff025f5003
0156.0041 ffff025f5003
0156.0376 ffff025f5003
0156.0532 ffff025f5003
0156.0684 ffff025f5003ffff
0156.0836 025f5003ffff025f
0156.1008 5003ffff025f5003
0156.1333 ffff
0156.1485 025f5003ffff025f
0156.1639 5003
0156.1815 ffff025f5003
0156.1969 ffff025f5003ff
0156.2119 ff025f5003
0156.2439 ffff025f5003
0156.2617 ffff025f5003
0156.2770 ffff025f5003ff
0156.2919 ff025f5003ffff025f
0156.3096 5003ffff025f5003
0156.3395 ff
0156.3573 ff025f5003ffff025f
0156.3725 5003ffff025f5003
0156.3876 ffff025f5003
0156.4053 ffff025f5003
0156.4205 ffff025f5003
0156.4527 ffff025f5003
0156.4677 ffff025f5003
0156.4849 ffff025f5003
0156.4999 ffff025f5003
0156.5178 ffff025f5003
0156.5331 ffff025f5003
0156.5658 ffff025f5003
0156.5810 ffff025f5003
0156.5962 ffff025f5003
0156.6114 ffff025f5003
0156.6286 ffff025f5003
0156.6434 ffff025f5003
0156.6760 ffff025f5003
0156.6936 ffff025f5003
0156.7087 ffff025f5003
0156.7233 ffff025f5003
0156.7411 ffff025f5003
0156.7563 ffff025f5003
0156.7889 ffff025f5003
0156.8040 ffff025f5003
0156.8217 ffff025f5003
0156.8369 ffff025f5003ff
0156.8521 ff025f5003ffff02
0156.8698 5f5003
0156.9001 ffff025f5003ff
0156.9175 ff025f5003ffff02
0156.9327 5f5003ffff025f5003
0156.9479 ffff025f5003
0156.9656 ffff025f5003
0156.9961 ffff025f5003
0157.0112 ffff025f5003
0157.0291 ffff025f5003
0157.0445 ffff025f5003
0157.0594 ffff025f5003
0157.0772 ffff025f5003
0157.1079 ffff025f5003
0157.1257 ffff025f5003
0157.1409 ffff025f5003
0157.1564 ffff025f5003
0157.1737 ffff025f5003
0157.1891 ffff025f5003
0157.2200 ffff025f5003
0157.2352 ffff025f5003
0157.2532 ffff025f5003
0157.2682 ffff025f5003
0157.2833 ffff025f5003
0157.3012 ffff025f5003
0157.3315 ffff025f5003
0157.3490 ffff025f5003
0157.3639 ffff025f5003
0157.3815 ffff025f5003
0157.3968 ffff025f5003
0157.4122 ffff025f5003
0157.4452 ffff025f5003
0157.4612 ffff025f5003
0157.4761 ffff025f5003ffff02
0157.4917 5f5003ffff025f50
0157.5093 03ffff025f5003
0157.5401 ffff
0157.5554 025f5003ffff025f50
0157.5731 03ffff025f5003
0157.5881 ffff025f5003
0157.6030 ffff025f5003
0157.6189 ffff025f5003
0157.6514 ffff025f5003
0157.6692 ffff025f5003
0157.6844 ffff025f5003
0157.6997 ffff025f5003
0157.7169 ffff025f5003
0157.7324 ffff025f5003
0157.7651 ffff025f5003
0157.7803 ffff025f5003
0157.7957 ffff025f5003
0157.8132 ffff025f5003
0157.8286 ffff025f5003
0157.8439 ffff025f5003
0157.8767 ffff025f5003
0157.8920 ffff025f5003
0157.9071 ffff025f5003
0157.9243 ffff025f5003
0157.9395 ffff025f5003
0157.9571 ffff025f5003
0157.9878 ffff025f5003
0158.0034 ffff025f5003
0158.0209 ffff025f5003
0158.0361 ffff025f5003ffff
0158.0511 025f5003ffff025f
0158.0691 5003
0158.0994 ffff025f5003ffff
0158.1166 025f5003ffff025f
0158.1314 5003ffff025f5003
0158.1466 ffff025f5003
0158.1646 ffff025f5003
0158.1949 ffff025f5003
0158.2127 ffff025f5003
0158.2280 ffff025f5003
0158.2432 ffff025f5003
0158.2586 ffff025f5003
0158.2762 ffff025f5003
0158.3067 ffff025f5003
0158.3246 ffff025f5003
0158.3395 ffff025f5003
0158.3569 ffff025f5003
0158.3717 ffff025f5003
0158.3869 ffff025f5003
0158.4191 ffff025f5003
0158.4368 ffff025f5003
0158.4521 ffff025f5003
0158.4673 ffff025f5003
0158.4850 ffff025f5003
0158.5002 ffff025f5003
0158.5306 ffff025f5003
0158.5484 ffff025f5003
0158.5640 ffff025f5003
0158.5790 ffff025f5003
0158.5967 ffff025f5003ff
0158.6115 ff025f5003
0158.6426 ffff025f5003
0158.6606 ffff025f5003ff
0158.6761 ff025f5003ffff025f
0158.6911 5003ffff025f5003
0158.7083 ffff025f5003
0158.7387 ffff025f
0158.7565 5003ffff025f5003
0158.7716 ffff025f5003
0158.7868 ffff025f5003
0158.8043 ffff025f5003
0158.8194 ffff025f5003
0158.8523 ffff025f5003
0158.8675 ffff025f5003
0158.8827 ffff025f5003
0158.9003 ffff025f5003
0158.9155 ffff025f5003
0158.9308 ffff025f5003
0158.9637 ffff025f5003
0158.9792 ffff025f5003
0158.9966 ffff025f5003
0159.0119 ffff025f5003
0159.0287 ffff025f5003
0159.0437 ffff025f5003
0159.0762 ffff025f5003
0159.0914 ffff025f5003
0159.1067 ffff025f5003
0159.1241 ffff025f5003
0159.1392 ffff025f5003
0159.1568 ffff025f5003
0159.1876 ffff025f5003
0159.2024 ffff025f5003
0159.2199 ffff025f5003ff
0159.2349 ff025f5003ffff02
0159.2502 5f5003ffff025f5003
0159.2990 ffff025f5003ffff02
0159.3141 5f5003ffff025f5003
0159.3319 ffff025f5003
0159.3473 ffff025f5003
0159.3622 ffff025f5003
0159.3958 ffff025f5003
0159.4107 ffff025f5003
0159.4261 ffff025f5003
0159.4438 ffff025f5003
0159.4592 ffff025f5003
0159.4747 ffff025f5003
0159.5075 ffff025f50
0159.5228 03ffff025f5003
0159.5405 ffff025f5003
0159.5556 ffff025f5003
0159.5710 ffff025f5003
0159.6041 ffff025f5003
0159.6194 ffff025f5003
0159.6343 ffff025f5003
0159.6518 ffff025f5003
0159.6671 ffff025f5003
0159.6825 ffff025f5003
0159.7157 ffff025f5003
0159.7310 ffff025f5003
0159.7460 ffff025f5003
0159.7634 ffff025f5003
0159.7789 ffff025f5003
0159.7942 ffff025f5003
0159.8272 ffff025f5003
0159.8426 ffff025f5003
0159.8600 ffff025f5003
0159.8751 ffff025f5003
0159.8925 ffff025f5003
0159.9075 ffff025f5003
0159.9381 ffff025f5003
0159.9562 ffff025f5003
0159.9715 ffff025f5003
0159.9867 ffff025f5003
0160.0020 ffff025f5003ffff
0160.0193 025f5003
0160.0520 ffff025f5003
0160.0672 ffff025f5003ffff
0160.0827 025f5003ffff025f50
0160.0999 03ffff025f5003
0160.1154 ffff025f5003
0160.1458 ffff025f50
0160.1635 03ffff025f5003
0160.1786 ffff025f5003
0160.1940 ffff025f5003
0160.2113 ffff025f5003
0160.2266 ffff025f5003
0160.2597 ffff025f5003
0160.2748 ffff025f5003
0160.2901 ffff025f5003
0160.3079 ffff025f5003
0160.3227 ffff025f5003
0160.3402 ffff025f5003
0160.3707 ffff025f5003
0160.3858 ffff025f5003
0160.4033 ffff025f5003
0160.4186 ffff025f5003
0160.4339 ffff025f5003
0160.4513 ffff025f5003
0160.4841 ffff025f5003
0160.4998 ffff025f5003
0160.5150 ffff025f5003
0160.5300 ffff025f5003
0160.5476 ffff025f5003
0160.5632 ffff025f5003
0160.5960 ffff025f5003
0160.6113 ffff025f5003
0160.6266 ffff025f5003ff
0160.6421 ff025f5003ffff025f
0160.6595 5003ffff025f5003
0160.6896 ff
0160.7073 ff025f5003ffff025f
0160.7224 5003ffff025f5003
0160.7378 ffff025f5003
0160.7556 ffff025f5003
0160.7707 ffff025f5003
0160.8036 ffff025f5003
0160.8186 ffff025f5003
0160.8340 ffff025f5003
0160.8514 ffff025f5003
0160.8667 ffff025f5003
0160.8821 ffff025f5003
0160.9147 ffff025f5003
0160.9297 ffff025f5003
0160.9476 ffff025f5003
0160.9626 ffff025f5003
0160.9781 ffff025f5003
0160.9937 ffff025f5003
0161.0264 ffff025f5003
0161.0416 ffff025f5003
0161.0592 ffff025f5003
0161.0746 ffff025f5003
0161.0896 ffff025f5003
0161.1224 ffff025f5003
0161.1378 ffff025f5003
0161.1557 ffff025f5003
0161.1710 ffff025f5003
0161.1866 ffff025f5003
0161.2015 ffff025f5003
0161.2340 ffff025f5003
0161.2515 ffff025f5003
0161.2660 ffff025f5003
0161.2837 ffff025f5003
0161.2988 ffff025f5003
0161.3142 ffff025f5003
0161.3469 ffff025f5003
0161.3619 ffff025f5003
0161.3790 ffff025f5003
0161.3943 ffff025f5003
0161.4097 ffff025f5003ff
0161.4253 ff025f5003
0161.4584 ffff025f5003
0161.4734 ffff025f5003
0161.4911 ffff025f5003ffff02
0161.5060 5f5003ffff02
0161.5231 5f5003
0161.5541 ffff025f5003
0161.5697 ffff025f5003
0161.5882 ffff025f5003
0161.6011 ffff025f5003
0161.6188 ffff025f5003
0161.6347 ffff025f5003
0161.6654 ffff025f5003
0161.6828 ffff025f5003
0161.6976 ffff025f5003ffff02
0161.7155 5f5003ffff025f50
0161.7306 03ffff025f5003
0161.7627 ffff02
0161.7778 5f5003ffff025f50
0161.7932 03ffff025f5003
0161.8108 ffff025f5003
0161.8259 ffff025f5003
0161.8411 ffff025f5003
0161.8737 ffff025f5003
0161.8908 ffff025f5003
0161.9062 ffff025f5003
0161.9214 ffff025f5003
0161.9389 ffff025f5003
0161.9539 ffff025f5003
0161.9868 ffff025f5003
0162.0018 ffff025f5003
0162.0170 ffff025f5003
0162.0347 ffff025f5003
0162.0498 ffff025f5003
0162.0672 ffff025f5003
0162.0976 ffff025f5003
0162.1128 ffff025f5003
0162.1305 ffff025f5003
0162.1457 ffff025f5003
0162.1610 ffff025f5003
0162.1786 ffff025f5003
0162.2093 ffff025f5003
0162.2269 ffff025f5003
0162.2420 ffff025f5003
0162.2573 ffff025f5003ffff
0162.2745 025f5003ffff025f50
0162.2896 03
0162.3221 ffff025f5003ffff
0162.3372 025f5003ffff025f50
0162.3553 03ffff025f5003
0162.3706 ffff025f5003
0162.3863 ffff025f5003
0162.4169 ffff025f5003
0162.4347 ffff025f5003
0162.4496 ffff025f5003
0162.4646 ffff025f5003
0162.4825 ffff025f5003
0162.4978 ffff025f5003
0162.5293 ffff025f5003
0162.5470 ffff025f5003
0162.5618 ffff025f5003
0162.5766 ffff025f5003
0162.5940 ffff025f5003
0162.6100 ffff025f5003
0162.6427 ffff025f5003
0162.6576 ffff025f5003
0162.6728 ffff025f5003
0162.6903 ffff025f5003
0162.7053 ffff025f5003
0162.7205 ffff025f5003
0162.7535 ffff025f5003
0162.7698 ffff025f5003
0162.7853 ffff025f5003
0162.8027 ffff025f5003
0162.8189 ffff025f5003ff
0162.8336 ff025f5003
0162.8649 ffff025f5003
0162.8828 ffff025f5003ff
0162.8983 ff025f5003ffff025f
0162.9140 5003ffff025f5003
0162.9294 ffff025f5003
0162.9624 ffff025f
0162.9770 5003ffff025f5003
0162.9924 ffff025f5003
0163.0100 ffff025f5003
0163.0261 ffff025f5003
0163.0404 ffff025f5003
0163.0734 ffff025f5003
0163.0888 ffff025f5003
0163.1060 ffff025f5003
0163.1213 ffff025f5003
0163.1367 ffff025f5003
0163.1543 ffff025f5003
0163.1850 ffff025f5003
0163.2009 ffff025f5003
0163.2164 ffff025f5003
0163.2336 ffff025f5003
0163.2488 ffff025f5003
0163.2643 ffff025f5003
0163.2972 ffff025f5003
0163.3146 ffff025f5003
0163.3291 ffff025f5003
0163.3469 ffff025f5003
0163.3623 ffff025f5003
0163.3775 ffff025f5003
0163.4107 ffff025f5003
0163.4259 ffff025f5003
0163.4414 ffff025f5003ff
0163.4565 ff025f5003ffff02
0163.4740 5f5003ffff025f5003
0163.5221 ffff025f5003
0163.5372 ffff025f5003
0163.5524 ffff025f5003
0163.5703 ffff025f5003ff
0163.5850 ff025f5003
0163.6176 ffff025f5003
0163.6328 ffff025f5003
0163.6482 ffff025f5003
0163.6658 ffff025f5003ffff02
0163.6808 5f5003ffff025f5003
0163.7292 ffff025f5003ffff02
0163.7442 5f5003ffff025f5003
0163.7620 ffff025f5003
0163.7770 ffff025f5003
0163.7924 ffff025f5003
0163.8253 ffff025f5003
0163.8403 ffff025f5003
0163.8578 ffff025f5003
0163.8731 ffff025f5003
0163.8884 ffff025f5003
0163.9064 ffff025f5003
0163.9369 ffff025f5003
0163.9523 ffff025f5003
0163.9693 ffff025f5003
0163.9840 ffff025f5003
0164.0016 ffff025f5003
0164.0166 ffff025f5003
0164.0510 ffff025f5003
0164.0655 ffff025f5003
0164.0808 ffff025f5003
0164.0958 ffff025f5003
0164.1133 ffff025f5003
0164.1285 ffff025f5003
0164.1613 ffff025f5003
0164.1761 ffff025f5003
0164.1939 ffff025f5003
0164.2089 ffff025f5003
0164.2243 ffff025f5003ffff
0164.2420 025f5003
0164.2720 ffff025f5003
0164.2896 ffff025f5003ffff
0164.3049 025f5003ffff025f50
0164.3220 03ffff025f5003
0164.3373 ffff025f5003
0164.3679 ffff025f50
0164.3858 03ffff025f5003
0164.4011 ffff025f5003
0164.4161 ffff025f5003
0164.4320 ffff025f5003
0164.4502 ffff025f5003
0164.4798 ffff025f5003
0164.4975 ffff025f5003
0164.5129 ffff025f5003
0164.5282 ffff025f5003
0164.5437 ffff025f5003
0164.5613 ffff025f5003
0164.5938 ffff025f5003
0164.6086 ffff025f5003
0164.6241 ffff025f5003
0164.6397 ffff025f5003
0164.6575 ffff025f5003
0166.6715 ffff025f5003
0168.6875 ffff025f5003
0170.7028 ffff025f5003
0172.7161 ffff025f5003
0174.7334 ffff025f5003
0176.7479 ffff025f5003
0178.7629 ffff025f5003
