PKT t=7118 TX ua=95 mt=P len=0
PKT t=7127 RX ua=95 mt=R len=7
PKT t=7132 TX ua=95 mt=P len=0
PKT t=7161 RX ua=95 mt=R len=7
PKT t=7166 TX ua=95 mt=P len=0
PKT t=7175 RX ua=95 mt=R len=7
PKT t=7180 TX ua=95 mt=P len=0
PKT t=7189 RX ua=95 mt=R len=7
PKT t=7194 TX ua=95 mt=P len=0
PKT t=7203 RX ua=95 mt=R len=7
PKT t=7208 TX ua=95 mt=P len=0
PKT t=7217 RX ua=95 mt=R len=7
PKT t=7222 TX ua=95 mt=P len=0
PKT t=7231 RX ua=95 mt=R len=7
PKT t=7236 TX ua=95 mt=P len=0
PKT t=7265 RX ua=95 mt=R len=7
PKT t=7270 TX ua=95 mt=P len=0
PKT t=7279 RX ua=95 mt=R len=7
PKT t=7284 TX ua=95 mt=P len=0
PKT t=7293 RX ua=95 mt=R len=7
PKT t=7301 TX ua=95 mt=P len=0
PKT t=7310 RX ua=95 mt=R len=7
PKT t=7315 TX ua=95 mt=P len=0
PKT t=7324 RX ua=95 mt=R len=7
PKT t=7329 TX ua=95 mt=P len=0
PKT t=7338 RX ua=95 mt=R len=7
PKT t=7343 TX ua=95 mt=P len=0
PKT t=7373 RX ua=95 mt=R len=7
PKT t=7378 TX ua=95 mt=T len=7
PKT t=7390 TX ua=95 mt=P len=0
PKT t=7401 RX ua=95 mt=R len=7
PKT t=7406 TX ua=95 mt=P len=0
PKT t=7416 RX ua=95 mt=R len=7
PKT t=7421 TX ua=95 mt=P len=0
PKT t=7431 RX ua=95 mt=R len=7
PKT t=7436 TX ua=95 mt=P len=0
PKT t=7446 RX ua=95 mt=R len=7
PKT t=7451 TX ua=95 mt=P len=0
PKT t=7480 RX ua=95 mt=R len=7
PKT t=7485 TX ua=95 mt=P len=0
PKT t=7495 RX ua=95 mt=R len=7
PKT t=7501 TX ua=95 mt=P len=0
PKT t=7511 RX ua=95 mt=R len=7
PKT t=7516 TX ua=95 mt=P len=0
PKT t=7526 RX ua=95 mt=R len=7
PKT t=7531 TX ua=95 mt=P len=0
PKT t=7541 RX ua=95 mt=R len=7
PKT t=7546 TX ua=95 mt=P len=0
PKT t=7579 RX ua=95 mt=R len=7
PKT t=7584 TX ua=95 mt=P len=0
PKT t=7594 RX ua=95 mt=R len=7
PKT t=7601 TX ua=95 mt=T len=7
PKT t=7613 TX ua=95 mt=P len=0
PKT t=7622 RX ua=95 mt=R len=7
PKT t=7627 TX ua=95 mt=P len=0
PKT t=7636 RX ua=95 mt=R len=7
PKT t=7641 TX ua=95 mt=P len=0
PKT t=7651 RX ua=95 mt=R len=7
PKT t=7656 TX ua=95 mt=P len=0
PKT t=7684 RX ua=95 mt=R len=7
PKT t=7689 TX ua=95 mt=P len=0
PKT t=7701 RX ua=95 mt=R len=7
PKT t=7706 TX ua=95 mt=P len=0
PKT t=7715 RX ua=95 mt=R len=7
PKT t=7720 TX ua=95 mt=P len=0
PKT t=7729 RX ua=95 mt=R len=7
PKT t=7734 TX ua=95 mt=P len=0
PKT t=7743 RX ua=95 mt=R len=7
PKT t=7751 TX ua=95 mt=P len=0
PKT t=7784 RX ua=95 mt=R len=7
PKT t=7788 TX ua=95 mt=P len=0
PKT t=7801 RX ua=95 mt=R len=7
PKT t=7806 TX ua=95 mt=P len=0
PKT t=7815 RX ua=95 mt=R len=7
PKT t=7820 TX ua=95 mt=P len=0
PKT t=7829 RX ua=95 mt=R len=7
PKT t=7834 TX ua=95 mt=P len=0
PKT t=7843 RX ua=95 mt=R len=7
PKT t=7851 TX ua=95 mt=T len=7
PKT t=7863 TX ua=95 mt=P len=0
PKT t=7885 RX ua=95 mt=R len=7
PKT t=7890 TX ua=95 mt=P len=0
PKT t=7901 RX ua=95 mt=R len=7
PKT t=7906 TX ua=95 mt=P len=0
PKT t=7915 RX ua=95 mt=R len=7
PKT t=7920 TX ua=95 mt=P len=0
PKT t=7929 RX ua=95 mt=R len=7
PKT t=7934 TX ua=95 mt=P len=0
PKT t=7943 RX ua=95 mt=R len=7
PKT t=7951 TX ua=95 mt=P len=0
PKT t=7983 RX ua=95 mt=R len=7
PKT t=7988 TX ua=95 mt=P len=0
PKT t=8001 RX ua=95 mt=R len=7
PKT t=8008 TX ua=95 mt=P len=0
PKT t=8017 RX ua=95 mt=R len=7
PKT t=8022 TX ua=95 mt=P len=0
PKT t=8031 RX ua=95 mt=R len=7
PKT t=8036 TX ua=95 mt=P len=0
PKT t=8045 RX ua=95 mt=R len=7
PKT t=8051 TX ua=95 mt=P len=0
PKT t=8083 RX ua=95 mt=R len=7
PKT t=8088 TX ua=95 mt=P len=0
PKT t=8101 RX ua=95 mt=R len=7
PKT t=8106 TX ua=95 mt=T len=7
PKT t=8118 TX ua=95 mt=P len=0
PKT t=8127 RX ua=95 mt=R len=7
PKT t=8132 TX ua=95 mt=P len=0
PKT t=8141 RX ua=95 mt=R len=7
PKT t=8146 TX ua=95 mt=P len=0
PKT t=8155 RX ua=95 mt=R len=7
PKT t=8160 TX ua=95 mt=P len=0
PKT t=8189 RX ua=95 mt=R len=7
PKT t=8194 TX ua=95 mt=P len=0
PKT t=8203 RX ua=95 mt=R len=7
PKT t=8208 TX ua=95 mt=P len=0
PKT t=8217 RX ua=95 mt=R len=7
PKT t=8222 TX ua=95 mt=P len=0
PKT t=8231 RX ua=95 mt=R len=7
PKT t=8236 TX ua=95 mt=P len=0
PKT t=8245 RX ua=95 mt=R len=7
PKT t=8251 TX ua=95 mt=P len=0
PKT t=8260 RX ua=95 mt=R len=7
PKT t=8265 TX ua=95 mt=P len=0
PKT t=8294 RX ua=95 mt=R len=7
PKT t=8301 TX ua=95 mt=P len=0
PKT t=8310 RX ua=95 mt=R len=7
PKT t=8315 TX ua=95 mt=P len=0
PKT t=8324 RX ua=95 mt=R len=7
PKT t=8329 TX ua=95 mt=P len=0
PKT t=8338 RX ua=95 mt=R len=7
PKT t=8343 TX ua=95 mt=P len=0
PKT t=8352 RX ua=95 mt=R len=7
PKT t=8357 TX ua=95 mt=T len=7
PKT t=8369 TX ua=95 mt=P len=0
PKT t=8401 RX ua=95 mt=R len=7
PKT t=8406 TX ua=95 mt=P len=0
PKT t=8415 RX ua=95 mt=R len=7
PKT t=8420 TX ua=95 mt=P len=0
PKT t=8429 RX ua=95 mt=R len=7
PKT t=8434 TX ua=95 mt=P len=0
PKT t=8443 RX ua=95 mt=R len=7
PKT t=8451 TX ua=95 mt=P len=0
PKT t=8460 RX ua=95 mt=R len=7
PKT t=8465 TX ua=95 mt=P len=0
PKT t=8501 RX ua=95 mt=R len=7
PKT t=8506 TX ua=95 mt=P len=0
PKT t=8515 RX ua=95 mt=R len=7
PKT t=8520 TX ua=95 mt=P len=0
PKT t=8529 RX ua=95 mt=R len=7
PKT t=8534 TX ua=95 mt=P len=0
PKT t=8543 RX ua=95 mt=R len=7
PKT t=8551 TX ua=95 mt=P len=0
PKT t=8560 RX ua=95 mt=R len=7
PKT t=8565 TX ua=95 mt=P len=0
PKT t=8596 RX ua=95 mt=R len=7
PKT t=8601 TX ua=95 mt=T len=7
PKT t=8613 TX ua=95 mt=P len=0
PKT t=8622 RX ua=95 mt=R len=7
PKT t=8627 TX ua=95 mt=P len=0
PKT t=8636 RX ua=95 mt=R len=7
PKT t=8641 TX ua=95 mt=P len=0
PKT t=8651 RX ua=95 mt=R len=7
PKT t=8656 TX ua=95 mt=P len=0
PKT t=8665 RX ua=95 mt=R len=7
PKT t=8670 TX ua=95 mt=P len=0
PKT t=8701 RX ua=95 mt=R len=7
PKT t=8706 TX ua=95 mt=P len=0
PKT t=8715 RX ua=95 mt=R len=7
PKT t=8720 TX ua=95 mt=P len=0
PKT t=8729 RX ua=95 mt=R len=7
PKT t=8734 TX ua=95 mt=P len=0
PKT t=8743 RX ua=95 mt=R len=7
PKT t=8751 TX ua=95 mt=P len=0
PKT t=8761 RX ua=95 mt=R len=7
PKT t=8766 TX ua=95 mt=P len=0
PKT t=8801 RX ua=95 mt=R len=7
PKT t=8806 TX ua=95 mt=P len=0
PKT t=8815 RX ua=95 mt=R len=7
PKT t=8820 TX ua=95 mt=P len=0
PKT t=8829 RX ua=95 mt=R len=7
PKT t=8834 TX ua=95 mt=P len=0
PKT t=8843 RX ua=95 mt=R len=7
PKT t=8851 TX ua=95 mt=T len=7
PKT t=8863 TX ua=95 mt=P len=0
PKT t=8872 RX ua=95 mt=R len=7
PKT t=8877 TX ua=95 mt=P len=0
PKT t=8906 RX ua=95 mt=R len=7
PKT t=8911 TX ua=95 mt=P len=0
PKT t=8920 RX ua=95 mt=R len=7
PKT t=8925 TX ua=95 mt=P len=0
PKT t=8934 RX ua=95 mt=R len=7
PKT t=8939 TX ua=95 mt=P len=0
PKT t=8951 RX ua=95 mt=R len=7
PKT t=8956 TX ua=95 mt=P len=0
PKT t=8965 RX ua=95 mt=R len=7
PKT t=8970 TX ua=95 mt=P len=0
PKT t=8979 RX ua=95 mt=R len=7
PKT t=8984 TX ua=95 mt=P len=0
PKT t=9013 RX ua=95 mt=R len=7
PKT t=9018 TX ua=95 mt=P len=0
PKT t=9027 RX ua=95 mt=R len=7
PKT t=9032 TX ua=95 mt=P len=0
PKT t=9041 RX ua=95 mt=R len=7
PKT t=9046 TX ua=95 mt=P len=0
PKT t=9055 RX ua=95 mt=R len=7
PKT t=9060 TX ua=95 mt=P len=0
PKT t=9069 RX ua=95 mt=R len=7
PKT t=9074 TX ua=95 mt=P len=0
PKT t=9083 RX ua=95 mt=R len=7
PKT t=9088 TX ua=95 mt=P len=0
PKT t=9117 RX ua=95 mt=R len=7
PKT t=9122 TX ua=95 mt=T len=7
PKT t=9134 TX ua=95 mt=P len=0
PKT t=9143 RX ua=95 mt=R len=7
PKT t=9151 TX ua=95 mt=P len=0
PKT t=9160 RX ua=95 mt=R len=7
PKT t=9165 TX ua=95 mt=P len=0
PKT t=9174 RX ua=95 mt=R len=7
PKT t=9179 TX ua=95 mt=P len=0
PKT t=9188 RX ua=95 mt=R len=7
PKT t=9193 TX ua=95 mt=P len=0
PKT t=9222 RX ua=95 mt=R len=7
PKT t=9227 TX ua=95 mt=P len=0
PKT t=9236 RX ua=95 mt=R len=7
PKT t=9241 TX ua=95 mt=P len=0
PKT t=9251 RX ua=95 mt=R len=7
PKT t=9256 TX ua=95 mt=P len=0
PKT t=9265 RX ua=95 mt=R len=7
PKT t=9270 TX ua=95 mt=P len=0
PKT t=9279 RX ua=95 mt=R len=7
PKT t=9284 TX ua=95 mt=P len=0
PKT t=9293 RX ua=95 mt=R len=7
PKT t=9301 TX ua=95 mt=P len=0
PKT t=9327 RX ua=95 mt=R len=7
PKT t=9332 TX ua=95 mt=P len=0
PKT t=9341 RX ua=95 mt=R len=7
PKT t=9346 TX ua=95 mt=P len=0
PKT t=9355 RX ua=95 mt=R len=7
PKT t=9360 TX ua=95 mt=T len=7
PKT t=9372 TX ua=95 mt=P len=0
PKT t=9382 RX ua=95 mt=R len=7
PKT t=9387 TX ua=95 mt=P len=0
PKT t=9401 RX ua=95 mt=R len=7
PKT t=9406 TX ua=95 mt=P len=0
PKT t=9431 RX ua=95 mt=R len=7
PKT t=9436 TX ua=95 mt=P len=0
PKT t=9446 RX ua=95 mt=R len=7
PKT t=9451 TX ua=95 mt=P len=0
PKT t=9461 RX ua=95 mt=R len=7
PKT t=9466 TX ua=95 mt=P len=0
PKT t=9476 RX ua=95 mt=R len=7
PKT t=9481 TX ua=95 mt=P len=0
PKT t=9491 RX ua=95 mt=R len=7
PKT t=9496 TX ua=95 mt=P len=0
PKT t=9530 RX ua=95 mt=R len=7
PKT t=9535 TX ua=95 mt=P len=0
PKT t=9545 RX ua=95 mt=R len=7
PKT t=9551 TX ua=95 mt=P len=0
PKT t=9561 RX ua=95 mt=R len=7
PKT t=9566 TX ua=95 mt=P len=0
PKT t=9576 RX ua=95 mt=R len=7
PKT t=9581 TX ua=95 mt=P len=0
PKT t=9591 RX ua=95 mt=R len=7
PKT t=9596 TX ua=95 mt=P len=0
PKT t=9630 RX ua=95 mt=R len=7
PKT t=9635 TX ua=95 mt=T len=7
PKT t=9647 TX ua=95 mt=P len=0
PKT t=9656 RX ua=95 mt=R len=7
PKT t=9661 TX ua=95 mt=P len=0
PKT t=9670 RX ua=95 mt=R len=7
PKT t=9675 TX ua=95 mt=P len=0
PKT t=9684 RX ua=95 mt=R len=7
PKT t=9689 TX ua=95 mt=P len=0
PKT t=9701 RX ua=95 mt=R len=7
PKT t=9706 TX ua=95 mt=P len=0
PKT t=9732 RX ua=95 mt=R len=7
PKT t=9737 TX ua=95 mt=P len=0
PKT t=9746 RX ua=95 mt=R len=7
PKT t=9751 TX ua=95 mt=P len=0
PKT t=9760 RX ua=95 mt=R len=7
PKT t=9765 TX ua=95 mt=P len=0
PKT t=9774 RX ua=95 mt=R len=7
PKT t=9779 TX ua=95 mt=P len=0
PKT t=9788 RX ua=95 mt=R len=7
PKT t=9793 TX ua=95 mt=P len=0
PKT t=9802 RX ua=95 mt=R len=7
PKT t=9807 TX ua=95 mt=P len=0
PKT t=9836 RX ua=95 mt=R len=7
PKT t=9841 TX ua=95 mt=P len=0
PKT t=9851 RX ua=95 mt=R len=7
PKT t=9856 TX ua=95 mt=T len=7
PKT t=9868 TX ua=95 mt=P len=0
PKT t=9877 RX ua=95 mt=R len=7
PKT t=9882 TX ua=95 mt=P len=0
PKT t=9891 RX ua=95 mt=R len=7
PKT t=9896 TX ua=95 mt=P len=0
PKT t=9905 RX ua=95 mt=R len=7
PKT t=9910 TX ua=95 mt=P len=0
PKT t=9939 RX ua=95 mt=R len=7
PKT t=9944 TX ua=95 mt=P len=0
PKT t=9953 RX ua=95 mt=R len=7
PKT t=9958 TX ua=95 mt=P len=0
PKT t=9967 RX ua=95 mt=R len=7
PKT t=9972 TX ua=95 mt=P len=0
PKT t=9981 RX ua=95 mt=R len=7
PKT t=9986 TX ua=95 mt=P len=0
PKT t=9995 RX ua=95 mt=R len=7
PKT t=10001 TX ua=95 mt=P len=0
PKT t=10010 RX ua=95 mt=R len=7
PKT t=10015 TX ua=95 mt=P len=0
PKT t=10044 RX ua=95 mt=R len=7
PKT t=10051 TX ua=95 mt=P len=0
PKT t=10060 RX ua=95 mt=R len=7
PKT t=10065 TX ua=95 mt=P len=0
PKT t=10074 RX ua=95 mt=R len=7
PKT t=10079 TX ua=95 mt=P len=0
PKT t=10088 RX ua=95 mt=R len=7
PKT t=10093 TX ua=95 mt=P len=0
PKT t=10102 RX ua=95 mt=R len=7
PKT t=10107 TX ua=95 mt=T len=7
PKT t=10120 TX ua=95 mt=P len=0
PKT t=10151 RX ua=95 mt=R len=7
PKT t=10156 TX ua=95 mt=T len=7
PKT t=10169 TX ua=96 mt=P len=0
PKT t=10427 TX ua=95 mt=P len=0
PKT t=10447 RX ua=95 mt=R len=7
PKT t=10452 TX ua=95 mt=T len=7
PKT t=10465 TX ua=95 mt=P len=0
PKT t=10474 RX ua=95 mt=R len=7
PKT t=10479 TX ua=95 mt=P len=0
PKT t=10488 RX ua=95 mt=R len=7
PKT t=10493 TX ua=95 mt=P len=0
PKT t=10502 RX ua=95 mt=R len=7
PKT t=10507 TX ua=95 mt=P len=0
PKT t=10516 RX ua=95 mt=R len=7
PKT t=10521 TX ua=95 mt=P len=0
PKT t=10551 RX ua=95 mt=R len=7
PKT t=10556 TX ua=95 mt=P len=0
PKT t=10565 RX ua=95 mt=R len=7
PKT t=10570 TX ua=95 mt=P len=0
PKT t=10579 RX ua=95 mt=R len=7
PKT t=10584 TX ua=95 mt=P len=0
PKT t=10593 RX ua=95 mt=R len=7
PKT t=10601 TX ua=95 mt=T len=7
PKT t=10614 TX ua=95 mt=P len=0
PKT t=10623 RX ua=95 mt=R len=7
PKT t=10628 TX ua=95 mt=P len=0
PKT t=10658 RX ua=95 mt=R len=7
PKT t=10663 TX ua=95 mt=P len=0
PKT t=10672 RX ua=95 mt=R len=7
PKT t=10677 TX ua=95 mt=P len=0
PKT t=10686 RX ua=95 mt=R len=7
PKT t=10691 TX ua=95 mt=P len=0
PKT t=10701 RX ua=95 mt=R len=7
PKT t=10706 TX ua=95 mt=P len=0
PKT t=10715 RX ua=95 mt=R len=7
PKT t=10720 TX ua=95 mt=P len=0
PKT t=10729 RX ua=95 mt=R len=7
PKT t=10734 TX ua=95 mt=P len=0
PKT t=10763 RX ua=95 mt=R len=7
PKT t=10768 TX ua=95 mt=P len=0
PKT t=10777 RX ua=95 mt=R len=7
PKT t=10782 TX ua=95 mt=P len=0
PKT t=10791 RX ua=95 mt=R len=7
PKT t=10796 TX ua=95 mt=P len=0
PKT t=10805 RX ua=95 mt=R len=7
PKT t=10810 TX ua=95 mt=P len=0
PKT t=10819 RX ua=95 mt=R len=7
PKT t=10824 TX ua=95 mt=P len=0
PKT t=10833 RX ua=95 mt=R len=7
PKT t=10838 TX ua=95 mt=P len=0
PKT t=10867 RX ua=95 mt=R len=7
PKT t=10872 TX ua=95 mt=T len=7
PKT t=10885 TX ua=95 mt=P len=0
PKT t=10894 RX ua=95 mt=R len=7
PKT t=10901 TX ua=95 mt=P len=0
PKT t=10910 RX ua=95 mt=R len=7
PKT t=10915 TX ua=95 mt=P len=0
PKT t=10924 RX ua=95 mt=R len=7
PKT t=10929 TX ua=95 mt=P len=0
PKT t=10938 RX ua=95 mt=R len=7
PKT t=10943 TX ua=95 mt=P len=0
PKT t=10972 RX ua=95 mt=R len=7
PKT t=10977 TX ua=95 mt=P len=0
PKT t=10986 RX ua=95 mt=R len=7
PKT t=10991 TX ua=95 mt=P len=0
PKT t=11001 RX ua=95 mt=R len=7
PKT t=11006 TX ua=95 mt=P len=0
PKT t=11015 RX ua=95 mt=R len=7
PKT t=11020 TX ua=95 mt=P len=0
PKT t=11029 RX ua=95 mt=R len=7
PKT t=11034 TX ua=95 mt=P len=0
PKT t=11043 RX ua=95 mt=R len=7
PKT t=11051 TX ua=95 mt=P len=0
PKT t=11077 RX ua=95 mt=R len=7
PKT t=11082 TX ua=95 mt=P len=0
PKT t=11091 RX ua=95 mt=R len=7
PKT t=11096 TX ua=95 mt=P len=0
PKT t=11105 RX ua=95 mt=R len=7
PKT t=11110 TX ua=95 mt=T len=7
PKT t=11122 TX ua=95 mt=P len=0
PKT t=11131 RX ua=95 mt=R len=7
PKT t=11136 TX ua=95 mt=P len=0
PKT t=11145 RX ua=95 mt=R len=7
PKT t=11151 TX ua=95 mt=P len=0
PKT t=11179 RX ua=95 mt=R len=7
PKT t=11184 TX ua=95 mt=P len=0
PKT t=11193 RX ua=95 mt=R len=7
PKT t=11201 TX ua=95 mt=P len=0
PKT t=11210 RX ua=95 mt=R len=7
PKT t=11215 TX ua=95 mt=P len=0
PKT t=11224 RX ua=95 mt=R len=7
PKT t=11229 TX ua=95 mt=P len=0
PKT t=11238 RX ua=95 mt=R len=7
PKT t=11243 TX ua=95 mt=P len=0
PKT t=11252 RX ua=95 mt=R len=7
PKT t=11257 TX ua=95 mt=P len=0
PKT t=11286 RX ua=95 mt=R len=7
PKT t=11291 TX ua=95 mt=P len=0
PKT t=11301 RX ua=95 mt=R len=7
PKT t=11306 TX ua=95 mt=P len=0
PKT t=11315 RX ua=95 mt=R len=7
PKT t=11320 TX ua=95 mt=P len=0
PKT t=11329 RX ua=95 mt=R len=7
PKT t=11334 TX ua=95 mt=P len=0
PKT t=11343 RX ua=95 mt=R len=7
PKT t=11351 TX ua=95 mt=T len=7
PKT t=11363 TX ua=95 mt=P len=0
PKT t=11391 RX ua=95 mt=R len=7
PKT t=11396 TX ua=95 mt=P len=0
PKT t=11406 RX ua=95 mt=R len=7
PKT t=11411 TX ua=95 mt=P len=0
PKT t=11421 RX ua=95 mt=R len=7
PKT t=11426 TX ua=95 mt=P len=0
PKT t=11436 RX ua=95 mt=R len=7
PKT t=11441 TX ua=95 mt=P len=0
PKT t=11451 RX ua=95 mt=R len=7
PKT t=11456 TX ua=95 mt=P len=0
PKT t=11466 RX ua=95 mt=R len=7
PKT t=11471 TX ua=95 mt=P len=0
PKT t=11501 RX ua=95 mt=R len=7
PKT t=11506 TX ua=95 mt=P len=0
PKT t=11516 RX ua=95 mt=R len=7
PKT t=11521 TX ua=95 mt=P len=0
PKT t=11531 RX ua=95 mt=R len=7
PKT t=11536 TX ua=95 mt=P len=0
PKT t=11546 RX ua=95 mt=R len=7
PKT t=11551 TX ua=95 mt=P len=0
PKT t=11561 RX ua=95 mt=R len=7
PKT t=11566 TX ua=95 mt=P len=0
PKT t=11601 RX ua=95 mt=R len=7
PKT t=11606 TX ua=95 mt=T len=7
PKT t=11618 TX ua=95 mt=P len=0
PKT t=11627 RX ua=95 mt=R len=7
PKT t=11632 TX ua=95 mt=P len=0
PKT t=11641 RX ua=95 mt=R len=7
PKT t=11646 TX ua=95 mt=P len=0
PKT t=11655 RX ua=95 mt=R len=7
PKT t=11660 TX ua=95 mt=P len=0
PKT t=11669 RX ua=95 mt=R len=7
PKT t=11674 TX ua=95 mt=P len=0
PKT t=11703 RX ua=95 mt=R len=7
PKT t=11708 TX ua=95 mt=P len=0
PKT t=11717 RX ua=95 mt=R len=7
PKT t=11722 TX ua=95 mt=P len=0
PKT t=11731 RX ua=95 mt=R len=7
PKT t=11736 TX ua=95 mt=P len=0
PKT t=11745 RX ua=95 mt=R len=7
PKT t=11751 TX ua=95 mt=P len=0
PKT t=11760 RX ua=95 mt=R len=7
PKT t=11765 TX ua=95 mt=P len=0
PKT t=11774 RX ua=95 mt=R len=7
PKT t=11779 TX ua=95 mt=P len=0
PKT t=11808 RX ua=95 mt=R len=7
PKT t=11813 TX ua=95 mt=P len=0
PKT t=11822 RX ua=95 mt=R len=7
PKT t=11827 TX ua=95 mt=P len=0
PKT t=11836 RX ua=95 mt=R len=7
PKT t=11841 TX ua=95 mt=P len=0
PKT t=11851 RX ua=95 mt=R len=7
PKT t=11856 TX ua=95 mt=T len=7
PKT t=11868 TX ua=95 mt=P len=0
PKT t=11877 RX ua=95 mt=R len=7
PKT t=11882 TX ua=95 mt=P len=0
PKT t=11912 RX ua=95 mt=R len=7
PKT t=11916 TX ua=95 mt=P len=0
PKT t=11925 RX ua=95 mt=R len=7
PKT t=11930 TX ua=95 mt=P len=0
PKT t=11939 RX ua=95 mt=R len=7
PKT t=11944 TX ua=95 mt=P len=0
PKT t=11953 RX ua=95 mt=R len=7
PKT t=11958 TX ua=95 mt=P len=0
PKT t=11967 RX ua=95 mt=R len=7
PKT t=11972 TX ua=95 mt=P len=0
PKT t=11981 RX ua=95 mt=R len=7
PKT t=11986 TX ua=95 mt=P len=0
PKT t=12015 RX ua=95 mt=R len=7
PKT t=12020 TX ua=95 mt=P len=0
PKT t=12029 RX ua=95 mt=R len=7
PKT t=12034 TX ua=95 mt=P len=0
PKT t=12043 RX ua=95 mt=R len=7
PKT t=12051 TX ua=95 mt=P len=0
PKT t=12060 RX ua=95 mt=R len=7
PKT t=12065 TX ua=95 mt=P len=0
PKT t=12074 RX ua=95 mt=R len=7
PKT t=12079 TX ua=95 mt=P len=0
PKT t=12088 RX ua=95 mt=R len=7
PKT t=12093 TX ua=95 mt=P len=0
PKT t=12127 RX ua=95 mt=R len=7
PKT t=12132 TX ua=95 mt=T len=7
PKT t=12144 TX ua=95 mt=P len=0
PKT t=12153 RX ua=95 mt=R len=7
PKT t=12158 TX ua=95 mt=P len=0
PKT t=12167 RX ua=95 mt=R len=7
PKT t=12172 TX ua=95 mt=P len=0
PKT t=12181 RX ua=95 mt=R len=7
PKT t=12186 TX ua=95 mt=P len=0
PKT t=12195 RX ua=95 mt=R len=7
PKT t=12201 TX ua=95 mt=P len=0
PKT t=12229 RX ua=95 mt=R len=7
PKT t=12234 TX ua=95 mt=P len=0
PKT t=12243 RX ua=95 mt=R len=7
PKT t=12251 TX ua=95 mt=P len=0
PKT t=12260 RX ua=95 mt=R len=7
PKT t=12265 TX ua=95 mt=P len=0
PKT t=12274 RX ua=95 mt=R len=7
PKT t=12279 TX ua=95 mt=P len=0
PKT t=12288 RX ua=95 mt=R len=7
PKT t=12293 TX ua=95 mt=P len=0
PKT t=12302 RX ua=95 mt=R len=7
PKT t=12307 TX ua=95 mt=P len=0
PKT t=12336 RX ua=95 mt=R len=7
PKT t=12341 TX ua=95 mt=P len=0
PKT t=12351 RX ua=95 mt=R len=7
PKT t=12356 TX ua=95 mt=T len=7
PKT t=12368 TX ua=95 mt=P len=0
PKT t=12377 RX ua=95 mt=R len=7
PKT t=12382 TX ua=95 mt=P len=0
PKT t=12391 RX ua=95 mt=R len=7
PKT t=12396 TX ua=95 mt=P len=0
PKT t=12405 RX ua=95 mt=R len=7
PKT t=12410 TX ua=95 mt=P len=0
PKT t=12439 RX ua=95 mt=R len=7
PKT t=12444 TX ua=95 mt=P len=0
PKT t=12453 RX ua=95 mt=R len=7
PKT t=12458 TX ua=95 mt=P len=0
PKT t=12467 RX ua=95 mt=R len=7
PKT t=12472 TX ua=95 mt=P len=0
PKT t=12481 RX ua=95 mt=R len=7
PKT t=12486 TX ua=95 mt=P len=0
PKT t=12495 RX ua=95 mt=R len=7
PKT t=12501 TX ua=95 mt=P len=0
PKT t=12510 RX ua=95 mt=R len=7
PKT t=12515 TX ua=95 mt=P len=0
PKT t=12544 RX ua=95 mt=R len=7
PKT t=12551 TX ua=95 mt=P len=0
PKT t=12560 RX ua=95 mt=R len=7
PKT t=12565 TX ua=95 mt=P len=0
PKT t=12574 RX ua=95 mt=R len=7
PKT t=12579 TX ua=95 mt=P len=0
PKT t=12588 RX ua=95 mt=R len=7
PKT t=12593 TX ua=95 mt=P len=0
PKT t=12602 RX ua=95 mt=R len=7
PKT t=12607 TX ua=95 mt=T len=7
PKT t=12619 TX ua=95 mt=P len=0
PKT t=12651 RX ua=95 mt=R len=7
PKT t=12656 TX ua=95 mt=P len=0
PKT t=12665 RX ua=95 mt=R len=7
PKT t=12670 TX ua=95 mt=P len=0
PKT t=12679 RX ua=95 mt=R len=7
PKT t=12684 TX ua=95 mt=P len=0
PKT t=12693 RX ua=95 mt=R len=7
PKT t=12701 TX ua=95 mt=P len=0
PKT t=12710 RX ua=95 mt=R len=7
PKT t=12715 TX ua=95 mt=P len=0
PKT t=12751 RX ua=95 mt=R len=7
PKT t=12756 TX ua=95 mt=P len=0
PKT t=12765 RX ua=95 mt=R len=7
PKT t=12770 TX ua=95 mt=P len=0
PKT t=12779 RX ua=95 mt=R len=7
PKT t=12784 TX ua=95 mt=P len=0
PKT t=12793 RX ua=95 mt=R len=7
PKT t=12801 TX ua=95 mt=P len=0
PKT t=12810 RX ua=95 mt=R len=7
PKT t=12815 TX ua=95 mt=P len=0
PKT t=12851 RX ua=95 mt=R len=7
PKT t=12856 TX ua=95 mt=T len=7
PKT t=12868 TX ua=95 mt=P len=0
PKT t=12877 RX ua=95 mt=R len=7
PKT t=12882 TX ua=95 mt=P len=0
PKT t=12891 RX ua=95 mt=R len=7
PKT t=12896 TX ua=95 mt=P len=0
PKT t=12905 RX ua=95 mt=R len=7
PKT t=12910 TX ua=95 mt=P len=0
PKT t=12919 RX ua=95 mt=R len=7
PKT t=12924 TX ua=95 mt=P len=0
PKT t=12953 RX ua=95 mt=R len=7
PKT t=12958 TX ua=95 mt=P len=0
PKT t=12967 RX ua=95 mt=R len=7
PKT t=12972 TX ua=95 mt=P len=0
PKT t=12981 RX ua=95 mt=R len=7
PKT t=12986 TX ua=95 mt=P len=0
PKT t=12995 RX ua=95 mt=R len=7
PKT t=13001 TX ua=95 mt=P len=0
PKT t=13010 RX ua=95 mt=R len=7
PKT t=13015 TX ua=95 mt=P len=0
PKT t=13024 RX ua=95 mt=R len=7
PKT t=13029 TX ua=95 mt=P len=0
PKT t=13058 RX ua=95 mt=R len=7
PKT t=13063 TX ua=95 mt=P len=0
PKT t=13072 RX ua=95 mt=R len=7
PKT t=13077 TX ua=95 mt=P len=0
PKT t=13086 RX ua=95 mt=R len=7
PKT t=13091 TX ua=95 mt=P len=0
PKT t=13101 RX ua=95 mt=R len=7
PKT t=13106 TX ua=95 mt=T len=7
PKT t=13119 TX ua=95 mt=P len=0
PKT t=13128 RX ua=95 mt=R len=7
PKT t=13133 TX ua=95 mt=P len=0
PKT t=13162 RX ua=95 mt=R len=7
PKT t=13167 TX ua=95 mt=P len=0
PKT t=13176 RX ua=95 mt=R len=7
PKT t=13181 TX ua=95 mt=P len=0
PKT t=13190 RX ua=95 mt=R len=7
PKT t=13195 TX ua=95 mt=P len=0
PKT t=13204 RX ua=95 mt=R len=7
PKT t=13209 TX ua=95 mt=P len=0
PKT t=13218 RX ua=95 mt=R len=7
PKT t=13223 TX ua=95 mt=P len=0
PKT t=13232 RX ua=95 mt=R len=7
PKT t=13237 TX ua=95 mt=P len=0
PKT t=13266 RX ua=95 mt=R len=7
PKT t=13271 TX ua=95 mt=P len=0
PKT t=13280 RX ua=95 mt=R len=7
PKT t=13285 TX ua=95 mt=P len=0
PKT t=13294 RX ua=95 mt=R len=7
PKT t=13301 TX ua=95 mt=P len=0
PKT t=13310 RX ua=95 mt=R len=7
PKT t=13315 TX ua=95 mt=P len=0
PKT t=13324 RX ua=95 mt=R len=7
PKT t=13329 TX ua=95 mt=P len=0
PKT t=13338 RX ua=95 mt=R len=7
PKT t=13343 TX ua=95 mt=P len=0
PKT t=13372 RX ua=95 mt=R len=7
PKT t=13377 TX ua=95 mt=T len=7
PKT t=13390 TX ua=95 mt=P len=0
PKT t=13401 RX ua=95 mt=R len=7
PKT t=13406 TX ua=95 mt=P len=0
PKT t=13416 RX ua=95 mt=R len=7
PKT t=13421 TX ua=95 mt=P len=0
PKT t=13431 RX ua=95 mt=R len=7
PKT t=13436 TX ua=95 mt=P len=0
PKT t=13446 RX ua=95 mt=R len=7
PKT t=13451 TX ua=95 mt=P len=0
PKT t=13480 RX ua=95 mt=R len=7
PKT t=13485 TX ua=95 mt=P len=0
PKT t=13495 RX ua=95 mt=R len=7
PKT t=13501 TX ua=95 mt=P len=0
PKT t=13511 RX ua=95 mt=R len=7
PKT t=13516 TX ua=95 mt=P len=0
PKT t=13526 RX ua=95 mt=R len=7
PKT t=13531 TX ua=95 mt=P len=0
PKT t=13541 RX ua=95 mt=R len=7
PKT t=13546 TX ua=95 mt=P len=0
PKT t=13579 RX ua=95 mt=R len=7
PKT t=13584 TX ua=95 mt=P len=0
PKT t=13594 RX ua=95 mt=R len=7
PKT t=13601 TX ua=95 mt=T len=7
PKT t=13614 TX ua=95 mt=P len=0
PKT t=13623 RX ua=95 mt=R len=7
PKT t=13628 TX ua=95 mt=P len=0
PKT t=13637 RX ua=95 mt=R len=7
PKT t=13642 TX ua=95 mt=P len=0
PKT t=13651 RX ua=95 mt=R len=7
PKT t=13656 TX ua=95 mt=P len=0
PKT t=13685 RX ua=95 mt=R len=7
PKT t=13690 TX ua=95 mt=P len=0
PKT t=13701 RX ua=95 mt=R len=7
PKT t=13706 TX ua=95 mt=P len=0
PKT t=13715 RX ua=95 mt=R len=7
PKT t=13720 TX ua=95 mt=P len=0
PKT t=13729 RX ua=95 mt=R len=7
PKT t=13734 TX ua=95 mt=P len=0
PKT t=13743 RX ua=95 mt=R len=7
PKT t=13751 TX ua=95 mt=P len=0
PKT t=13785 RX ua=95 mt=R len=7
PKT t=13790 TX ua=95 mt=P len=0
PKT t=13801 RX ua=95 mt=R len=7
PKT t=13806 TX ua=95 mt=P len=0
PKT t=13815 RX ua=95 mt=R len=7
PKT t=13820 TX ua=95 mt=P len=0
PKT t=13829 RX ua=95 mt=R len=7
PKT t=13834 TX ua=95 mt=P len=0
PKT t=13843 RX ua=95 mt=R len=7
PKT t=13851 TX ua=95 mt=T len=7
PKT t=13864 TX ua=95 mt=P len=0
PKT t=13886 RX ua=95 mt=R len=7
PKT t=13891 TX ua=95 mt=P len=0
PKT t=13901 RX ua=95 mt=R len=7
PKT t=13906 TX ua=95 mt=P len=0
PKT t=13915 RX ua=95 mt=R len=7
PKT t=13920 TX ua=95 mt=P len=0
PKT t=13929 RX ua=95 mt=R len=7
PKT t=13934 TX ua=95 mt=P len=0
PKT t=13943 RX ua=95 mt=R len=7
PKT t=13951 TX ua=95 mt=P len=0
PKT t=13985 RX ua=95 mt=R len=7
PKT t=13990 TX ua=95 mt=P len=0
PKT t=14001 RX ua=95 mt=R len=7
PKT t=14006 TX ua=95 mt=P len=0
PKT t=14015 RX ua=95 mt=R len=7
PKT t=14020 TX ua=95 mt=P len=0
PKT t=14029 RX ua=95 mt=R len=7
PKT t=14034 TX ua=95 mt=P len=0
PKT t=14043 RX ua=95 mt=R len=7
PKT t=14051 TX ua=95 mt=P len=0
PKT t=14085 RX ua=95 mt=R len=7
PKT t=14090 TX ua=95 mt=P len=0
PKT t=14101 RX ua=95 mt=R len=7
PKT t=14106 TX ua=95 mt=T len=7
PKT t=14118 TX ua=95 mt=P len=0
PKT t=14127 RX ua=95 mt=R len=7
PKT t=14132 TX ua=95 mt=P len=0
PKT t=14141 RX ua=95 mt=R len=7
PKT t=14146 TX ua=95 mt=P len=0
PKT t=14155 RX ua=95 mt=R len=7
PKT t=14160 TX ua=95 mt=P len=0
PKT t=14189 RX ua=95 mt=R len=7
PKT t=14194 TX ua=95 mt=P len=0
PKT t=14203 RX ua=95 mt=R len=7
PKT t=14208 TX ua=95 mt=P len=0
PKT t=14217 RX ua=95 mt=R len=7
PKT t=14222 TX ua=95 mt=P len=0
PKT t=14231 RX ua=95 mt=R len=7
PKT t=14236 TX ua=95 mt=P len=0
PKT t=14245 RX ua=95 mt=R len=7
PKT t=14251 TX ua=95 mt=P len=0
PKT t=14260 RX ua=95 mt=R len=7
PKT t=14265 TX ua=95 mt=P len=0
PKT t=14294 RX ua=95 mt=R len=7
PKT t=14301 TX ua=95 mt=P len=0
PKT t=14310 RX ua=95 mt=R len=7
PKT t=14315 TX ua=95 mt=P len=0
PKT t=14324 RX ua=95 mt=R len=7
PKT t=14329 TX ua=95 mt=P len=0
PKT t=14338 RX ua=95 mt=R len=7
PKT t=14343 TX ua=95 mt=P len=0
PKT t=14352 RX ua=95 mt=R len=7
PKT t=14357 TX ua=95 mt=T len=7
PKT t=14369 TX ua=95 mt=P len=0
PKT t=14401 RX ua=95 mt=R len=7
PKT t=14406 TX ua=95 mt=P len=0
PKT t=14415 RX ua=95 mt=R len=7
PKT t=14420 TX ua=95 mt=P len=0
PKT t=14429 RX ua=95 mt=R len=7
PKT t=14434 TX ua=95 mt=P len=0
PKT t=14443 RX ua=95 mt=R len=7
PKT t=14451 TX ua=95 mt=P len=0
PKT t=14460 RX ua=95 mt=R len=7
PKT t=14465 TX ua=95 mt=P len=0
PKT t=14496 RX ua=95 mt=R len=7
PKT t=14502 TX ua=95 mt=P len=0
PKT t=14511 RX ua=95 mt=R len=7
PKT t=14516 TX ua=95 mt=P len=0
PKT t=14525 RX ua=95 mt=R len=7
PKT t=14530 TX ua=95 mt=P len=0
PKT t=14539 RX ua=95 mt=R len=7
PKT t=14544 TX ua=95 mt=P len=0
PKT t=14553 RX ua=95 mt=R len=7
PKT t=14558 TX ua=95 mt=P len=0
PKT t=14567 RX ua=95 mt=R len=7
PKT t=14572 TX ua=95 mt=P len=0
PKT t=14601 RX ua=95 mt=R len=7
PKT t=14606 TX ua=95 mt=T len=7
PKT t=14618 TX ua=95 mt=P len=0
PKT t=14627 RX ua=95 mt=R len=7
PKT t=14632 TX ua=95 mt=P len=0
PKT t=14641 RX ua=95 mt=R len=7
PKT t=14646 TX ua=95 mt=P len=0
PKT t=14655 RX ua=95 mt=R len=7
PKT t=14660 TX ua=95 mt=P len=0
PKT t=14669 RX ua=95 mt=R len=7
PKT t=14674 TX ua=95 mt=P len=0
PKT t=14703 RX ua=95 mt=R len=7
PKT t=14708 TX ua=95 mt=P len=0
PKT t=14717 RX ua=95 mt=R len=7
PKT t=14722 TX ua=95 mt=P len=0
PKT t=14731 RX ua=95 mt=R len=7
PKT t=14736 TX ua=95 mt=P len=0
PKT t=14745 RX ua=95 mt=R len=7
PKT t=14751 TX ua=95 mt=P len=0
PKT t=14760 RX ua=95 mt=R len=7
PKT t=14765 TX ua=95 mt=P len=0
PKT t=14774 RX ua=95 mt=R len=7
PKT t=14779 TX ua=95 mt=P len=0
PKT t=14808 RX ua=95 mt=R len=7
PKT t=14813 TX ua=95 mt=P len=0
PKT t=14822 RX ua=95 mt=R len=7
PKT t=14827 TX ua=95 mt=P len=0
PKT t=14836 RX ua=95 mt=R len=7
PKT t=14841 TX ua=95 mt=P len=0
PKT t=14851 RX ua=95 mt=R len=7
PKT t=14856 TX ua=95 mt=T len=7
PKT t=14868 TX ua=95 mt=P len=0
PKT t=14877 RX ua=95 mt=R len=7
PKT t=14882 TX ua=95 mt=P len=0
PKT t=14911 RX ua=95 mt=R len=7
PKT t=14916 TX ua=95 mt=P len=0
PKT t=14925 RX ua=95 mt=R len=7
PKT t=14930 TX ua=95 mt=P len=0
PKT t=14939 RX ua=95 mt=R len=7
PKT t=14944 TX ua=95 mt=P len=0
PKT t=14953 RX ua=95 mt=R len=7
PKT t=14958 TX ua=95 mt=P len=0
PKT t=14967 RX ua=95 mt=R len=7
PKT t=14972 TX ua=95 mt=P len=0
PKT t=14981 RX ua=95 mt=R len=7
PKT t=14986 TX ua=95 mt=P len=0
PKT t=15015 RX ua=95 mt=R len=7
PKT t=15020 TX ua=95 mt=P len=0
PKT t=15029 RX ua=95 mt=R len=7
PKT t=15034 TX ua=95 mt=P len=0
PKT t=15043 RX ua=95 mt=R len=7
PKT t=15051 TX ua=95 mt=P len=0
PKT t=15060 RX ua=95 mt=R len=7
PKT t=15065 TX ua=95 mt=P len=0
PKT t=15074 RX ua=95 mt=R len=7
PKT t=15079 TX ua=95 mt=P len=0
PKT t=15088 RX ua=95 mt=R len=7
PKT t=15093 TX ua=95 mt=P len=0
PKT t=15122 RX ua=95 mt=R len=7
PKT t=15127 TX ua=95 mt=T len=7
PKT t=15139 TX ua=95 mt=P len=0
PKT t=15151 RX ua=95 mt=R len=7
PKT t=15156 TX ua=95 mt=P len=0
PKT t=15165 RX ua=95 mt=R len=7
PKT t=15170 TX ua=95 mt=P len=0
PKT t=15179 RX ua=95 mt=R len=7
PKT t=15184 TX ua=95 mt=P len=0
PKT t=15193 RX ua=95 mt=R len=7
PKT t=15201 TX ua=95 mt=P len=0
PKT t=15227 RX ua=95 mt=R len=7
PKT t=15232 TX ua=95 mt=P len=0
PKT t=15241 RX ua=95 mt=R len=7
PKT t=15246 TX ua=95 mt=P len=0
PKT t=15255 RX ua=95 mt=R len=7
PKT t=15260 TX ua=95 mt=P len=0
PKT t=15269 RX ua=95 mt=R len=7
PKT t=15274 TX ua=95 mt=P len=0
PKT t=15283 RX ua=95 mt=R len=7
PKT t=15288 TX ua=95 mt=P len=0
PKT t=15301 RX ua=95 mt=R len=7
PKT t=15306 TX ua=95 mt=P len=0
PKT t=15331 RX ua=95 mt=R len=7
PKT t=15336 TX ua=95 mt=P len=0
PKT t=15345 RX ua=95 mt=R len=7
PKT t=15351 TX ua=95 mt=T len=7
PKT t=15363 TX ua=95 mt=P len=0
PKT t=15373 RX ua=95 mt=R len=7
PKT t=15378 TX ua=95 mt=P len=0
PKT t=15388 RX ua=95 mt=R len=7
PKT t=15393 TX ua=95 mt=P len=0
PKT t=15403 RX ua=95 mt=R len=7
PKT t=15408 TX ua=95 mt=P len=0
PKT t=15437 RX ua=95 mt=R len=7
PKT t=15442 TX ua=95 mt=P len=0
PKT t=15452 RX ua=95 mt=R len=7
PKT t=15457 TX ua=95 mt=P len=0
PKT t=15467 RX ua=95 mt=R len=7
PKT t=15472 TX ua=95 mt=P len=0
PKT t=15482 RX ua=95 mt=R len=7
PKT t=15487 TX ua=95 mt=P len=0
PKT t=15501 RX ua=95 mt=R len=7
PKT t=15506 TX ua=95 mt=P len=0
PKT t=15536 RX ua=95 mt=R len=7
PKT t=15541 TX ua=95 mt=P len=0
PKT t=15551 RX ua=95 mt=R len=7
PKT t=15556 TX ua=95 mt=P len=0
PKT t=15566 RX ua=95 mt=R len=7
PKT t=15571 TX ua=95 mt=P len=0
PKT t=15581 RX ua=95 mt=R len=7
PKT t=15586 TX ua=95 mt=P len=0
PKT t=15596 RX ua=95 mt=R len=7
PKT t=15601 TX ua=95 mt=T len=7
PKT t=15613 TX ua=95 mt=P len=0
PKT t=15641 RX ua=95 mt=R len=7
PKT t=15646 TX ua=95 mt=P len=0
PKT t=15655 RX ua=95 mt=R len=7
PKT t=15660 TX ua=95 mt=P len=0
PKT t=15669 RX ua=95 mt=R len=7
PKT t=15674 TX ua=95 mt=P len=0
PKT t=15683 RX ua=95 mt=R len=7
PKT t=15688 TX ua=95 mt=P len=0
PKT t=15701 RX ua=95 mt=R len=7
PKT t=15706 TX ua=95 mt=P len=0
PKT t=15715 RX ua=95 mt=R len=7
PKT t=15720 TX ua=95 mt=P len=0
PKT t=15751 RX ua=95 mt=R len=7
PKT t=15756 TX ua=95 mt=P len=0
PKT t=15765 RX ua=95 mt=R len=7
PKT t=15770 TX ua=95 mt=P len=0
PKT t=15779 RX ua=95 mt=R len=7
PKT t=15784 TX ua=95 mt=P len=0
PKT t=15793 RX ua=95 mt=R len=7
PKT t=15801 TX ua=95 mt=P len=0
PKT t=15810 RX ua=95 mt=R len=7
PKT t=15815 TX ua=95 mt=P len=0
PKT t=15851 RX ua=95 mt=R len=7
PKT t=15856 TX ua=95 mt=T len=7
PKT t=15868 TX ua=95 mt=P len=0
PKT t=15877 RX ua=95 mt=R len=7
PKT t=15882 TX ua=95 mt=P len=0
PKT t=15891 RX ua=95 mt=R len=7
PKT t=15896 TX ua=95 mt=P len=0
PKT t=15905 RX ua=95 mt=R len=7
PKT t=15910 TX ua=95 mt=P len=0
PKT t=15919 RX ua=95 mt=R len=7
PKT t=15924 TX ua=95 mt=P len=0
PKT t=15953 RX ua=95 mt=R len=7
PKT t=15958 TX ua=95 mt=P len=0
PKT t=15967 RX ua=95 mt=R len=7
PKT t=15972 TX ua=95 mt=P len=0
PKT t=15981 RX ua=95 mt=R len=7
PKT t=15986 TX ua=95 mt=P len=0
PKT t=15995 RX ua=95 mt=R len=7
PKT t=16001 TX ua=95 mt=P len=0
PKT t=16012 RX ua=95 mt=R len=7
PKT t=16017 TX ua=95 mt=P len=0
PKT t=16026 RX ua=95 mt=R len=7
PKT t=16031 TX ua=95 mt=P len=0
PKT t=16060 RX ua=95 mt=R len=7
PKT t=16065 TX ua=95 mt=P len=0
PKT t=16074 RX ua=95 mt=R len=7
PKT t=16079 TX ua=95 mt=P len=0
PKT t=16088 RX ua=95 mt=R len=7
PKT t=16093 TX ua=95 mt=P len=0
PKT t=16102 RX ua=95 mt=R len=7
PKT t=16107 TX ua=95 mt=T len=7
PKT t=16119 TX ua=95 mt=P len=0
PKT t=16128 RX ua=95 mt=R len=7
PKT t=16133 TX ua=95 mt=P len=0
PKT t=16162 RX ua=95 mt=R len=7
PKT t=16167 TX ua=95 mt=P len=0
PKT t=16176 RX ua=95 mt=R len=7
PKT t=16181 TX ua=95 mt=P len=0
PKT t=16190 RX ua=95 mt=R len=7
PKT t=16195 TX ua=95 mt=P len=0
PKT t=16204 RX ua=95 mt=R len=7
PKT t=16209 TX ua=95 mt=P len=0
PKT t=16218 RX ua=95 mt=R len=7
PKT t=16223 TX ua=95 mt=P len=0
PKT t=16232 RX ua=95 mt=R len=7
PKT t=16237 TX ua=95 mt=P len=0
PKT t=16267 RX ua=95 mt=R len=7
PKT t=16272 TX ua=95 mt=P len=0
PKT t=16282 RX ua=95 mt=R len=7
PKT t=16287 TX ua=95 mt=P len=0
PKT t=16296 RX ua=95 mt=R len=7
PKT t=16301 TX ua=95 mt=P len=0
PKT t=16311 RX ua=95 mt=R len=7
PKT t=16316 TX ua=95 mt=P len=0
PKT t=16325 RX ua=95 mt=R len=7
PKT t=16330 TX ua=95 mt=P len=0
PKT t=16339 RX ua=95 mt=R len=7
PKT t=16344 TX ua=95 mt=P len=0
PKT t=16374 RX ua=95 mt=R len=7
PKT t=16379 TX ua=95 mt=T len=7
PKT t=16391 TX ua=95 mt=P len=0
PKT t=16401 RX ua=95 mt=R len=7
PKT t=16406 TX ua=95 mt=P len=0
PKT t=16415 RX ua=95 mt=R len=7
PKT t=16420 TX ua=95 mt=P len=0
PKT t=16429 RX ua=95 mt=R len=7
PKT t=16434 TX ua=95 mt=P len=0
PKT t=16443 RX ua=95 mt=R len=7
PKT t=16451 TX ua=95 mt=P len=0
PKT t=16478 RX ua=95 mt=R len=7
PKT t=16483 TX ua=95 mt=P len=0
PKT t=16492 RX ua=95 mt=R len=7
PKT t=16497 TX ua=95 mt=P len=0
PKT t=16506 RX ua=95 mt=R len=7
PKT t=16511 TX ua=95 mt=P len=0
PKT t=16520 RX ua=95 mt=R len=7
PKT t=16525 TX ua=95 mt=P len=0
PKT t=16534 RX ua=95 mt=R len=7
PKT t=16539 TX ua=95 mt=P len=0
PKT t=16551 RX ua=95 mt=R len=7
PKT t=16556 TX ua=95 mt=P len=0
PKT t=16582 RX ua=95 mt=R len=7
PKT t=16587 TX ua=95 mt=P len=0
PKT t=16596 RX ua=95 mt=R len=7
PKT t=16601 TX ua=95 mt=T len=7
PKT t=16613 TX ua=95 mt=P len=0
PKT t=16622 RX ua=95 mt=R len=7
PKT t=16627 TX ua=95 mt=P len=0
PKT t=16636 RX ua=95 mt=R len=7
PKT t=16641 TX ua=95 mt=P len=0
PKT t=16651 RX ua=95 mt=R len=7
PKT t=16656 TX ua=95 mt=P len=0
PKT t=16684 RX ua=95 mt=R len=7
PKT t=16689 TX ua=95 mt=P len=0
PKT t=16701 RX ua=95 mt=R len=7
PKT t=16706 TX ua=95 mt=P len=0
PKT t=16715 RX ua=95 mt=R len=7
PKT t=16720 TX ua=95 mt=P len=0
PKT t=16729 RX ua=95 mt=R len=7
PKT t=16734 TX ua=95 mt=P len=0
PKT t=16743 RX ua=95 mt=R len=7
PKT t=16751 TX ua=95 mt=P len=0
PKT t=16784 RX ua=95 mt=R len=7
PKT t=16789 TX ua=95 mt=P len=0
PKT t=16801 RX ua=95 mt=R len=7
PKT t=16806 TX ua=95 mt=P len=0
PKT t=16815 RX ua=95 mt=R len=7
PKT t=16820 TX ua=95 mt=P len=0
PKT t=16829 RX ua=95 mt=R len=7
PKT t=16834 TX ua=95 mt=P len=0
PKT t=16843 RX ua=95 mt=R len=7
PKT t=16851 TX ua=95 mt=T len=7
PKT t=16863 TX ua=95 mt=P len=0
PKT t=16886 RX ua=95 mt=R len=7
PKT t=16891 TX ua=95 mt=P len=0
PKT t=16901 RX ua=95 mt=R len=7
PKT t=16906 TX ua=95 mt=P len=0
PKT t=16916 RX ua=95 mt=R len=7
PKT t=16921 TX ua=95 mt=P len=0
PKT t=16930 RX ua=95 mt=R len=7
PKT t=16935 TX ua=95 mt=P len=0
PKT t=16944 RX ua=95 mt=R len=7
PKT t=16951 TX ua=95 mt=P len=0
PKT t=16984 RX ua=95 mt=R len=7
PKT t=16989 TX ua=95 mt=P len=0
PKT t=17001 RX ua=95 mt=R len=7
PKT t=17006 TX ua=95 mt=P len=0
PKT t=17015 RX ua=95 mt=R len=7
PKT t=17020 TX ua=95 mt=P len=0
PKT t=17029 RX ua=95 mt=R len=7
PKT t=17034 TX ua=95 mt=P len=0
PKT t=17043 RX ua=95 mt=R len=7
PKT t=17051 TX ua=95 mt=P len=0
PKT t=17084 RX ua=95 mt=R len=7
PKT t=17089 TX ua=95 mt=P len=0
PKT t=17101 RX ua=95 mt=R len=7
PKT t=17106 TX ua=95 mt=T len=7
PKT t=17118 TX ua=95 mt=P len=0
PKT t=17128 RX ua=95 mt=R len=7
PKT t=17133 TX ua=95 mt=P len=0
PKT t=17142 RX ua=95 mt=R len=7
PKT t=17147 TX ua=95 mt=P len=0
PKT t=17156 RX ua=95 mt=R len=7
PKT t=17161 TX ua=95 mt=P len=0
PKT t=17191 RX ua=95 mt=R len=7
PKT t=17196 TX ua=95 mt=P len=0
PKT t=17205 RX ua=95 mt=R len=7
PKT t=17210 TX ua=95 mt=P len=0
PKT t=17219 RX ua=95 mt=R len=7
PKT t=17224 TX ua=95 mt=P len=0
PKT t=17233 RX ua=95 mt=R len=7
PKT t=17238 TX ua=95 mt=P len=0
PKT t=17251 RX ua=95 mt=R len=7
PKT t=17256 TX ua=95 mt=P len=0
PKT t=17290 RX ua=95 mt=R len=7
PKT t=17295 TX ua=95 mt=P len=0
PKT t=17304 RX ua=95 mt=R len=7
PKT t=17309 TX ua=95 mt=P len=0
PKT t=17318 RX ua=95 mt=R len=7
PKT t=17323 TX ua=95 mt=P len=0
PKT t=17332 RX ua=95 mt=R len=7
PKT t=17337 TX ua=95 mt=P len=0
PKT t=17346 RX ua=95 mt=R len=7
PKT t=17351 TX ua=95 mt=T len=7
PKT t=17363 TX ua=95 mt=P len=0
PKT t=17392 RX ua=95 mt=R len=7
PKT t=17396 TX ua=95 mt=P len=0
PKT t=17406 RX ua=95 mt=R len=7
PKT t=17411 TX ua=95 mt=P len=0
PKT t=17421 RX ua=95 mt=R len=7
PKT t=17426 TX ua=95 mt=P len=0
PKT t=17436 RX ua=95 mt=R len=7
PKT t=17441 TX ua=95 mt=P len=0
PKT t=17451 RX ua=95 mt=R len=7
PKT t=17456 TX ua=95 mt=P len=0
PKT t=17466 RX ua=95 mt=R len=7
PKT t=17471 TX ua=95 mt=P len=0
PKT t=17501 RX ua=95 mt=R len=7
PKT t=17506 TX ua=95 mt=P len=0
PKT t=17516 RX ua=95 mt=R len=7
PKT t=17521 TX ua=95 mt=P len=0
PKT t=17531 RX ua=95 mt=R len=7
PKT t=17536 TX ua=95 mt=P len=0
PKT t=17546 RX ua=95 mt=R len=7
PKT t=17551 TX ua=95 mt=P len=0
PKT t=17561 RX ua=95 mt=R len=7
PKT t=17566 TX ua=95 mt=P len=0
PKT t=17601 RX ua=95 mt=R len=7
PKT t=17606 TX ua=95 mt=T len=7
PKT t=17618 TX ua=95 mt=P len=0
PKT t=17627 RX ua=95 mt=R len=7
PKT t=17632 TX ua=95 mt=P len=0
PKT t=17641 RX ua=95 mt=R len=7
PKT t=17646 TX ua=95 mt=P len=0
PKT t=17655 RX ua=95 mt=R len=7
PKT t=17660 TX ua=95 mt=P len=0
PKT t=17669 RX ua=95 mt=R len=7
PKT t=17674 TX ua=95 mt=P len=0
PKT t=17703 RX ua=95 mt=R len=7
PKT t=17708 TX ua=95 mt=P len=0
PKT t=17717 RX ua=95 mt=R len=7
PKT t=17722 TX ua=95 mt=P len=0
PKT t=17731 RX ua=95 mt=R len=7
PKT t=17736 TX ua=95 mt=P len=0
PKT t=17745 RX ua=95 mt=R len=7
PKT t=17751 TX ua=95 mt=P len=0
PKT t=17760 RX ua=95 mt=R len=7
PKT t=17765 TX ua=95 mt=P len=0
PKT t=17774 RX ua=95 mt=R len=7
PKT t=17779 TX ua=95 mt=P len=0
PKT t=17808 RX ua=95 mt=R len=7
PKT t=17813 TX ua=95 mt=P len=0
PKT t=17822 RX ua=95 mt=R len=7
PKT t=17827 TX ua=95 mt=P len=0
PKT t=17836 RX ua=95 mt=R len=7
PKT t=17841 TX ua=95 mt=P len=0
PKT t=17851 RX ua=95 mt=R len=7
PKT t=17856 TX ua=95 mt=T len=7
PKT t=17868 TX ua=95 mt=P len=0
PKT t=17877 RX ua=95 mt=R len=7
PKT t=17882 TX ua=95 mt=P len=0
PKT t=17911 RX ua=95 mt=R len=7
PKT t=17916 TX ua=95 mt=P len=0
PKT t=17925 RX ua=95 mt=R len=7
PKT t=17930 TX ua=95 mt=P len=0
PKT t=17939 RX ua=95 mt=R len=7
PKT t=17944 TX ua=95 mt=P len=0
PKT t=17953 RX ua=95 mt=R len=7
PKT t=17958 TX ua=95 mt=P len=0
PKT t=17967 RX ua=95 mt=R len=7
PKT t=17972 TX ua=95 mt=P len=0
PKT t=17981 RX ua=95 mt=R len=7
PKT t=17986 TX ua=95 mt=P len=0
PKT t=18015 RX ua=95 mt=R len=7
PKT t=18020 TX ua=95 mt=P len=0
PKT t=18029 RX ua=95 mt=R len=7
PKT t=18034 TX ua=95 mt=P len=0
PKT t=18043 RX ua=95 mt=R len=7
PKT t=18051 TX ua=95 mt=P len=0
PKT t=18060 RX ua=95 mt=R len=7
PKT t=18065 TX ua=95 mt=P len=0
PKT t=18074 RX ua=95 mt=R len=7
PKT t=18079 TX ua=95 mt=P len=0
PKT t=18088 RX ua=95 mt=R len=7
PKT t=18093 TX ua=95 mt=P len=0
PKT t=18122 RX ua=95 mt=R len=7
PKT t=18127 TX ua=95 mt=T len=7
PKT t=18140 TX ua=95 mt=P len=0
PKT t=18151 RX ua=95 mt=R len=7
PKT t=18156 TX ua=95 mt=T len=7
PKT t=18169 TX ua=95 mt=P len=0
PKT t=18178 RX ua=95 mt=R len=7
PKT t=18183 TX ua=95 mt=P len=0
PKT t=18192 RX ua=95 mt=R len=7
PKT t=18197 TX ua=95 mt=P len=0
PKT t=18226 RX ua=95 mt=R len=7
PKT t=18231 TX ua=95 mt=P len=0
PKT t=18240 RX ua=95 mt=R len=7
PKT t=18245 TX ua=95 mt=P len=0
PKT t=18254 RX ua=95 mt=R len=7
PKT t=18259 TX ua=95 mt=P len=0
PKT t=18268 RX ua=95 mt=R len=7
PKT t=18273 TX ua=95 mt=P len=0
PKT t=18282 RX ua=95 mt=R len=7
PKT t=18287 TX ua=95 mt=P len=0
PKT t=18296 RX ua=95 mt=R len=7
PKT t=18301 TX ua=95 mt=P len=0
PKT t=18331 RX ua=95 mt=R len=7
PKT t=18336 TX ua=95 mt=P len=0
PKT t=18345 RX ua=95 mt=R len=7
PKT t=18351 TX ua=95 mt=T len=7
PKT t=18364 TX ua=95 mt=P len=0
PKT t=18373 RX ua=95 mt=R len=7
PKT t=18378 TX ua=95 mt=P len=0
PKT t=18387 RX ua=95 mt=R len=7
PKT t=18392 TX ua=95 mt=P len=0
PKT t=18401 RX ua=95 mt=R len=7
PKT t=18406 TX ua=95 mt=P len=0
PKT t=18436 RX ua=95 mt=R len=7
PKT t=18441 TX ua=96 mt=I len=13
PKT t=18951 TX ua=96 mt=T len=4
PKT t=18962 TX ua=95 mt=P len=0
PKT t=18971 RX ua=95 mt=R len=7
PKT t=18976 TX ua=96 mt=P len=0
PKT t=19234 TX ua=95 mt=P len=0
PKT t=19243 RX ua=95 mt=R len=7
PKT t=19251 TX ua=95 mt=T len=7
PKT t=19263 TX ua=95 mt=P len=0
PKT t=19272 RX ua=95 mt=R len=7
PKT t=19277 TX ua=95 mt=P len=0
PKT t=19286 RX ua=95 mt=R len=7
PKT t=19291 TX ua=95 mt=P len=0
PKT t=19301 RX ua=95 mt=R len=7
PKT t=19306 TX ua=95 mt=P len=0
PKT t=19335 RX ua=95 mt=R len=7
PKT t=19340 TX ua=95 mt=P len=0
PKT t=19351 RX ua=95 mt=R len=7
PKT t=19356 TX ua=95 mt=T len=7
PKT t=19368 TX ua=95 mt=P len=0
PKT t=19378 RX ua=95 mt=R len=7
PKT t=19383 TX ua=95 mt=P len=0
PKT t=19393 RX ua=95 mt=R len=7
PKT t=19401 TX ua=95 mt=P len=0
PKT t=19435 RX ua=95 mt=R len=7
PKT t=19440 TX ua=95 mt=P len=0
PKT t=19451 RX ua=95 mt=R len=7
PKT t=19456 TX ua=95 mt=P len=0
PKT t=19466 RX ua=95 mt=R len=7
PKT t=19471 TX ua=95 mt=P len=0
PKT t=19481 RX ua=95 mt=R len=7
PKT t=19486 TX ua=95 mt=P len=0
PKT t=19496 RX ua=95 mt=R len=7
PKT t=19501 TX ua=95 mt=P len=0
PKT t=19535 RX ua=95 mt=R len=7
PKT t=19540 TX ua=95 mt=P len=0
PKT t=19551 RX ua=95 mt=R len=7
PKT t=19556 TX ua=95 mt=P len=0
PKT t=19566 RX ua=95 mt=R len=7
PKT t=19571 TX ua=95 mt=P len=0
PKT t=19581 RX ua=95 mt=R len=7
PKT t=19586 TX ua=95 mt=P len=0
PKT t=19596 RX ua=95 mt=R len=7
PKT t=19601 TX ua=95 mt=T len=7
PKT t=19613 TX ua=95 mt=P len=0
PKT t=19637 RX ua=95 mt=R len=7
PKT t=19642 TX ua=95 mt=P len=0
PKT t=19651 RX ua=95 mt=R len=7
PKT t=19656 TX ua=95 mt=P len=0
PKT t=19665 RX ua=95 mt=R len=7
PKT t=19670 TX ua=95 mt=P len=0
PKT t=19679 RX ua=95 mt=R len=7
PKT t=19684 TX ua=95 mt=P len=0
PKT t=19693 RX ua=95 mt=R len=7
PKT t=19701 TX ua=95 mt=P len=0
PKT t=19735 RX ua=95 mt=R len=7
PKT t=19740 TX ua=95 mt=P len=0
PKT t=19751 RX ua=95 mt=R len=7
PKT t=19756 TX ua=95 mt=P len=0
PKT t=19765 RX ua=95 mt=R len=7
PKT t=19770 TX ua=95 mt=P len=0
PKT t=19779 RX ua=95 mt=R len=7
PKT t=19784 TX ua=95 mt=P len=0
PKT t=19793 RX ua=95 mt=R len=7
PKT t=19801 TX ua=95 mt=P len=0
PKT t=19835 RX ua=95 mt=R len=7
PKT t=19840 TX ua=95 mt=P len=0
PKT t=19851 RX ua=95 mt=R len=7
PKT t=19856 TX ua=95 mt=T len=7
PKT t=19868 TX ua=95 mt=P len=0
PKT t=19877 RX ua=95 mt=R len=7
PKT t=19882 TX ua=95 mt=P len=0
PKT t=19891 RX ua=95 mt=R len=7
PKT t=19896 TX ua=95 mt=P len=0
PKT t=19905 RX ua=95 mt=R len=7
PKT t=19910 TX ua=95 mt=P len=0
PKT t=19939 RX ua=95 mt=R len=7
PKT t=19944 TX ua=95 mt=P len=0
PKT t=19953 RX ua=95 mt=R len=7
PKT t=19958 TX ua=95 mt=P len=0
PKT t=19967 RX ua=95 mt=R len=7
PKT t=19972 TX ua=95 mt=P len=0
PKT t=19981 RX ua=95 mt=R len=7
PKT t=19986 TX ua=95 mt=P len=0
PKT t=19995 RX ua=95 mt=R len=7
PKT t=20001 TX ua=95 mt=P len=0
PKT t=20014 RX ua=95 mt=R len=7
PKT t=20019 TX ua=95 mt=P len=0
PKT t=20044 RX ua=95 mt=R len=7
PKT t=20051 TX ua=95 mt=P len=0
PKT t=20060 RX ua=95 mt=R len=7
PKT t=20065 TX ua=95 mt=P len=0
PKT t=20074 RX ua=95 mt=R len=7
PKT t=20079 TX ua=95 mt=P len=0
PKT t=20088 RX ua=95 mt=R len=7
PKT t=20093 TX ua=95 mt=P len=0
PKT t=20102 RX ua=95 mt=R len=7
PKT t=20107 TX ua=95 mt=T len=7
PKT t=20119 TX ua=95 mt=P len=0
PKT t=20152 RX ua=95 mt=R len=7
PKT t=20157 TX ua=95 mt=P len=0
PKT t=20166 RX ua=95 mt=R len=7
PKT t=20171 TX ua=95 mt=P len=0
PKT t=20180 RX ua=95 mt=R len=7
PKT t=20185 TX ua=95 mt=P len=0
PKT t=20194 RX ua=95 mt=R len=7
PKT t=20201 TX ua=95 mt=P len=0
PKT t=20210 RX ua=95 mt=R len=7
PKT t=20215 TX ua=95 mt=P len=0
PKT t=20251 RX ua=95 mt=R len=7
PKT t=20256 TX ua=95 mt=P len=0
PKT t=20265 RX ua=95 mt=R len=7
PKT t=20270 TX ua=95 mt=P len=0
PKT t=20279 RX ua=95 mt=R len=7
PKT t=20284 TX ua=95 mt=P len=0
PKT t=20293 RX ua=95 mt=R len=7
PKT t=20301 TX ua=95 mt=P len=0
PKT t=20310 RX ua=95 mt=R len=7
PKT t=20315 TX ua=95 mt=P len=0
PKT t=20351 RX ua=95 mt=R len=7
PKT t=20356 TX ua=95 mt=T len=7
PKT t=20368 TX ua=95 mt=P len=0
PKT t=20377 RX ua=95 mt=R len=7
PKT t=20382 TX ua=95 mt=P len=0
PKT t=20391 RX ua=95 mt=R len=7
PKT t=20396 TX ua=95 mt=P len=0
PKT t=20405 RX ua=95 mt=R len=7
PKT t=20410 TX ua=95 mt=P len=0
PKT t=20419 RX ua=95 mt=R len=7
PKT t=20424 TX ua=95 mt=P len=0
PKT t=20453 RX ua=95 mt=R len=7
PKT t=20458 TX ua=95 mt=P len=0
PKT t=20467 RX ua=95 mt=R len=7
PKT t=20472 TX ua=95 mt=P len=0
PKT t=20481 RX ua=95 mt=R len=7
PKT t=20486 TX ua=95 mt=P len=0
PKT t=20495 RX ua=95 mt=R len=7
PKT t=20501 TX ua=95 mt=P len=0
PKT t=20510 RX ua=95 mt=R len=7
PKT t=20515 TX ua=95 mt=P len=0
PKT t=20524 RX ua=95 mt=R len=7
PKT t=20529 TX ua=95 mt=P len=0
PKT t=20558 RX ua=95 mt=R len=7
PKT t=20563 TX ua=95 mt=P len=0
PKT t=20572 RX ua=95 mt=R len=7
PKT t=20577 TX ua=95 mt=P len=0
PKT t=20586 RX ua=95 mt=R len=7
PKT t=20591 TX ua=95 mt=P len=0
PKT t=20601 RX ua=95 mt=R len=7
PKT t=20606 TX ua=95 mt=T len=7
PKT t=20618 TX ua=95 mt=P len=0
PKT t=20627 RX ua=95 mt=R len=7
PKT t=20632 TX ua=95 mt=P len=0
PKT t=20661 RX ua=95 mt=R len=7
PKT t=20666 TX ua=95 mt=P len=0
PKT t=20675 RX ua=95 mt=R len=7
PKT t=20680 TX ua=95 mt=P len=0
PKT t=20689 RX ua=95 mt=R len=7
PKT t=20694 TX ua=95 mt=P len=0
PKT t=20703 RX ua=95 mt=R len=7
PKT t=20708 TX ua=95 mt=P len=0
PKT t=20717 RX ua=95 mt=R len=7
PKT t=20722 TX ua=95 mt=P len=0
PKT t=20731 RX ua=95 mt=R len=7
PKT t=20736 TX ua=95 mt=P len=0
PKT t=20765 RX ua=95 mt=R len=7
PKT t=20770 TX ua=95 mt=P len=0
PKT t=20779 RX ua=95 mt=R len=7
PKT t=20784 TX ua=95 mt=P len=0
PKT t=20793 RX ua=95 mt=R len=7
PKT t=20801 TX ua=95 mt=P len=0
PKT t=20810 RX ua=95 mt=R len=7
PKT t=20815 TX ua=95 mt=P len=0
PKT t=20824 RX ua=95 mt=R len=7
PKT t=20829 TX ua=95 mt=P len=0
PKT t=20838 RX ua=95 mt=R len=7
PKT t=20843 TX ua=95 mt=P len=0
PKT t=20872 RX ua=95 mt=R len=7
PKT t=20877 TX ua=95 mt=T len=7
PKT t=20889 TX ua=95 mt=P len=0
PKT t=20901 RX ua=95 mt=R len=7
PKT t=20906 TX ua=95 mt=P len=0
PKT t=20915 RX ua=95 mt=R len=7
PKT t=20920 TX ua=95 mt=P len=0
PKT t=20929 RX ua=95 mt=R len=7
PKT t=20934 TX ua=95 mt=P len=0
PKT t=20943 RX ua=95 mt=R len=7
PKT t=20951 TX ua=95 mt=P len=0
PKT t=20977 RX ua=95 mt=R len=7
PKT t=20982 TX ua=95 mt=P len=0
PKT t=20991 RX ua=95 mt=R len=7
PKT t=20996 TX ua=95 mt=P len=0
PKT t=21005 RX ua=95 mt=R len=7
PKT t=21010 TX ua=95 mt=P len=0
PKT t=21019 RX ua=95 mt=R len=7
PKT t=21024 TX ua=95 mt=P len=0
PKT t=21033 RX ua=95 mt=R len=7
PKT t=21038 TX ua=95 mt=P len=0
PKT t=21051 RX ua=95 mt=R len=7
PKT t=21056 TX ua=95 mt=P len=0
PKT t=21081 RX ua=95 mt=R len=7
PKT t=21086 TX ua=95 mt=P len=0
PKT t=21095 RX ua=95 mt=R len=7
PKT t=21101 TX ua=95 mt=T len=7
PKT t=21114 TX ua=95 mt=P len=0
PKT t=21123 RX ua=95 mt=R len=7
PKT t=21128 TX ua=95 mt=P len=0
PKT t=21137 RX ua=95 mt=R len=7
PKT t=21142 TX ua=95 mt=P len=0
PKT t=21151 RX ua=95 mt=R len=7
PKT t=21156 TX ua=95 mt=P len=0
PKT t=21185 RX ua=95 mt=R len=7
PKT t=21190 TX ua=95 mt=P len=0
PKT t=21201 RX ua=95 mt=R len=7
PKT t=21206 TX ua=95 mt=P len=0
PKT t=21215 RX ua=95 mt=R len=7
PKT t=21220 TX ua=95 mt=P len=0
PKT t=21229 RX ua=95 mt=R len=7
PKT t=21234 TX ua=95 mt=P len=0
PKT t=21243 RX ua=95 mt=R len=7
PKT t=21251 TX ua=95 mt=P len=0
PKT t=21285 RX ua=95 mt=R len=7
PKT t=21290 TX ua=95 mt=P len=0
PKT t=21301 RX ua=95 mt=R len=7
PKT t=21306 TX ua=95 mt=P len=0
PKT t=21315 RX ua=95 mt=R len=7
PKT t=21320 TX ua=95 mt=P len=0
PKT t=21329 RX ua=95 mt=R len=7
PKT t=21334 TX ua=95 mt=P len=0
PKT t=21343 RX ua=95 mt=R len=7
PKT t=21351 TX ua=95 mt=T len=7
PKT t=21364 TX ua=95 mt=P len=0
PKT t=21388 RX ua=95 mt=R len=7
PKT t=21393 TX ua=95 mt=P len=0
PKT t=21403 RX ua=95 mt=R len=7
PKT t=21408 TX ua=95 mt=P len=0
PKT t=21418 RX ua=95 mt=R len=7
PKT t=21423 TX ua=95 mt=P len=0
PKT t=21433 RX ua=95 mt=R len=7
PKT t=21438 TX ua=95 mt=P len=0
PKT t=21451 RX ua=95 mt=R len=7
PKT t=21456 TX ua=95 mt=P len=0
PKT t=21485 RX ua=95 mt=R len=7
PKT t=21490 TX ua=95 mt=P len=0
PKT t=21501 RX ua=95 mt=R len=7
PKT t=21506 TX ua=95 mt=P len=0
PKT t=21516 RX ua=95 mt=R len=7
PKT t=21521 TX ua=95 mt=P len=0
PKT t=21531 RX ua=95 mt=R len=7
PKT t=21536 TX ua=95 mt=P len=0
PKT t=21546 RX ua=95 mt=R len=7
PKT t=21551 TX ua=95 mt=P len=0
PKT t=21585 RX ua=95 mt=R len=7
PKT t=21590 TX ua=95 mt=P len=0
PKT t=21601 RX ua=95 mt=R len=7
PKT t=21606 TX ua=95 mt=T len=7
PKT t=21619 TX ua=95 mt=P len=0
PKT t=21628 RX ua=95 mt=R len=7
PKT t=21633 TX ua=95 mt=P len=0
PKT t=21642 RX ua=95 mt=R len=7
PKT t=21647 TX ua=95 mt=P len=0
PKT t=21656 RX ua=95 mt=R len=7
PKT t=21661 TX ua=95 mt=P len=0
PKT t=21690 RX ua=95 mt=R len=7
PKT t=21695 TX ua=95 mt=P len=0
PKT t=21704 RX ua=95 mt=R len=7
PKT t=21709 TX ua=95 mt=P len=0
PKT t=21718 RX ua=95 mt=R len=7
PKT t=21723 TX ua=95 mt=P len=0
PKT t=21732 RX ua=95 mt=R len=7
PKT t=21737 TX ua=95 mt=P len=0
PKT t=21746 RX ua=95 mt=R len=7
PKT t=21751 TX ua=95 mt=P len=0
PKT t=21760 RX ua=95 mt=R len=7
PKT t=21765 TX ua=95 mt=P len=0
PKT t=21794 RX ua=95 mt=R len=7
PKT t=21801 TX ua=95 mt=P len=0
PKT t=21811 RX ua=95 mt=R len=7
PKT t=21816 TX ua=95 mt=P len=0
PKT t=21825 RX ua=95 mt=R len=7
PKT t=21830 TX ua=95 mt=P len=0
PKT t=21839 RX ua=95 mt=R len=7
PKT t=21844 TX ua=95 mt=P len=0
PKT t=21853 RX ua=95 mt=R len=7
PKT t=21858 TX ua=95 mt=T len=7
PKT t=21871 TX ua=95 mt=P len=0
PKT t=21901 RX ua=95 mt=R len=7
PKT t=21906 TX ua=95 mt=P len=0
PKT t=21915 RX ua=95 mt=R len=7
PKT t=21920 TX ua=95 mt=P len=0
PKT t=21929 RX ua=95 mt=R len=7
PKT t=21934 TX ua=95 mt=P len=0
PKT t=21943 RX ua=95 mt=R len=7
PKT t=21951 TX ua=95 mt=P len=0
PKT t=21960 RX ua=95 mt=R len=7
PKT t=21965 TX ua=95 mt=P len=0
PKT t=22001 RX ua=95 mt=R len=7
PKT t=22006 TX ua=95 mt=P len=0
PKT t=22015 RX ua=95 mt=R len=7
PKT t=22020 TX ua=95 mt=P len=0
PKT t=22029 RX ua=95 mt=R len=7
PKT t=22034 TX ua=95 mt=P len=0
PKT t=22043 RX ua=95 mt=R len=7
PKT t=22051 TX ua=95 mt=P len=0
PKT t=22060 RX ua=95 mt=R len=7
PKT t=22065 TX ua=95 mt=P len=0
PKT t=22101 RX ua=95 mt=R len=7
PKT t=22106 TX ua=95 mt=T len=7
PKT t=22118 TX ua=95 mt=P len=0
PKT t=22127 RX ua=95 mt=R len=7
PKT t=22132 TX ua=95 mt=P len=0
PKT t=22141 RX ua=95 mt=R len=7
PKT t=22146 TX ua=95 mt=P len=0
PKT t=22155 RX ua=95 mt=R len=7
PKT t=22160 TX ua=95 mt=P len=0
PKT t=22169 RX ua=95 mt=R len=7
PKT t=22174 TX ua=95 mt=P len=0
PKT t=22203 RX ua=95 mt=R len=7
PKT t=22208 TX ua=95 mt=P len=0
PKT t=22217 RX ua=95 mt=R len=7
PKT t=22222 TX ua=95 mt=P len=0
PKT t=22231 RX ua=95 mt=R len=7
PKT t=22236 TX ua=95 mt=P len=0
PKT t=22245 RX ua=95 mt=R len=7
PKT t=22251 TX ua=95 mt=P len=0
PKT t=22260 RX ua=95 mt=R len=7
PKT t=22265 TX ua=95 mt=P len=0
PKT t=22274 RX ua=95 mt=R len=7
PKT t=22279 TX ua=95 mt=P len=0
PKT t=22308 RX ua=95 mt=R len=7
PKT t=22313 TX ua=95 mt=P len=0
PKT t=22322 RX ua=95 mt=R len=7
PKT t=22327 TX ua=95 mt=P len=0
PKT t=22336 RX ua=95 mt=R len=7
PKT t=22341 TX ua=95 mt=P len=0
PKT t=22351 RX ua=95 mt=R len=7
PKT t=22356 TX ua=95 mt=T len=7
PKT t=22368 TX ua=95 mt=P len=0
PKT t=22377 RX ua=95 mt=R len=7
PKT t=22382 TX ua=95 mt=P len=0
PKT t=22411 RX ua=95 mt=R len=7
PKT t=22416 TX ua=95 mt=P len=0
PKT t=22425 RX ua=95 mt=R len=7
PKT t=22430 TX ua=95 mt=P len=0
PKT t=22439 RX ua=95 mt=R len=7
PKT t=22444 TX ua=95 mt=P len=0
PKT t=22453 RX ua=95 mt=R len=7
PKT t=22458 TX ua=95 mt=P len=0
PKT t=22467 RX ua=95 mt=R len=7
PKT t=22472 TX ua=95 mt=P len=0
PKT t=22481 RX ua=95 mt=R len=7
PKT t=22486 TX ua=95 mt=P len=0
PKT t=22515 RX ua=95 mt=R len=7
PKT t=22520 TX ua=95 mt=P len=0
PKT t=22529 RX ua=95 mt=R len=7
PKT t=22534 TX ua=95 mt=P len=0
PKT t=22543 RX ua=95 mt=R len=7
PKT t=22551 TX ua=95 mt=P len=0
PKT t=22560 RX ua=95 mt=R len=7
PKT t=22565 TX ua=95 mt=P len=0
PKT t=22574 RX ua=95 mt=R len=7
PKT t=22579 TX ua=95 mt=P len=0
PKT t=22588 RX ua=95 mt=R len=7
PKT t=22593 TX ua=95 mt=P len=0
PKT t=22622 RX ua=95 mt=R len=7
PKT t=22627 TX ua=95 mt=T len=7
PKT t=22639 TX ua=95 mt=P len=0
PKT t=22651 RX ua=95 mt=R len=7
PKT t=22656 TX ua=95 mt=P len=0
PKT t=22665 RX ua=95 mt=R len=7
PKT t=22670 TX ua=95 mt=P len=0
PKT t=22679 RX ua=95 mt=R len=7
PKT t=22684 TX ua=95 mt=P len=0
PKT t=22693 RX ua=95 mt=R len=7
PKT t=22701 TX ua=95 mt=P len=0
PKT t=22727 RX ua=95 mt=R len=7
PKT t=22732 TX ua=95 mt=P len=0
PKT t=22741 RX ua=95 mt=R len=7
PKT t=22746 TX ua=95 mt=P len=0
PKT t=22755 RX ua=95 mt=R len=7
PKT t=22760 TX ua=95 mt=P len=0
PKT t=22769 RX ua=95 mt=R len=7
PKT t=22774 TX ua=95 mt=P len=0
PKT t=22783 RX ua=95 mt=R len=7
PKT t=22788 TX ua=95 mt=P len=0
PKT t=22801 RX ua=95 mt=R len=7
PKT t=22806 TX ua=95 mt=P len=0
PKT t=22831 RX ua=95 mt=R len=7
PKT t=22836 TX ua=95 mt=P len=0
PKT t=22845 RX ua=95 mt=R len=7
PKT t=22851 TX ua=95 mt=T len=7
PKT t=22863 TX ua=95 mt=P len=0
PKT t=22872 RX ua=95 mt=R len=7
PKT t=22877 TX ua=95 mt=P len=0
PKT t=22886 RX ua=95 mt=R len=7
PKT t=22891 TX ua=95 mt=P len=0
PKT t=22901 RX ua=95 mt=R len=7
PKT t=22906 TX ua=95 mt=P len=0
PKT t=22934 RX ua=95 mt=R len=7
PKT t=22939 TX ua=95 mt=P len=0
PKT t=22951 RX ua=95 mt=R len=7
PKT t=22956 TX ua=95 mt=P len=0
PKT t=22965 RX ua=95 mt=R len=7
PKT t=22970 TX ua=95 mt=P len=0
PKT t=22979 RX ua=95 mt=R len=7
PKT t=22984 TX ua=95 mt=P len=0
PKT t=22993 RX ua=95 mt=R len=7
PKT t=23001 TX ua=95 mt=P len=0
PKT t=23034 RX ua=95 mt=R len=7
PKT t=23039 TX ua=95 mt=P len=0
PKT t=23051 RX ua=95 mt=R len=7
PKT t=23056 TX ua=95 mt=P len=0
PKT t=23065 RX ua=95 mt=R len=7
PKT t=23070 TX ua=95 mt=P len=0
PKT t=23079 RX ua=95 mt=R len=7
PKT t=23084 TX ua=95 mt=P len=0
PKT t=23093 RX ua=95 mt=R len=7
PKT t=23101 TX ua=95 mt=T len=7
PKT t=23113 TX ua=95 mt=P len=0
PKT t=23135 RX ua=95 mt=R len=7
PKT t=23140 TX ua=95 mt=P len=0
PKT t=23151 RX ua=95 mt=R len=7
PKT t=23156 TX ua=95 mt=P len=0
PKT t=23165 RX ua=95 mt=R len=7
PKT t=23170 TX ua=95 mt=P len=0
PKT t=23179 RX ua=95 mt=R len=7
PKT t=23184 TX ua=95 mt=P len=0
PKT t=23193 RX ua=95 mt=R len=7
PKT t=23201 TX ua=95 mt=P len=0
PKT t=23234 RX ua=95 mt=R len=7
PKT t=23239 TX ua=95 mt=P len=0
PKT t=23251 RX ua=95 mt=R len=7
PKT t=23256 TX ua=95 mt=P len=0
PKT t=23265 RX ua=95 mt=R len=7
PKT t=23270 TX ua=95 mt=P len=0
PKT t=23279 RX ua=95 mt=R len=7
PKT t=23284 TX ua=95 mt=P len=0
PKT t=23293 RX ua=95 mt=R len=7
PKT t=23301 TX ua=95 mt=P len=0
PKT t=23334 RX ua=95 mt=R len=7
PKT t=23339 TX ua=95 mt=P len=0
PKT t=23351 RX ua=95 mt=R len=7
PKT t=23356 TX ua=95 mt=T len=7
PKT t=23368 TX ua=95 mt=P len=0
PKT t=23378 RX ua=95 mt=R len=7
PKT t=23383 TX ua=95 mt=P len=0
PKT t=23393 RX ua=95 mt=R len=7
PKT t=23401 TX ua=95 mt=P len=0
PKT t=23434 RX ua=95 mt=R len=7
PKT t=23439 TX ua=95 mt=P len=0
PKT t=23451 RX ua=95 mt=R len=7
PKT t=23456 TX ua=95 mt=P len=0
PKT t=23466 RX ua=95 mt=R len=7
PKT t=23471 TX ua=95 mt=P len=0
PKT t=23481 RX ua=95 mt=R len=7
PKT t=23486 TX ua=95 mt=P len=0
PKT t=23496 RX ua=95 mt=R len=7
PKT t=23501 TX ua=95 mt=P len=0
PKT t=23534 RX ua=95 mt=R len=7
PKT t=23539 TX ua=95 mt=P len=0
PKT t=23551 RX ua=95 mt=R len=7
PKT t=23556 TX ua=95 mt=P len=0
PKT t=23566 RX ua=95 mt=R len=7
PKT t=23571 TX ua=95 mt=P len=0
PKT t=23581 RX ua=95 mt=R len=7
PKT t=23586 TX ua=95 mt=P len=0
PKT t=23596 RX ua=95 mt=R len=7
PKT t=23601 TX ua=95 mt=T len=7
PKT t=23613 TX ua=95 mt=P len=0
PKT t=23635 RX ua=95 mt=R len=7
PKT t=23640 TX ua=95 mt=P len=0
PKT t=23651 RX ua=95 mt=R len=7
PKT t=23656 TX ua=95 mt=P len=0
PKT t=23665 RX ua=95 mt=R len=7
PKT t=23670 TX ua=95 mt=P len=0
PKT t=23679 RX ua=95 mt=R len=7
PKT t=23684 TX ua=95 mt=P len=0
PKT t=23693 RX ua=95 mt=R len=7
PKT t=23701 TX ua=95 mt=P len=0
PKT t=23734 RX ua=95 mt=R len=7
PKT t=23739 TX ua=95 mt=P len=0
PKT t=23751 RX ua=95 mt=R len=7
PKT t=23756 TX ua=95 mt=P len=0
PKT t=23765 RX ua=95 mt=R len=7
PKT t=23770 TX ua=95 mt=P len=0
PKT t=23779 RX ua=95 mt=R len=7
PKT t=23784 TX ua=95 mt=P len=0
PKT t=23793 RX ua=95 mt=R len=7
PKT t=23801 TX ua=95 mt=P len=0
PKT t=23834 RX ua=95 mt=R len=7
PKT t=23839 TX ua=95 mt=P len=0
PKT t=23851 RX ua=95 mt=R len=7
PKT t=23856 TX ua=95 mt=T len=7
PKT t=23868 TX ua=95 mt=P len=0
PKT t=23877 RX ua=95 mt=R len=7
PKT t=23882 TX ua=95 mt=P len=0
PKT t=23891 RX ua=95 mt=R len=7
PKT t=23896 TX ua=95 mt=P len=0
PKT t=23905 RX ua=95 mt=R len=7
PKT t=23910 TX ua=95 mt=P len=0
PKT t=23939 RX ua=95 mt=R len=7
PKT t=23944 TX ua=95 mt=P len=0
PKT t=23953 RX ua=95 mt=R len=7
PKT t=23958 TX ua=95 mt=P len=0
PKT t=23967 RX ua=95 mt=R len=7
PKT t=23972 TX ua=95 mt=P len=0
PKT t=23981 RX ua=95 mt=R len=7
PKT t=23986 TX ua=95 mt=P len=0
PKT t=23995 RX ua=95 mt=R len=7
PKT t=24001 TX ua=95 mt=P len=0
PKT t=24010 RX ua=95 mt=R len=7
PKT t=24016 TX ua=95 mt=P len=0
PKT t=24044 RX ua=95 mt=R len=7
PKT t=24051 TX ua=95 mt=P len=0
PKT t=24060 RX ua=95 mt=R len=7
PKT t=24065 TX ua=95 mt=P len=0
PKT t=24074 RX ua=95 mt=R len=7
PKT t=24079 TX ua=95 mt=P len=0
PKT t=24088 RX ua=95 mt=R len=7
PKT t=24093 TX ua=95 mt=P len=0
PKT t=24102 RX ua=95 mt=R len=7
PKT t=24107 TX ua=95 mt=T len=7
PKT t=24119 TX ua=95 mt=P len=0
PKT t=24151 RX ua=95 mt=R len=7
PKT t=24156 TX ua=95 mt=P len=0
PKT t=24165 RX ua=95 mt=R len=7
PKT t=24170 TX ua=95 mt=P len=0
PKT t=24179 RX ua=95 mt=R len=7
PKT t=24184 TX ua=95 mt=P len=0
PKT t=24193 RX ua=95 mt=R len=7
PKT t=24201 TX ua=95 mt=P len=0
PKT t=24210 RX ua=95 mt=R len=7
PKT t=24215 TX ua=95 mt=P len=0
PKT t=24251 RX ua=95 mt=R len=7
PKT t=24256 TX ua=95 mt=P len=0
PKT t=24265 RX ua=95 mt=R len=7
PKT t=24270 TX ua=95 mt=P len=0
PKT t=24279 RX ua=95 mt=R len=7
PKT t=24284 TX ua=95 mt=P len=0
PKT t=24293 RX ua=95 mt=R len=7
PKT t=24301 TX ua=95 mt=P len=0
PKT t=24310 RX ua=95 mt=R len=7
PKT t=24315 TX ua=95 mt=P len=0
PKT t=24351 RX ua=95 mt=R len=7
PKT t=24356 TX ua=95 mt=T len=7
PKT t=24368 TX ua=95 mt=P len=0
PKT t=24377 RX ua=95 mt=R len=7
PKT t=24382 TX ua=95 mt=P len=0
PKT t=24391 RX ua=95 mt=R len=7
PKT t=24396 TX ua=95 mt=P len=0
PKT t=24405 RX ua=95 mt=R len=7
PKT t=24410 TX ua=95 mt=P len=0
PKT t=24419 RX ua=95 mt=R len=7
PKT t=24424 TX ua=95 mt=P len=0
PKT t=24453 RX ua=95 mt=R len=7
PKT t=24458 TX ua=95 mt=P len=0
PKT t=24467 RX ua=95 mt=R len=7
PKT t=24472 TX ua=95 mt=P len=0
PKT t=24481 RX ua=95 mt=R len=7
PKT t=24486 TX ua=95 mt=P len=0
PKT t=24495 RX ua=95 mt=R len=7
PKT t=24501 TX ua=95 mt=P len=0
PKT t=24510 RX ua=95 mt=R len=7
PKT t=24515 TX ua=95 mt=P len=0
PKT t=24524 RX ua=95 mt=R len=7
PKT t=24529 TX ua=95 mt=P len=0
PKT t=24558 RX ua=95 mt=R len=7
PKT t=24563 TX ua=95 mt=P len=0
PKT t=24572 RX ua=95 mt=R len=7
PKT t=24577 TX ua=95 mt=P len=0
PKT t=24586 RX ua=95 mt=R len=7
PKT t=24591 TX ua=95 mt=P len=0
PKT t=24601 RX ua=95 mt=R len=7
PKT t=24606 TX ua=95 mt=T len=7
PKT t=24618 TX ua=95 mt=P len=0
PKT t=24627 RX ua=95 mt=R len=7
PKT t=24632 TX ua=95 mt=P len=0
PKT t=24661 RX ua=95 mt=R len=7
PKT t=24666 TX ua=95 mt=P len=0
PKT t=24675 RX ua=95 mt=R len=7
PKT t=24680 TX ua=95 mt=P len=0
PKT t=24689 RX ua=95 mt=R len=7
PKT t=24694 TX ua=95 mt=P len=0
PKT t=24703 RX ua=95 mt=R len=7
PKT t=24708 TX ua=95 mt=P len=0
PKT t=24717 RX ua=95 mt=R len=7
PKT t=24722 TX ua=95 mt=P len=0
PKT t=24731 RX ua=95 mt=R len=7
PKT t=24736 TX ua=95 mt=P len=0
PKT t=24765 RX ua=95 mt=R len=7
PKT t=24770 TX ua=95 mt=P len=0
PKT t=24779 RX ua=95 mt=R len=7
PKT t=24784 TX ua=95 mt=P len=0
PKT t=24793 RX ua=95 mt=R len=7
PKT t=24801 TX ua=95 mt=P len=0
PKT t=24810 RX ua=95 mt=R len=7
PKT t=24815 TX ua=95 mt=P len=0
PKT t=24824 RX ua=95 mt=R len=7
PKT t=24829 TX ua=95 mt=P len=0
PKT t=24838 RX ua=95 mt=R len=7
PKT t=24843 TX ua=95 mt=P len=0
PKT t=24872 RX ua=95 mt=R len=7
PKT t=24877 TX ua=95 mt=T len=7
PKT t=24889 TX ua=95 mt=P len=0
PKT t=24901 RX ua=95 mt=R len=7
PKT t=24906 TX ua=95 mt=P len=0
PKT t=24915 RX ua=95 mt=R len=7
PKT t=24920 TX ua=95 mt=P len=0
PKT t=24929 RX ua=95 mt=R len=7
PKT t=24934 TX ua=95 mt=P len=0
PKT t=24943 RX ua=95 mt=R len=7
PKT t=24951 TX ua=95 mt=P len=0
PKT t=24977 RX ua=95 mt=R len=7
PKT t=24982 TX ua=95 mt=P len=0
PKT t=24991 RX ua=95 mt=R len=7
PKT t=24996 TX ua=95 mt=P len=0
PKT t=25005 RX ua=95 mt=R len=7
PKT t=25010 TX ua=95 mt=P len=0
PKT t=25019 RX ua=95 mt=R len=7
PKT t=25024 TX ua=95 mt=P len=0
PKT t=25033 RX ua=95 mt=R len=7
PKT t=25038 TX ua=95 mt=P len=0
PKT t=25051 RX ua=95 mt=R len=7
PKT t=25056 TX ua=95 mt=P len=0
PKT t=25081 RX ua=95 mt=R len=7
PKT t=25086 TX ua=95 mt=P len=0
PKT t=25095 RX ua=95 mt=R len=7
PKT t=25101 TX ua=95 mt=T len=7
PKT t=25113 TX ua=95 mt=P len=0
PKT t=25122 RX ua=95 mt=R len=7
PKT t=25127 TX ua=95 mt=P len=0
PKT t=25136 RX ua=95 mt=R len=7
PKT t=25141 TX ua=95 mt=P len=0
PKT t=25151 RX ua=95 mt=R len=7
PKT t=25156 TX ua=95 mt=P len=0
PKT t=25184 RX ua=95 mt=R len=7
PKT t=25189 TX ua=95 mt=P len=0
PKT t=25201 RX ua=95 mt=R len=7
PKT t=25206 TX ua=95 mt=P len=0
PKT t=25215 RX ua=95 mt=R len=7
PKT t=25220 TX ua=95 mt=P len=0
PKT t=25229 RX ua=95 mt=R len=7
PKT t=25234 TX ua=95 mt=P len=0
PKT t=25243 RX ua=95 mt=R len=7
PKT t=25251 TX ua=95 mt=P len=0
PKT t=25284 RX ua=95 mt=R len=7
PKT t=25289 TX ua=95 mt=P len=0
PKT t=25301 RX ua=95 mt=R len=7
PKT t=25306 TX ua=95 mt=P len=0
PKT t=25315 RX ua=95 mt=R len=7
PKT t=25320 TX ua=95 mt=P len=0
PKT t=25329 RX ua=95 mt=R len=7
PKT t=25334 TX ua=95 mt=P len=0
PKT t=25343 RX ua=95 mt=R len=7
PKT t=25351 TX ua=95 mt=T len=7
PKT t=25363 TX ua=95 mt=P len=0
PKT t=25386 RX ua=95 mt=R len=7
PKT t=25391 TX ua=95 mt=P len=0
PKT t=25401 RX ua=95 mt=R len=7
PKT t=25406 TX ua=95 mt=P len=0
PKT t=25416 RX ua=95 mt=R len=7
PKT t=25421 TX ua=95 mt=P len=0
PKT t=25431 RX ua=95 mt=R len=7
PKT t=25436 TX ua=95 mt=P len=0
PKT t=25446 RX ua=95 mt=R len=7
PKT t=25451 TX ua=95 mt=P len=0
PKT t=25484 RX ua=95 mt=R len=7
PKT t=25489 TX ua=95 mt=P len=0
PKT t=25501 RX ua=95 mt=R len=7
PKT t=25506 TX ua=95 mt=P len=0
PKT t=25516 RX ua=95 mt=R len=7
PKT t=25521 TX ua=95 mt=P len=0
PKT t=25531 RX ua=95 mt=R len=7
PKT t=25536 TX ua=95 mt=P len=0
PKT t=25546 RX ua=95 mt=R len=7
PKT t=25551 TX ua=95 mt=P len=0
PKT t=25584 RX ua=95 mt=R len=7
PKT t=25589 TX ua=95 mt=P len=0
PKT t=25601 RX ua=95 mt=R len=7
PKT t=25606 TX ua=95 mt=T len=7
PKT t=25618 TX ua=95 mt=P len=0
PKT t=25627 RX ua=95 mt=R len=7
PKT t=25632 TX ua=95 mt=P len=0
PKT t=25641 RX ua=95 mt=R len=7
PKT t=25646 TX ua=95 mt=P len=0
PKT t=25655 RX ua=95 mt=R len=7
PKT t=25660 TX ua=95 mt=P len=0
PKT t=25689 RX ua=95 mt=R len=7
PKT t=25694 TX ua=95 mt=P len=0
PKT t=25703 RX ua=95 mt=R len=7
PKT t=25708 TX ua=95 mt=P len=0
PKT t=25717 RX ua=95 mt=R len=7
PKT t=25722 TX ua=95 mt=P len=0
PKT t=25731 RX ua=95 mt=R len=7
PKT t=25736 TX ua=95 mt=P len=0
PKT t=25745 RX ua=95 mt=R len=7
PKT t=25751 TX ua=95 mt=P len=0
PKT t=25760 RX ua=95 mt=R len=7
PKT t=25765 TX ua=95 mt=P len=0
PKT t=25794 RX ua=95 mt=R len=7
PKT t=25801 TX ua=95 mt=P len=0
PKT t=25810 RX ua=95 mt=R len=7
PKT t=25815 TX ua=95 mt=P len=0
PKT t=25824 RX ua=95 mt=R len=7
PKT t=25829 TX ua=95 mt=P len=0
PKT t=25838 RX ua=95 mt=R len=7
PKT t=25843 TX ua=95 mt=P len=0
PKT t=25852 RX ua=95 mt=R len=7
PKT t=25857 TX ua=95 mt=T len=7
PKT t=25869 TX ua=95 mt=P len=0
PKT t=25901 RX ua=95 mt=R len=7
PKT t=25906 TX ua=95 mt=P len=0
PKT t=25915 RX ua=95 mt=R len=7
PKT t=25920 TX ua=95 mt=P len=0
PKT t=25929 RX ua=95 mt=R len=7
PKT t=25934 TX ua=95 mt=P len=0
PKT t=25943 RX ua=95 mt=R len=7
PKT t=25951 TX ua=95 mt=P len=0
PKT t=25960 RX ua=95 mt=R len=7
PKT t=25965 TX ua=95 mt=P len=0
PKT t=25997 RX ua=95 mt=R len=7
PKT t=26002 TX ua=95 mt=P len=0
PKT t=26011 RX ua=95 mt=R len=7
PKT t=26017 TX ua=95 mt=P len=0
PKT t=26026 RX ua=95 mt=R len=7
PKT t=26031 TX ua=95 mt=P len=0
PKT t=26040 RX ua=95 mt=R len=7
PKT t=26045 TX ua=95 mt=P len=0
PKT t=26054 RX ua=95 mt=R len=7
PKT t=26059 TX ua=95 mt=P len=0
PKT t=26068 RX ua=95 mt=R len=7
PKT t=26073 TX ua=95 mt=P len=0
PKT t=26102 RX ua=95 mt=R len=7
PKT t=26107 TX ua=95 mt=T len=7
PKT t=26120 TX ua=95 mt=P len=0
PKT t=26129 RX ua=95 mt=R len=7
PKT t=26134 TX ua=95 mt=T len=7
PKT t=26147 TX ua=95 mt=P len=0
PKT t=26159 RX ua=95 mt=R len=7
PKT t=26164 TX ua=95 mt=P len=0
PKT t=26173 RX ua=95 mt=R len=7
PKT t=26178 TX ua=95 mt=P len=0
PKT t=26207 RX ua=95 mt=R len=7
PKT t=26212 TX ua=95 mt=P len=0
PKT t=26221 RX ua=95 mt=R len=7
PKT t=26226 TX ua=95 mt=P len=0
PKT t=26235 RX ua=95 mt=R len=7
PKT t=26240 TX ua=95 mt=P len=0
PKT t=26251 RX ua=95 mt=R len=7
PKT t=26256 TX ua=95 mt=P len=0
PKT t=26265 RX ua=95 mt=R len=7
PKT t=26270 TX ua=95 mt=P len=0
PKT t=26279 RX ua=95 mt=R len=7
PKT t=26284 TX ua=95 mt=P len=0
PKT t=26313 RX ua=95 mt=R len=7
PKT t=26318 TX ua=95 mt=P len=0
PKT t=26327 RX ua=95 mt=R len=7
PKT t=26332 TX ua=95 mt=P len=0
PKT t=26341 RX ua=95 mt=R len=7
PKT t=26346 TX ua=95 mt=P len=0
PKT t=26355 RX ua=95 mt=R len=7
PKT t=26360 TX ua=95 mt=T len=7
PKT t=26373 TX ua=95 mt=P len=0
PKT t=26382 RX ua=95 mt=R len=7
PKT t=26387 TX ua=95 mt=P len=0
PKT t=26416 RX ua=95 mt=R len=7
PKT t=26421 TX ua=95 mt=P len=0
PKT t=26430 RX ua=95 mt=R len=7
PKT t=26435 TX ua=95 mt=P len=0
PKT t=26444 RX ua=95 mt=R len=7
PKT t=26451 TX ua=95 mt=P len=0
PKT t=26460 RX ua=95 mt=R len=7
PKT t=26465 TX ua=95 mt=P len=0
PKT t=26474 RX ua=95 mt=R len=7
PKT t=26479 TX ua=95 mt=P len=0
PKT t=26488 RX ua=95 mt=R len=7
PKT t=26493 TX ua=95 mt=P len=0
PKT t=26522 RX ua=95 mt=R len=7
PKT t=26527 TX ua=95 mt=P len=0
PKT t=26536 RX ua=95 mt=R len=7
PKT t=26541 TX ua=95 mt=P len=0
PKT t=26551 RX ua=95 mt=R len=7
PKT t=26556 TX ua=95 mt=P len=0
PKT t=26565 RX ua=95 mt=R len=7
PKT t=26570 TX ua=95 mt=P len=0
PKT t=26579 RX ua=95 mt=R len=7
PKT t=26584 TX ua=95 mt=P len=0
PKT t=26593 RX ua=95 mt=R len=7
PKT t=26601 TX ua=95 mt=T len=7
PKT t=26614 TX ua=95 mt=P len=0
PKT t=26629 RX ua=95 mt=R len=7
PKT t=26634 TX ua=95 mt=P len=0
PKT t=26643 RX ua=95 mt=R len=7
PKT t=26651 TX ua=95 mt=P len=0
PKT t=26660 RX ua=95 mt=R len=7
PKT t=26665 TX ua=95 mt=P len=0
PKT t=26674 RX ua=95 mt=R len=7
PKT t=26679 TX ua=95 mt=P len=0
PKT t=26688 RX ua=95 mt=R len=7
PKT t=26693 TX ua=95 mt=P len=0
PKT t=26702 RX ua=95 mt=R len=7
PKT t=26707 TX ua=95 mt=P len=0
PKT t=26736 RX ua=95 mt=R len=7
PKT t=26741 TX ua=95 mt=P len=0
PKT t=26751 RX ua=95 mt=R len=7
PKT t=26756 TX ua=95 mt=P len=0
PKT t=26765 RX ua=95 mt=R len=7
PKT t=26770 TX ua=95 mt=P len=0
PKT t=26779 RX ua=95 mt=R len=7
PKT t=26784 TX ua=95 mt=P len=0
PKT t=26793 RX ua=95 mt=R len=7
PKT t=26801 TX ua=95 mt=P len=0
PKT t=26810 RX ua=95 mt=R len=7
PKT t=26815 TX ua=95 mt=P len=0
PKT t=26844 RX ua=95 mt=R len=7
PKT t=26851 TX ua=95 mt=T len=7
PKT t=26864 TX ua=95 mt=P len=0
PKT t=26873 RX ua=95 mt=R len=7
PKT t=26878 TX ua=95 mt=P len=0
PKT t=26887 RX ua=95 mt=R len=7
PKT t=26892 TX ua=95 mt=P len=0
PKT t=26901 RX ua=95 mt=R len=7
PKT t=26906 TX ua=95 mt=P len=0
PKT t=26915 RX ua=95 mt=R len=7
PKT t=26920 TX ua=95 mt=P len=0
PKT t=26951 RX ua=95 mt=R len=7
PKT t=26956 TX ua=95 mt=P len=0
PKT t=26965 RX ua=95 mt=R len=7
PKT t=26970 TX ua=95 mt=P len=0
PKT t=26979 RX ua=95 mt=R len=7
PKT t=26984 TX ua=95 mt=P len=0
PKT t=26993 RX ua=95 mt=R len=7
PKT t=27001 TX ua=95 mt=P len=0
PKT t=27010 RX ua=95 mt=R len=7
PKT t=27015 TX ua=95 mt=P len=0
PKT t=27024 RX ua=95 mt=R len=7
PKT t=27029 TX ua=95 mt=P len=0
PKT t=27058 RX ua=95 mt=R len=7
PKT t=27063 TX ua=95 mt=P len=0
PKT t=27072 RX ua=95 mt=R len=7
PKT t=27077 TX ua=95 mt=P len=0
PKT t=27086 RX ua=95 mt=R len=7
PKT t=27091 TX ua=95 mt=P len=0
PKT t=27101 RX ua=95 mt=R len=7
PKT t=27106 TX ua=95 mt=T len=7
PKT t=27118 TX ua=95 mt=P len=0
PKT t=27127 RX ua=95 mt=R len=7
PKT t=27132 TX ua=95 mt=P len=0
PKT t=27161 RX ua=95 mt=R len=7
PKT t=27166 TX ua=95 mt=P len=0
PKT t=27175 RX ua=95 mt=R len=7
PKT t=27180 TX ua=95 mt=P len=0
PKT t=27189 RX ua=95 mt=R len=7
PKT t=27194 TX ua=95 mt=P len=0
PKT t=27203 RX ua=95 mt=R len=7
PKT t=27208 TX ua=95 mt=P len=0
PKT t=27217 RX ua=95 mt=R len=7
PKT t=27222 TX ua=95 mt=P len=0
PKT t=27231 RX ua=95 mt=R len=7
PKT t=27236 TX ua=95 mt=P len=0
PKT t=27265 RX ua=95 mt=R len=7
PKT t=27270 TX ua=95 mt=P len=0
PKT t=27279 RX ua=95 mt=R len=7
PKT t=27284 TX ua=95 mt=P len=0
PKT t=27294 RX ua=95 mt=R len=7
PKT t=27301 TX ua=95 mt=P len=0
PKT t=27310 RX ua=95 mt=R len=7
PKT t=27315 TX ua=95 mt=P len=0
PKT t=27324 RX ua=95 mt=R len=7
PKT t=27329 TX ua=95 mt=P len=0
PKT t=27338 RX ua=95 mt=R len=7
PKT t=27343 TX ua=95 mt=P len=0
PKT t=27372 RX ua=95 mt=R len=7
PKT t=27377 TX ua=95 mt=T len=7
PKT t=27389 TX ua=95 mt=P len=0
PKT t=27401 RX ua=95 mt=R len=7
PKT t=27406 TX ua=95 mt=P len=0
PKT t=27416 RX ua=95 mt=R len=7
PKT t=27421 TX ua=95 mt=P len=0
PKT t=27431 RX ua=95 mt=R len=7
PKT t=27436 TX ua=95 mt=P len=0
PKT t=27446 RX ua=95 mt=R len=7
PKT t=27451 TX ua=95 mt=P len=0
PKT t=27480 RX ua=95 mt=R len=7
PKT t=27485 TX ua=95 mt=P len=0
PKT t=27495 RX ua=95 mt=R len=7
PKT t=27501 TX ua=95 mt=P len=0
PKT t=27511 RX ua=95 mt=R len=7
PKT t=27516 TX ua=95 mt=P len=0
PKT t=27526 RX ua=95 mt=R len=7
PKT t=27531 TX ua=95 mt=P len=0
PKT t=27541 RX ua=95 mt=R len=7
PKT t=27546 TX ua=95 mt=P len=0
PKT t=27580 RX ua=95 mt=R len=7
PKT t=27585 TX ua=95 mt=P len=0
PKT t=27595 RX ua=95 mt=R len=7
PKT t=27601 TX ua=95 mt=T len=7
PKT t=27613 TX ua=95 mt=P len=0
PKT t=27622 RX ua=95 mt=R len=7
PKT t=27627 TX ua=95 mt=P len=0
PKT t=27636 RX ua=95 mt=R len=7
PKT t=27641 TX ua=95 mt=P len=0
PKT t=27651 RX ua=95 mt=R len=7
PKT t=27656 TX ua=95 mt=P len=0
PKT t=27684 RX ua=95 mt=R len=7
PKT t=27689 TX ua=95 mt=P len=0
PKT t=27701 RX ua=95 mt=R len=7
PKT t=27706 TX ua=95 mt=P len=0
PKT t=27715 RX ua=95 mt=R len=7
PKT t=27720 TX ua=95 mt=P len=0
PKT t=27729 RX ua=95 mt=R len=7
PKT t=27734 TX ua=95 mt=P len=0
PKT t=27743 RX ua=95 mt=R len=7
PKT t=27751 TX ua=95 mt=P len=0
PKT t=27784 RX ua=95 mt=R len=7
PKT t=27789 TX ua=95 mt=P len=0
PKT t=27801 RX ua=95 mt=R len=7
PKT t=27806 TX ua=95 mt=P len=0
PKT t=27815 RX ua=95 mt=R len=7
PKT t=27820 TX ua=95 mt=P len=0
PKT t=27829 RX ua=95 mt=R len=7
PKT t=27834 TX ua=95 mt=P len=0
PKT t=27843 RX ua=95 mt=R len=7
PKT t=27851 TX ua=95 mt=T len=7
PKT t=27863 TX ua=95 mt=P len=0
PKT t=27886 RX ua=95 mt=R len=7
PKT t=27891 TX ua=95 mt=P len=0
PKT t=27901 RX ua=95 mt=R len=7
PKT t=27906 TX ua=95 mt=P len=0
PKT t=27915 RX ua=95 mt=R len=7
PKT t=27920 TX ua=95 mt=P len=0
PKT t=27929 RX ua=95 mt=R len=7
PKT t=27934 TX ua=95 mt=P len=0
PKT t=27943 RX ua=95 mt=R len=7
PKT t=27951 TX ua=95 mt=P len=0
PKT t=27984 RX ua=95 mt=R len=7
PKT t=27989 TX ua=95 mt=P len=0
PKT t=28001 RX ua=95 mt=R len=7
PKT t=28006 TX ua=95 mt=P len=0
PKT t=28018 RX ua=95 mt=R len=7
PKT t=28023 TX ua=95 mt=P len=0
PKT t=28032 RX ua=95 mt=R len=7
PKT t=28037 TX ua=95 mt=P len=0
PKT t=28046 RX ua=95 mt=R len=7
PKT t=28051 TX ua=95 mt=P len=0
PKT t=28084 RX ua=95 mt=R len=7
PKT t=28089 TX ua=95 mt=P len=0
PKT t=28101 RX ua=95 mt=R len=7
PKT t=28106 TX ua=95 mt=T len=7
PKT t=28118 TX ua=95 mt=P len=0
PKT t=28127 RX ua=95 mt=R len=7
PKT t=28132 TX ua=95 mt=P len=0
PKT t=28141 RX ua=95 mt=R len=7
PKT t=28146 TX ua=95 mt=P len=0
PKT t=28155 RX ua=95 mt=R len=7
PKT t=28160 TX ua=95 mt=P len=0
PKT t=28194 RX ua=95 mt=R len=7
PKT t=28201 TX ua=95 mt=P len=0
PKT t=28210 RX ua=95 mt=R len=7
PKT t=28215 TX ua=95 mt=P len=0
PKT t=28224 RX ua=95 mt=R len=7
PKT t=28229 TX ua=95 mt=P len=0
PKT t=28238 RX ua=95 mt=R len=7
PKT t=28243 TX ua=95 mt=P len=0
PKT t=28252 RX ua=95 mt=R len=7
PKT t=28257 TX ua=95 mt=P len=0
PKT t=28289 RX ua=95 mt=R len=7
PKT t=28294 TX ua=95 mt=P len=0
PKT t=28303 RX ua=95 mt=R len=7
PKT t=28308 TX ua=95 mt=P len=0
PKT t=28317 RX ua=95 mt=R len=7
PKT t=28322 TX ua=95 mt=P len=0
PKT t=28331 RX ua=95 mt=R len=7
PKT t=28336 TX ua=95 mt=P len=0
PKT t=28345 RX ua=95 mt=R len=7
PKT t=28351 TX ua=95 mt=T len=7
PKT t=28363 TX ua=95 mt=P len=0
PKT t=28391 RX ua=95 mt=R len=7
PKT t=28396 TX ua=95 mt=P len=0
PKT t=28405 RX ua=95 mt=R len=7
PKT t=28410 TX ua=95 mt=P len=0
PKT t=28419 RX ua=95 mt=R len=7
PKT t=28424 TX ua=95 mt=P len=0
PKT t=28433 RX ua=95 mt=R len=7
PKT t=28438 TX ua=95 mt=P len=0
PKT t=28451 RX ua=95 mt=R len=7
PKT t=28456 TX ua=95 mt=P len=0
PKT t=28465 RX ua=95 mt=R len=7
PKT t=28470 TX ua=95 mt=P len=0
PKT t=28501 RX ua=95 mt=R len=7
PKT t=28506 TX ua=95 mt=P len=0
PKT t=28515 RX ua=95 mt=R len=7
PKT t=28520 TX ua=95 mt=P len=0
PKT t=28529 RX ua=95 mt=R len=7
PKT t=28534 TX ua=95 mt=P len=0
PKT t=28543 RX ua=95 mt=R len=7
PKT t=28551 TX ua=95 mt=P len=0
PKT t=28560 RX ua=95 mt=R len=7
PKT t=28565 TX ua=95 mt=P len=0
PKT t=28601 RX ua=95 mt=R len=7
PKT t=28606 TX ua=95 mt=T len=7
PKT t=28618 TX ua=95 mt=P len=0
PKT t=28627 RX ua=95 mt=R len=7
PKT t=28632 TX ua=95 mt=P len=0
PKT t=28641 RX ua=95 mt=R len=7
PKT t=28646 TX ua=95 mt=P len=0
PKT t=28655 RX ua=95 mt=R len=7
PKT t=28660 TX ua=95 mt=P len=0
PKT t=28669 RX ua=95 mt=R len=7
PKT t=28674 TX ua=95 mt=P len=0
PKT t=28703 RX ua=95 mt=R len=7
PKT t=28708 TX ua=95 mt=P len=0
PKT t=28717 RX ua=95 mt=R len=7
PKT t=28722 TX ua=95 mt=P len=0
PKT t=28731 RX ua=95 mt=R len=7
PKT t=28736 TX ua=95 mt=P len=0
PKT t=28745 RX ua=95 mt=R len=7
PKT t=28751 TX ua=95 mt=P len=0
PKT t=28760 RX ua=95 mt=R len=7
PKT t=28765 TX ua=95 mt=P len=0
PKT t=28774 RX ua=95 mt=R len=7
PKT t=28779 TX ua=95 mt=P len=0
PKT t=28808 RX ua=95 mt=R len=7
PKT t=28813 TX ua=95 mt=P len=0
PKT t=28822 RX ua=95 mt=R len=7
PKT t=28827 TX ua=95 mt=P len=0
PKT t=28836 RX ua=95 mt=R len=7
PKT t=28841 TX ua=95 mt=P len=0
PKT t=28851 RX ua=95 mt=R len=7
PKT t=28856 TX ua=95 mt=T len=7
PKT t=28868 TX ua=95 mt=P len=0
PKT t=28877 RX ua=95 mt=R len=7
PKT t=28882 TX ua=95 mt=P len=0
PKT t=28911 RX ua=95 mt=R len=7
PKT t=28916 TX ua=95 mt=P len=0
PKT t=28925 RX ua=95 mt=R len=7
PKT t=28930 TX ua=95 mt=P len=0
PKT t=28939 RX ua=95 mt=R len=7
PKT t=28944 TX ua=95 mt=P len=0
PKT t=28953 RX ua=95 mt=R len=7
PKT t=28958 TX ua=95 mt=P len=0
PKT t=28967 RX ua=95 mt=R len=7
PKT t=28972 TX ua=95 mt=P len=0
PKT t=28981 RX ua=95 mt=R len=7
PKT t=28986 TX ua=95 mt=P len=0
PKT t=29015 RX ua=95 mt=R len=7
PKT t=29020 TX ua=95 mt=P len=0
PKT t=29029 RX ua=95 mt=R len=7
PKT t=29034 TX ua=95 mt=P len=0
PKT t=29043 RX ua=95 mt=R len=7
PKT t=29051 TX ua=95 mt=P len=0
PKT t=29060 RX ua=95 mt=R len=7
PKT t=29065 TX ua=95 mt=P len=0
PKT t=29074 RX ua=95 mt=R len=7
PKT t=29079 TX ua=95 mt=P len=0
PKT t=29088 RX ua=95 mt=R len=7
PKT t=29093 TX ua=95 mt=P len=0
PKT t=29122 RX ua=95 mt=R len=7
PKT t=29127 TX ua=95 mt=T len=7
PKT t=29140 TX ua=95 mt=P len=0
PKT t=29151 RX ua=95 mt=R len=7
PKT t=29156 TX ua=95 mt=P len=0
PKT t=29165 RX ua=95 mt=R len=7
PKT t=29170 TX ua=95 mt=P len=0
PKT t=29179 RX ua=95 mt=R len=7
PKT t=29184 TX ua=95 mt=P len=0
PKT t=29193 RX ua=95 mt=R len=7
PKT t=29201 TX ua=95 mt=P len=0
PKT t=29227 RX ua=95 mt=R len=7
PKT t=29232 TX ua=95 mt=P len=0
PKT t=29241 RX ua=95 mt=R len=7
PKT t=29246 TX ua=95 mt=P len=0
PKT t=29255 RX ua=95 mt=R len=7
PKT t=29260 TX ua=95 mt=P len=0
PKT t=29269 RX ua=95 mt=R len=7
PKT t=29274 TX ua=95 mt=P len=0
PKT t=29283 RX ua=95 mt=R len=7
PKT t=29288 TX ua=95 mt=P len=0
PKT t=29301 RX ua=95 mt=R len=7
PKT t=29306 TX ua=95 mt=P len=0
PKT t=29331 RX ua=95 mt=R len=7
PKT t=29336 TX ua=95 mt=P len=0
PKT t=29345 RX ua=95 mt=R len=7
PKT t=29351 TX ua=95 mt=T len=7
PKT t=29364 TX ua=95 mt=P len=0
PKT t=29374 RX ua=95 mt=R len=7
PKT t=29379 TX ua=95 mt=P len=0
PKT t=29389 RX ua=95 mt=R len=7
PKT t=29394 TX ua=95 mt=P len=0
PKT t=29404 RX ua=95 mt=R len=7
PKT t=29409 TX ua=95 mt=P len=0
PKT t=29438 RX ua=95 mt=R len=7
PKT t=29443 TX ua=95 mt=P len=0
PKT t=29453 RX ua=95 mt=R len=7
PKT t=29458 TX ua=95 mt=P len=0
PKT t=29468 RX ua=95 mt=R len=7
PKT t=29473 TX ua=95 mt=P len=0
PKT t=29483 RX ua=95 mt=R len=7
PKT t=29488 TX ua=95 mt=P len=0
PKT t=29501 RX ua=95 mt=R len=7
PKT t=29506 TX ua=95 mt=P len=0
PKT t=29537 RX ua=95 mt=R len=7
PKT t=29542 TX ua=95 mt=P len=0
PKT t=29552 RX ua=95 mt=R len=7
PKT t=29557 TX ua=95 mt=P len=0
PKT t=29567 RX ua=95 mt=R len=7
PKT t=29572 TX ua=95 mt=P len=0
PKT t=29582 RX ua=95 mt=R len=7
PKT t=29587 TX ua=95 mt=P len=0
PKT t=29601 RX ua=95 mt=R len=7
PKT t=29606 TX ua=95 mt=T len=7
PKT t=29619 TX ua=95 mt=P len=0
PKT t=29639 RX ua=95 mt=R len=7
PKT t=29644 TX ua=95 mt=P len=0
PKT t=29653 RX ua=95 mt=R len=7
PKT t=29658 TX ua=95 mt=P len=0
PKT t=29667 RX ua=95 mt=R len=7
PKT t=29672 TX ua=95 mt=P len=0
PKT t=29681 RX ua=95 mt=R len=7
PKT t=29686 TX ua=95 mt=P len=0
PKT t=29695 RX ua=95 mt=R len=7
PKT t=29701 TX ua=95 mt=P len=0
PKT t=29710 RX ua=95 mt=R len=7
PKT t=29715 TX ua=95 mt=P len=0
PKT t=29744 RX ua=95 mt=R len=7
PKT t=29751 TX ua=95 mt=P len=0
PKT t=29760 RX ua=95 mt=R len=7
PKT t=29765 TX ua=95 mt=P len=0
PKT t=29774 RX ua=95 mt=R len=7
PKT t=29779 TX ua=95 mt=P len=0
PKT t=29788 RX ua=95 mt=R len=7
PKT t=29793 TX ua=95 mt=P len=0
PKT t=29802 RX ua=95 mt=R len=7
PKT t=29807 TX ua=95 mt=P len=0
PKT t=29816 RX ua=95 mt=R len=7
PKT t=29821 TX ua=95 mt=P len=0
PKT t=29851 RX ua=95 mt=R len=7
PKT t=29856 TX ua=95 mt=T len=7
PKT t=29869 TX ua=95 mt=P len=0
PKT t=29878 RX ua=95 mt=R len=7
PKT t=29883 TX ua=95 mt=P len=0
PKT t=29892 RX ua=95 mt=R len=7
PKT t=29897 TX ua=95 mt=P len=0
PKT t=29906 RX ua=95 mt=R len=7
PKT t=29911 TX ua=95 mt=P len=0
PKT t=29920 RX ua=95 mt=R len=7
PKT t=29925 TX ua=95 mt=P len=0
PKT t=29954 RX ua=95 mt=R len=7
PKT t=29959 TX ua=95 mt=P len=0
PKT t=29968 RX ua=95 mt=R len=7
PKT t=29973 TX ua=95 mt=P len=0
PKT t=29982 RX ua=95 mt=R len=7
PKT t=29987 TX ua=95 mt=P len=0
PKT t=29996 RX ua=95 mt=R len=7
PKT t=30001 TX ua=95 mt=P len=0
PKT t=30010 RX ua=95 mt=R len=7
PKT t=30019 TX ua=95 mt=P len=0
PKT t=30028 RX ua=95 mt=R len=7
PKT t=30033 TX ua=95 mt=P len=0
PKT t=30062 RX ua=95 mt=R len=7
PKT t=30067 TX ua=95 mt=P len=0
PKT t=30076 RX ua=95 mt=R len=7
PKT t=30081 TX ua=95 mt=P len=0
PKT t=30090 RX ua=95 mt=R len=7
PKT t=30095 TX ua=95 mt=P len=0
PKT t=30104 RX ua=95 mt=R len=7
PKT t=30109 TX ua=95 mt=T len=7
PKT t=30121 TX ua=95 mt=P len=0
PKT t=30130 RX ua=95 mt=R len=7
PKT t=30135 TX ua=95 mt=P len=0
PKT t=30164 RX ua=95 mt=R len=7
PKT t=30169 TX ua=95 mt=P len=0
PKT t=30178 RX ua=95 mt=R len=7
PKT t=30183 TX ua=95 mt=P len=0
PKT t=30194 RX ua=95 mt=R len=7
PKT t=30201 TX ua=95 mt=P len=0
PKT t=30210 RX ua=95 mt=R len=7
PKT t=30215 TX ua=95 mt=P len=0
PKT t=30224 RX ua=95 mt=R len=7
PKT t=30229 TX ua=95 mt=P len=0
PKT t=30238 RX ua=95 mt=R len=7
PKT t=30243 TX ua=95 mt=P len=0
PKT t=30272 RX ua=95 mt=R len=7
PKT t=30277 TX ua=95 mt=P len=0
PKT t=30286 RX ua=95 mt=R len=7
PKT t=30291 TX ua=95 mt=P len=0
PKT t=30301 RX ua=95 mt=R len=7
PKT t=30306 TX ua=95 mt=P len=0
PKT t=30315 RX ua=95 mt=R len=7
PKT t=30320 TX ua=95 mt=P len=0
PKT t=30329 RX ua=95 mt=R len=7
PKT t=30334 TX ua=95 mt=P len=0
PKT t=30343 RX ua=95 mt=R len=7
PKT t=30351 TX ua=95 mt=T len=7
PKT t=30363 TX ua=95 mt=P len=0
PKT t=30379 RX ua=95 mt=R len=7
PKT t=30384 TX ua=95 mt=P len=0
PKT t=30393 RX ua=95 mt=R len=7
PKT t=30401 TX ua=95 mt=P len=0
PKT t=30410 RX ua=95 mt=R len=7
PKT t=30415 TX ua=95 mt=P len=0
PKT t=30424 RX ua=95 mt=R len=7
PKT t=30429 TX ua=95 mt=P len=0
PKT t=30438 RX ua=95 mt=R len=7
PKT t=30443 TX ua=95 mt=P len=0
PKT t=30452 RX ua=95 mt=R len=7
PKT t=30457 TX ua=95 mt=P len=0
PKT t=30486 RX ua=95 mt=R len=7
PKT t=30491 TX ua=95 mt=P len=0
PKT t=30501 RX ua=95 mt=R len=7
PKT t=30506 TX ua=95 mt=P len=0
PKT t=30515 RX ua=95 mt=R len=7
PKT t=30520 TX ua=95 mt=P len=0
PKT t=30529 RX ua=95 mt=R len=7
PKT t=30534 TX ua=95 mt=P len=0
PKT t=30543 RX ua=95 mt=R len=7
PKT t=30551 TX ua=95 mt=P len=0
PKT t=30560 RX ua=95 mt=R len=7
PKT t=30565 TX ua=95 mt=P len=0
PKT t=30594 RX ua=95 mt=R len=7
PKT t=30601 TX ua=95 mt=T len=7
PKT t=30613 TX ua=95 mt=P len=0
PKT t=30622 RX ua=95 mt=R len=7
PKT t=30627 TX ua=95 mt=P len=0
PKT t=30636 RX ua=95 mt=R len=7
PKT t=30641 TX ua=95 mt=P len=0
PKT t=30651 RX ua=95 mt=R len=7
PKT t=30656 TX ua=95 mt=P len=0
PKT t=30665 RX ua=95 mt=R len=7
PKT t=30670 TX ua=95 mt=P len=0
PKT t=30701 RX ua=95 mt=R len=7
PKT t=30706 TX ua=95 mt=P len=0
PKT t=30715 RX ua=95 mt=R len=7
PKT t=30720 TX ua=95 mt=P len=0
PKT t=30729 RX ua=95 mt=R len=7
PKT t=30734 TX ua=95 mt=P len=0
PKT t=30743 RX ua=95 mt=R len=7
PKT t=30751 TX ua=95 mt=P len=0
PKT t=30760 RX ua=95 mt=R len=7
PKT t=30765 TX ua=95 mt=P len=0
PKT t=30774 RX ua=95 mt=R len=7
PKT t=30779 TX ua=95 mt=P len=0
PKT t=30808 RX ua=95 mt=R len=7
PKT t=30813 TX ua=95 mt=P len=0
PKT t=30822 RX ua=95 mt=R len=7
PKT t=30827 TX ua=95 mt=P len=0
PKT t=30836 RX ua=95 mt=R len=7
PKT t=30841 TX ua=95 mt=P len=0
PKT t=30851 RX ua=95 mt=R len=7
PKT t=30856 TX ua=95 mt=T len=7
PKT t=30868 TX ua=95 mt=P len=0
PKT t=30877 RX ua=95 mt=R len=7
PKT t=30882 TX ua=95 mt=P len=0
PKT t=30911 RX ua=95 mt=R len=7
PKT t=30916 TX ua=95 mt=P len=0
PKT t=30925 RX ua=95 mt=R len=7
PKT t=30930 TX ua=95 mt=P len=0
PKT t=30939 RX ua=95 mt=R len=7
PKT t=30944 TX ua=95 mt=P len=0
PKT t=30953 RX ua=95 mt=R len=7
PKT t=30958 TX ua=95 mt=P len=0
PKT t=30967 RX ua=95 mt=R len=7
PKT t=30972 TX ua=95 mt=P len=0
PKT t=30981 RX ua=95 mt=R len=7
PKT t=30986 TX ua=95 mt=P len=0
PKT t=31015 RX ua=95 mt=R len=7
PKT t=31020 TX ua=95 mt=P len=0
PKT t=31029 RX ua=95 mt=R len=7
PKT t=31034 TX ua=95 mt=P len=0
PKT t=31043 RX ua=95 mt=R len=7
PKT t=31051 TX ua=95 mt=P len=0
PKT t=31060 RX ua=95 mt=R len=7
PKT t=31065 TX ua=95 mt=P len=0
PKT t=31074 RX ua=95 mt=R len=7
PKT t=31079 TX ua=95 mt=P len=0
PKT t=31088 RX ua=95 mt=R len=7
PKT t=31093 TX ua=95 mt=P len=0
PKT t=31122 RX ua=95 mt=R len=7
PKT t=31127 TX ua=95 mt=T len=7
PKT t=31139 TX ua=95 mt=P len=0
PKT t=31151 RX ua=95 mt=R len=7
PKT t=31156 TX ua=95 mt=P len=0
PKT t=31165 RX ua=95 mt=R len=7
PKT t=31170 TX ua=95 mt=P len=0
PKT t=31179 RX ua=95 mt=R len=7
PKT t=31184 TX ua=95 mt=P len=0
PKT t=31193 RX ua=95 mt=R len=7
PKT t=31201 TX ua=95 mt=P len=0
PKT t=31227 RX ua=95 mt=R len=7
PKT t=31232 TX ua=95 mt=P len=0
PKT t=31241 RX ua=95 mt=R len=7
PKT t=31246 TX ua=95 mt=P len=0
PKT t=31255 RX ua=95 mt=R len=7
PKT t=31260 TX ua=95 mt=P len=0
PKT t=31269 RX ua=95 mt=R len=7
PKT t=31274 TX ua=95 mt=P len=0
PKT t=31283 RX ua=95 mt=R len=7
PKT t=31288 TX ua=95 mt=P len=0
PKT t=31301 RX ua=95 mt=R len=7
PKT t=31306 TX ua=95 mt=P len=0
PKT t=31331 RX ua=95 mt=R len=7
PKT t=31336 TX ua=95 mt=P len=0
PKT t=31345 RX ua=95 mt=R len=7
PKT t=31351 TX ua=95 mt=T len=7
PKT t=31363 TX ua=95 mt=P len=0
PKT t=31373 RX ua=95 mt=R len=7
PKT t=31378 TX ua=95 mt=P len=0
PKT t=31388 RX ua=95 mt=R len=7
PKT t=31393 TX ua=95 mt=P len=0
PKT t=31403 RX ua=95 mt=R len=7
PKT t=31408 TX ua=95 mt=P len=0
PKT t=31437 RX ua=95 mt=R len=7
PKT t=31442 TX ua=95 mt=P len=0
PKT t=31452 RX ua=95 mt=R len=7
PKT t=31457 TX ua=95 mt=P len=0
PKT t=31467 RX ua=95 mt=R len=7
PKT t=31472 TX ua=95 mt=P len=0
PKT t=31482 RX ua=95 mt=R len=7
PKT t=31487 TX ua=95 mt=P len=0
PKT t=31501 RX ua=95 mt=R len=7
PKT t=31506 TX ua=95 mt=P len=0
PKT t=31536 RX ua=95 mt=R len=7
PKT t=31541 TX ua=95 mt=P len=0
PKT t=31551 RX ua=95 mt=R len=7
PKT t=31556 TX ua=95 mt=P len=0
PKT t=31566 RX ua=95 mt=R len=7
PKT t=31571 TX ua=95 mt=P len=0
PKT t=31581 RX ua=95 mt=R len=7
PKT t=31586 TX ua=95 mt=P len=0
PKT t=31596 RX ua=95 mt=R len=7
PKT t=31601 TX ua=95 mt=T len=7
PKT t=31613 TX ua=95 mt=P len=0
PKT t=31641 RX ua=95 mt=R len=7
PKT t=31646 TX ua=95 mt=P len=0
PKT t=31655 RX ua=95 mt=R len=7
PKT t=31660 TX ua=95 mt=P len=0
PKT t=31669 RX ua=95 mt=R len=7
PKT t=31674 TX ua=95 mt=P len=0
PKT t=31683 RX ua=95 mt=R len=7
PKT t=31688 TX ua=95 mt=P len=0
PKT t=31701 RX ua=95 mt=R len=7
PKT t=31706 TX ua=95 mt=P len=0
PKT t=31715 RX ua=95 mt=R len=7
PKT t=31720 TX ua=95 mt=P len=0
PKT t=31751 RX ua=95 mt=R len=7
PKT t=31756 TX ua=95 mt=P len=0
PKT t=31765 RX ua=95 mt=R len=7
PKT t=31770 TX ua=95 mt=P len=0
PKT t=31779 RX ua=95 mt=R len=7
PKT t=31784 TX ua=95 mt=P len=0
PKT t=31793 RX ua=95 mt=R len=7
PKT t=31801 TX ua=95 mt=P len=0
PKT t=31810 RX ua=95 mt=R len=7
PKT t=31815 TX ua=95 mt=P len=0
PKT t=31824 RX ua=95 mt=R len=7
PKT t=31829 TX ua=95 mt=P len=0
PKT t=31858 RX ua=95 mt=R len=7
PKT t=31863 TX ua=95 mt=T len=7
PKT t=31875 TX ua=95 mt=P len=0
PKT t=31884 RX ua=95 mt=R len=7
PKT t=31889 TX ua=95 mt=P len=0
PKT t=31901 RX ua=95 mt=R len=7
PKT t=31906 TX ua=95 mt=P len=0
PKT t=31915 RX ua=95 mt=R len=7
PKT t=31920 TX ua=95 mt=P len=0
PKT t=31929 RX ua=95 mt=R len=7
PKT t=31934 TX ua=95 mt=P len=0
PKT t=31963 RX ua=95 mt=R len=7
PKT t=31968 TX ua=95 mt=P len=0
PKT t=31977 RX ua=95 mt=R len=7
PKT t=31982 TX ua=95 mt=P len=0
PKT t=31991 RX ua=95 mt=R len=7
PKT t=31996 TX ua=95 mt=P len=0
PKT t=32005 RX ua=95 mt=R len=7
PKT t=32010 TX ua=95 mt=P len=0
PKT t=32020 RX ua=95 mt=R len=7
PKT t=32025 TX ua=95 mt=P len=0
PKT t=32034 RX ua=95 mt=R len=7
PKT t=32039 TX ua=95 mt=P len=0
PKT t=32068 RX ua=95 mt=R len=7
PKT t=32073 TX ua=95 mt=P len=0
PKT t=32082 RX ua=95 mt=R len=7
PKT t=32087 TX ua=95 mt=P len=0
PKT t=32096 RX ua=95 mt=R len=7
PKT t=32101 TX ua=95 mt=T len=7
PKT t=32113 TX ua=95 mt=P len=0
PKT t=32122 RX ua=95 mt=R len=7
PKT t=32127 TX ua=95 mt=P len=0
PKT t=32136 RX ua=95 mt=R len=7
PKT t=32141 TX ua=95 mt=P len=0
PKT t=32170 RX ua=95 mt=R len=7
PKT t=32175 TX ua=95 mt=P len=0
PKT t=32184 RX ua=95 mt=R len=7
PKT t=32189 TX ua=95 mt=P len=0
PKT t=32201 RX ua=95 mt=R len=7
PKT t=32206 TX ua=95 mt=P len=0
PKT t=32215 RX ua=95 mt=R len=7
PKT t=32220 TX ua=95 mt=P len=0
PKT t=32229 RX ua=95 mt=R len=7
PKT t=32234 TX ua=95 mt=P len=0
PKT t=32243 RX ua=95 mt=R len=7
PKT t=32251 TX ua=95 mt=P len=0
PKT t=32277 RX ua=95 mt=R len=7
PKT t=32282 TX ua=95 mt=P len=0
PKT t=32291 RX ua=95 mt=R len=7
PKT t=32296 TX ua=95 mt=P len=0
PKT t=32305 RX ua=95 mt=R len=7
PKT t=32310 TX ua=95 mt=P len=0
PKT t=32319 RX ua=95 mt=R len=7
PKT t=32324 TX ua=95 mt=P len=0
PKT t=32333 RX ua=95 mt=R len=7
PKT t=32338 TX ua=95 mt=P len=0
PKT t=32351 RX ua=95 mt=R len=7
PKT t=32356 TX ua=95 mt=T len=7
PKT t=32368 TX ua=95 mt=P len=0
PKT t=32383 RX ua=95 mt=R len=7
PKT t=32388 TX ua=95 mt=P len=0
PKT t=32401 RX ua=95 mt=R len=7
PKT t=32406 TX ua=95 mt=P len=0
PKT t=32415 RX ua=95 mt=R len=7
PKT t=32420 TX ua=95 mt=P len=0
PKT t=32429 RX ua=95 mt=R len=7
PKT t=32434 TX ua=95 mt=P len=0
PKT t=32443 RX ua=95 mt=R len=7
PKT t=32451 TX ua=95 mt=P len=0
PKT t=32481 RX ua=95 mt=R len=7
PKT t=32486 TX ua=95 mt=P len=0
PKT t=32495 RX ua=95 mt=R len=7
PKT t=32501 TX ua=95 mt=P len=0
PKT t=32510 RX ua=95 mt=R len=7
PKT t=32515 TX ua=95 mt=P len=0
PKT t=32524 RX ua=95 mt=R len=7
PKT t=32529 TX ua=95 mt=P len=0
PKT t=32538 RX ua=95 mt=R len=7
PKT t=32543 TX ua=95 mt=P len=0
PKT t=32552 RX ua=95 mt=R len=7
PKT t=32557 TX ua=95 mt=P len=0
PKT t=32586 RX ua=95 mt=R len=7
PKT t=32591 TX ua=95 mt=P len=0
PKT t=32601 RX ua=95 mt=R len=7
PKT t=32606 TX ua=95 mt=T len=7
PKT t=32618 TX ua=95 mt=P len=0
PKT t=32627 RX ua=95 mt=R len=7
PKT t=32632 TX ua=95 mt=P len=0
PKT t=32641 RX ua=95 mt=R len=7
PKT t=32646 TX ua=95 mt=P len=0
PKT t=32655 RX ua=95 mt=R len=7
PKT t=32660 TX ua=95 mt=P len=0
PKT t=32689 RX ua=95 mt=R len=7
PKT t=32694 TX ua=95 mt=P len=0
PKT t=32703 RX ua=95 mt=R len=7
PKT t=32708 TX ua=95 mt=P len=0
PKT t=32717 RX ua=95 mt=R len=7
PKT t=32722 TX ua=95 mt=P len=0
PKT t=32731 RX ua=95 mt=R len=7
PKT t=32736 TX ua=95 mt=P len=0
PKT t=32745 RX ua=95 mt=R len=7
PKT t=32751 TX ua=95 mt=P len=0
PKT t=32760 RX ua=95 mt=R len=7
PKT t=32765 TX ua=95 mt=P len=0
PKT t=32794 RX ua=95 mt=R len=7
PKT t=32801 TX ua=95 mt=P len=0
PKT t=32810 RX ua=95 mt=R len=7
PKT t=32815 TX ua=95 mt=P len=0
PKT t=32824 RX ua=95 mt=R len=7
PKT t=32829 TX ua=95 mt=P len=0
PKT t=32838 RX ua=95 mt=R len=7
PKT t=32843 TX ua=95 mt=P len=0
PKT t=32852 RX ua=95 mt=R len=7
PKT t=32857 TX ua=95 mt=T len=7
PKT t=32869 TX ua=95 mt=P len=0
PKT t=32901 RX ua=95 mt=R len=7
PKT t=32906 TX ua=95 mt=P len=0
PKT t=32915 RX ua=95 mt=R len=7
PKT t=32920 TX ua=95 mt=P len=0
PKT t=32929 RX ua=95 mt=R len=7
PKT t=32934 TX ua=95 mt=P len=0
PKT t=32943 RX ua=95 mt=R len=7
PKT t=32951 TX ua=95 mt=P len=0
PKT t=32960 RX ua=95 mt=R len=7
PKT t=32965 TX ua=95 mt=P len=0
PKT t=33001 RX ua=95 mt=R len=7
PKT t=33006 TX ua=95 mt=P len=0
PKT t=33015 RX ua=95 mt=R len=7
PKT t=33020 TX ua=95 mt=P len=0
PKT t=33029 RX ua=95 mt=R len=7
PKT t=33034 TX ua=95 mt=P len=0
PKT t=33043 RX ua=95 mt=R len=7
PKT t=33051 TX ua=95 mt=P len=0
PKT t=33060 RX ua=95 mt=R len=7
PKT t=33065 TX ua=95 mt=P len=0
PKT t=33101 RX ua=95 mt=R len=7
PKT t=33106 TX ua=95 mt=T len=7
PKT t=33118 TX ua=95 mt=P len=0
PKT t=33127 RX ua=95 mt=R len=7
PKT t=33132 TX ua=95 mt=P len=0
PKT t=33141 RX ua=95 mt=R len=7
PKT t=33146 TX ua=95 mt=P len=0
PKT t=33155 RX ua=95 mt=R len=7
PKT t=33160 TX ua=95 mt=P len=0
PKT t=33169 RX ua=95 mt=R len=7
PKT t=33174 TX ua=95 mt=P len=0
PKT t=33203 RX ua=95 mt=R len=7
PKT t=33208 TX ua=95 mt=P len=0
PKT t=33217 RX ua=95 mt=R len=7
PKT t=33222 TX ua=95 mt=P len=0
PKT t=33231 RX ua=95 mt=R len=7
PKT t=33236 TX ua=95 mt=P len=0
PKT t=33245 RX ua=95 mt=R len=7
PKT t=33251 TX ua=95 mt=P len=0
PKT t=33260 RX ua=95 mt=R len=7
PKT t=33265 TX ua=95 mt=P len=0
PKT t=33274 RX ua=95 mt=R len=7
PKT t=33279 TX ua=95 mt=P len=0
PKT t=33308 RX ua=95 mt=R len=7
PKT t=33313 TX ua=95 mt=P len=0
PKT t=33322 RX ua=95 mt=R len=7
PKT t=33327 TX ua=95 mt=P len=0
PKT t=33336 RX ua=95 mt=R len=7
PKT t=33341 TX ua=95 mt=P len=0
PKT t=33351 RX ua=95 mt=R len=7
PKT t=33356 TX ua=95 mt=T len=7
PKT t=33368 TX ua=95 mt=P len=0
PKT t=33378 RX ua=95 mt=R len=7
PKT t=33383 TX ua=95 mt=P len=0
PKT t=33412 RX ua=95 mt=R len=7
PKT t=33417 TX ua=95 mt=P len=0
PKT t=33427 RX ua=95 mt=R len=7
PKT t=33432 TX ua=95 mt=P len=0
PKT t=33442 RX ua=95 mt=R len=7
PKT t=33447 TX ua=95 mt=P len=0
PKT t=33457 RX ua=95 mt=R len=7
PKT t=33462 TX ua=95 mt=P len=0
PKT t=33472 RX ua=95 mt=R len=7
PKT t=33477 TX ua=95 mt=P len=0
PKT t=33487 RX ua=95 mt=R len=7
PKT t=33492 TX ua=95 mt=P len=0
PKT t=33521 RX ua=95 mt=R len=7
PKT t=33526 TX ua=95 mt=P len=0
PKT t=33536 RX ua=95 mt=R len=7
PKT t=33541 TX ua=95 mt=P len=0
PKT t=33551 RX ua=95 mt=R len=7
PKT t=33556 TX ua=95 mt=P len=0
PKT t=33566 RX ua=95 mt=R len=7
PKT t=33571 TX ua=95 mt=P len=0
PKT t=33581 RX ua=95 mt=R len=7
PKT t=33586 TX ua=95 mt=P len=0
PKT t=33596 RX ua=95 mt=R len=7
PKT t=33601 TX ua=95 mt=T len=7
PKT t=33613 TX ua=95 mt=P len=0
PKT t=33631 RX ua=95 mt=R len=7
PKT t=33636 TX ua=95 mt=P len=0
PKT t=33645 RX ua=95 mt=R len=7
PKT t=33651 TX ua=95 mt=P len=0
PKT t=33660 RX ua=95 mt=R len=7
PKT t=33665 TX ua=95 mt=P len=0
PKT t=33674 RX ua=95 mt=R len=7
PKT t=33679 TX ua=95 mt=P len=0
PKT t=33688 RX ua=95 mt=R len=7
PKT t=33693 TX ua=95 mt=P len=0
PKT t=33702 RX ua=95 mt=R len=7
PKT t=33707 TX ua=95 mt=P len=0
PKT t=33736 RX ua=95 mt=R len=7
PKT t=33741 TX ua=95 mt=P len=0
PKT t=33751 RX ua=95 mt=R len=7
PKT t=33756 TX ua=95 mt=P len=0
PKT t=33765 RX ua=95 mt=R len=7
PKT t=33770 TX ua=95 mt=P len=0
PKT t=33779 RX ua=95 mt=R len=7
PKT t=33784 TX ua=95 mt=P len=0
PKT t=33793 RX ua=95 mt=R len=7
PKT t=33801 TX ua=95 mt=P len=0
PKT t=33810 RX ua=95 mt=R len=7
PKT t=33815 TX ua=95 mt=P len=0
PKT t=33844 RX ua=95 mt=R len=7
PKT t=33851 TX ua=95 mt=T len=7
PKT t=33863 TX ua=95 mt=P len=0
PKT t=33872 RX ua=95 mt=R len=7
PKT t=33877 TX ua=95 mt=P len=0
PKT t=33886 RX ua=95 mt=R len=7
PKT t=33891 TX ua=95 mt=P len=0
PKT t=33901 RX ua=95 mt=R len=7
PKT t=33906 TX ua=95 mt=P len=0
PKT t=33915 RX ua=95 mt=R len=7
PKT t=33920 TX ua=95 mt=P len=0
PKT t=33951 RX ua=95 mt=R len=7
PKT t=33956 TX ua=95 mt=P len=0
PKT t=33965 RX ua=95 mt=R len=7
PKT t=33970 TX ua=95 mt=P len=0
PKT t=33979 RX ua=95 mt=R len=7
PKT t=33984 TX ua=95 mt=P len=0
PKT t=33993 RX ua=95 mt=R len=7
PKT t=34001 TX ua=95 mt=P len=0
PKT t=34010 RX ua=95 mt=R len=7
PKT t=34015 TX ua=95 mt=P len=0
PKT t=34024 RX ua=95 mt=R len=7
PKT t=34029 TX ua=95 mt=P len=0
PKT t=34058 RX ua=95 mt=R len=7
PKT t=34063 TX ua=95 mt=P len=0
PKT t=34072 RX ua=95 mt=R len=7
PKT t=34077 TX ua=95 mt=P len=0
PKT t=34086 RX ua=95 mt=R len=7
PKT t=34091 TX ua=95 mt=P len=0
PKT t=34101 RX ua=95 mt=R len=7
PKT t=34106 TX ua=95 mt=T len=7
PKT t=34119 TX ua=95 mt=P len=0
PKT t=34128 RX ua=95 mt=R len=7
PKT t=34133 TX ua=95 mt=T len=7
PKT t=34146 TX ua=95 mt=P len=0
PKT t=34164 RX ua=95 mt=R len=7
PKT t=34169 TX ua=95 mt=P len=0
PKT t=34179 RX ua=95 mt=R len=7
PKT t=34184 TX ua=95 mt=P len=0
PKT t=34193 RX ua=95 mt=R len=7
PKT t=34201 TX ua=95 mt=P len=0
PKT t=34210 RX ua=95 mt=R len=7
PKT t=34215 TX ua=95 mt=P len=0
PKT t=34224 RX ua=95 mt=R len=7
PKT t=34229 TX ua=95 mt=P len=0
PKT t=34262 RX ua=95 mt=R len=7
PKT t=34267 TX ua=95 mt=P len=0
PKT t=34276 RX ua=95 mt=R len=7
PKT t=34281 TX ua=95 mt=P len=0
PKT t=34290 RX ua=95 mt=R len=7
PKT t=34295 TX ua=95 mt=P len=0
PKT t=34304 RX ua=95 mt=R len=7
PKT t=34309 TX ua=95 mt=P len=0
PKT t=34318 RX ua=95 mt=R len=7
PKT t=34323 TX ua=95 mt=P len=0
PKT t=34333 RX ua=95 mt=R len=7
PKT t=34337 TX ua=95 mt=P len=0
PKT t=34366 RX ua=95 mt=R len=7
PKT t=34371 TX ua=95 mt=T len=7
PKT t=34384 TX ua=95 mt=P len=0
PKT t=34393 RX ua=95 mt=R len=7
PKT t=34401 TX ua=95 mt=P len=0
PKT t=34410 RX ua=95 mt=R len=7
PKT t=34415 TX ua=95 mt=P len=0
PKT t=34424 RX ua=95 mt=R len=7
PKT t=34429 TX ua=95 mt=P len=0
PKT t=34438 RX ua=95 mt=R len=7
PKT t=34443 TX ua=95 mt=P len=0
PKT t=34472 RX ua=95 mt=R len=7
PKT t=34477 TX ua=95 mt=P len=0
PKT t=34486 RX ua=95 mt=R len=7
PKT t=34491 TX ua=95 mt=P len=0
PKT t=34501 RX ua=95 mt=R len=7
PKT t=34506 TX ua=95 mt=P len=0
PKT t=34515 RX ua=95 mt=R len=7
PKT t=34520 TX ua=95 mt=P len=0
PKT t=34529 RX ua=95 mt=R len=7
PKT t=34534 TX ua=95 mt=P len=0
PKT t=34543 RX ua=95 mt=R len=7
PKT t=34551 TX ua=95 mt=P len=0
PKT t=34577 RX ua=95 mt=R len=7
PKT t=34582 TX ua=95 mt=P len=0
PKT t=34591 RX ua=95 mt=R len=7
PKT t=34596 TX ua=95 mt=P len=0
PKT t=34605 RX ua=95 mt=R len=7
PKT t=34610 TX ua=95 mt=T len=7
PKT t=34623 TX ua=95 mt=P len=0
PKT t=34632 RX ua=95 mt=R len=7
PKT t=34637 TX ua=95 mt=P len=0
PKT t=34646 RX ua=95 mt=R len=7
PKT t=34651 TX ua=95 mt=P len=0
PKT t=34680 RX ua=95 mt=R len=7
PKT t=34685 TX ua=95 mt=P len=0
PKT t=34694 RX ua=95 mt=R len=7
PKT t=34701 TX ua=95 mt=P len=0
PKT t=34710 RX ua=95 mt=R len=7
PKT t=34715 TX ua=95 mt=P len=0
PKT t=34724 RX ua=95 mt=R len=7
PKT t=34729 TX ua=95 mt=P len=0
PKT t=34738 RX ua=95 mt=R len=7
PKT t=34743 TX ua=95 mt=P len=0
PKT t=34752 RX ua=95 mt=R len=7
PKT t=34757 TX ua=95 mt=P len=0
PKT t=34786 RX ua=95 mt=R len=7
PKT t=34791 TX ua=95 mt=P len=0
PKT t=34801 RX ua=95 mt=R len=7
PKT t=34806 TX ua=95 mt=P len=0
PKT t=34815 RX ua=95 mt=R len=7
PKT t=34820 TX ua=95 mt=P len=0
PKT t=34829 RX ua=95 mt=R len=7
PKT t=34834 TX ua=95 mt=P len=0
PKT t=34843 RX ua=95 mt=R len=7
PKT t=34851 TX ua=95 mt=T len=7
PKT t=34864 TX ua=95 mt=P len=0
PKT t=34891 RX ua=95 mt=R len=7
PKT t=34896 TX ua=95 mt=P len=0
PKT t=34905 RX ua=95 mt=R len=7
PKT t=34910 TX ua=95 mt=P len=0
PKT t=34919 RX ua=95 mt=R len=7
PKT t=34924 TX ua=95 mt=P len=0
PKT t=34933 RX ua=95 mt=R len=7
PKT t=34938 TX ua=95 mt=P len=0
PKT t=34951 RX ua=95 mt=R len=7
PKT t=34956 TX ua=95 mt=P len=0
PKT t=34965 RX ua=95 mt=R len=7
PKT t=34970 TX ua=95 mt=P len=0
PKT t=35001 RX ua=95 mt=R len=7
PKT t=35006 TX ua=95 mt=P len=0
PKT t=35015 RX ua=95 mt=R len=7
PKT t=35020 TX ua=95 mt=P len=0
PKT t=35029 RX ua=95 mt=R len=7
PKT t=35034 TX ua=95 mt=P len=0
PKT t=35043 RX ua=95 mt=R len=7
PKT t=35051 TX ua=95 mt=P len=0
PKT t=35060 RX ua=95 mt=R len=7
PKT t=35065 TX ua=95 mt=P len=0
PKT t=35074 RX ua=95 mt=R len=7
PKT t=35079 TX ua=95 mt=P len=0
PKT t=35108 RX ua=95 mt=R len=7
PKT t=35113 TX ua=95 mt=T len=7
PKT t=35125 TX ua=95 mt=P len=0
PKT t=35134 RX ua=95 mt=R len=7
PKT t=35139 TX ua=95 mt=P len=0
PKT t=35151 RX ua=95 mt=R len=7
PKT t=35156 TX ua=95 mt=P len=0
PKT t=35165 RX ua=95 mt=R len=7
PKT t=35170 TX ua=95 mt=P len=0
PKT t=35179 RX ua=95 mt=R len=7
PKT t=35184 TX ua=95 mt=P len=0
PKT t=35213 RX ua=95 mt=R len=7
PKT t=35218 TX ua=95 mt=P len=0
PKT t=35228 RX ua=95 mt=R len=7
PKT t=35233 TX ua=96 mt=P len=0
PKT t=35491 TX ua=95 mt=P len=0
PKT t=35501 RX ua=95 mt=R len=7
PKT t=35506 TX ua=95 mt=T len=7
PKT t=35518 TX ua=95 mt=P len=0
PKT t=35528 RX ua=95 mt=R len=7
PKT t=35533 TX ua=95 mt=P len=0
PKT t=35543 RX ua=95 mt=R len=7
PKT t=35551 TX ua=95 mt=P len=0
PKT t=35561 RX ua=95 mt=R len=7
PKT t=35566 TX ua=95 mt=P len=0
PKT t=35576 RX ua=95 mt=R len=7
PKT t=35581 TX ua=95 mt=P len=0
PKT t=35613 RX ua=95 mt=R len=7
PKT t=35618 TX ua=95 mt=T len=7
PKT t=35630 TX ua=95 mt=P len=0
PKT t=35639 RX ua=95 mt=R len=7
PKT t=35644 TX ua=95 mt=P len=0
PKT t=35653 RX ua=95 mt=R len=7
PKT t=35658 TX ua=95 mt=P len=0
PKT t=35667 RX ua=95 mt=R len=7
PKT t=35672 TX ua=95 mt=P len=0
PKT t=35681 RX ua=95 mt=R len=7
PKT t=35686 TX ua=95 mt=P len=0
PKT t=35715 RX ua=95 mt=R len=7
PKT t=35720 TX ua=95 mt=P len=0
PKT t=35729 RX ua=95 mt=R len=7
PKT t=35734 TX ua=95 mt=P len=0
PKT t=35743 RX ua=95 mt=R len=7
PKT t=35751 TX ua=95 mt=P len=0
PKT t=35760 RX ua=95 mt=R len=7
PKT t=35765 TX ua=95 mt=P len=0
PKT t=35774 RX ua=95 mt=R len=7
PKT t=35779 TX ua=95 mt=P len=0
PKT t=35788 RX ua=95 mt=R len=7
PKT t=35793 TX ua=95 mt=P len=0
PKT t=35822 RX ua=95 mt=R len=7
PKT t=35827 TX ua=95 mt=P len=0
PKT t=35836 RX ua=95 mt=R len=7
PKT t=35841 TX ua=95 mt=P len=0
PKT t=35851 RX ua=95 mt=R len=7
PKT t=35856 TX ua=95 mt=T len=7
PKT t=35868 TX ua=95 mt=P len=0
PKT t=35877 RX ua=95 mt=R len=7
PKT t=35882 TX ua=95 mt=P len=0
PKT t=35891 RX ua=95 mt=R len=7
PKT t=35896 TX ua=95 mt=P len=0
PKT t=35925 RX ua=95 mt=R len=7
PKT t=35930 TX ua=95 mt=P len=0
PKT t=35939 RX ua=95 mt=R len=7
PKT t=35944 TX ua=95 mt=P len=0
PKT t=35953 RX ua=95 mt=R len=7
PKT t=35958 TX ua=95 mt=P len=0
PKT t=35967 RX ua=95 mt=R len=7
PKT t=35972 TX ua=95 mt=P len=0
PKT t=35981 RX ua=95 mt=R len=7
PKT t=35986 TX ua=95 mt=P len=0
PKT t=35995 RX ua=95 mt=R len=7
PKT t=36001 TX ua=95 mt=P len=0
PKT t=36029 RX ua=95 mt=R len=7
PKT t=36034 TX ua=95 mt=P len=0
PKT t=36043 RX ua=95 mt=R len=7
PKT t=36051 TX ua=95 mt=P len=0
PKT t=36060 RX ua=95 mt=R len=7
PKT t=36065 TX ua=95 mt=P len=0
PKT t=36074 RX ua=95 mt=R len=7
PKT t=36079 TX ua=95 mt=P len=0
PKT t=36088 RX ua=95 mt=R len=7
PKT t=36093 TX ua=95 mt=P len=0
PKT t=36102 RX ua=95 mt=R len=7
PKT t=36107 TX ua=95 mt=T len=7
PKT t=36119 TX ua=95 mt=P len=0
PKT t=36138 RX ua=95 mt=R len=7
PKT t=36143 TX ua=95 mt=P len=0
PKT t=36152 RX ua=95 mt=R len=7
PKT t=36157 TX ua=95 mt=P len=0
PKT t=36166 RX ua=95 mt=R len=7
PKT t=36171 TX ua=95 mt=P len=0
PKT t=36180 RX ua=95 mt=R len=7
PKT t=36185 TX ua=95 mt=P len=0
PKT t=36194 RX ua=95 mt=R len=7
PKT t=36201 TX ua=95 mt=P len=0
PKT t=36210 RX ua=95 mt=R len=7
PKT t=36215 TX ua=95 mt=P len=0
PKT t=36244 RX ua=95 mt=R len=7
PKT t=36251 TX ua=95 mt=P len=0
PKT t=36260 RX ua=95 mt=R len=7
PKT t=36265 TX ua=95 mt=P len=0
PKT t=36274 RX ua=95 mt=R len=7
PKT t=36279 TX ua=95 mt=P len=0
PKT t=36288 RX ua=95 mt=R len=7
PKT t=36293 TX ua=95 mt=P len=0
PKT t=36302 RX ua=95 mt=R len=7
PKT t=36307 TX ua=95 mt=P len=0
PKT t=36316 RX ua=95 mt=R len=7
PKT t=36321 TX ua=95 mt=P len=0
PKT t=36351 RX ua=95 mt=R len=7
PKT t=36356 TX ua=95 mt=T len=7
PKT t=36368 TX ua=95 mt=P len=0
PKT t=36377 RX ua=95 mt=R len=7
PKT t=36382 TX ua=95 mt=P len=0
PKT t=36391 RX ua=95 mt=R len=7
PKT t=36396 TX ua=95 mt=P len=0
PKT t=36405 RX ua=95 mt=R len=7
PKT t=36410 TX ua=95 mt=P len=0
PKT t=36419 RX ua=95 mt=R len=7
PKT t=36424 TX ua=95 mt=P len=0
PKT t=36453 RX ua=95 mt=R len=7
PKT t=36458 TX ua=95 mt=P len=0
PKT t=36467 RX ua=95 mt=R len=7
PKT t=36472 TX ua=95 mt=P len=0
PKT t=36481 RX ua=95 mt=R len=7
PKT t=36486 TX ua=95 mt=P len=0
PKT t=36495 RX ua=95 mt=R len=7
PKT t=36501 TX ua=95 mt=P len=0
PKT t=36510 RX ua=95 mt=R len=7
PKT t=36515 TX ua=95 mt=P len=0
PKT t=36524 RX ua=95 mt=R len=7
PKT t=36529 TX ua=95 mt=P len=0
PKT t=36558 RX ua=95 mt=R len=7
PKT t=36563 TX ua=95 mt=P len=0
PKT t=36572 RX ua=95 mt=R len=7
PKT t=36577 TX ua=95 mt=P len=0
PKT t=36586 RX ua=95 mt=R len=7
PKT t=36591 TX ua=95 mt=P len=0
PKT t=36601 RX ua=95 mt=R len=7
PKT t=36606 TX ua=95 mt=T len=7
PKT t=36618 TX ua=95 mt=P len=0
PKT t=36627 RX ua=95 mt=R len=7
PKT t=36632 TX ua=95 mt=P len=0
PKT t=36661 RX ua=95 mt=R len=7
PKT t=36666 TX ua=95 mt=P len=0
PKT t=36675 RX ua=95 mt=R len=7
PKT t=36680 TX ua=95 mt=P len=0
PKT t=36689 RX ua=95 mt=R len=7
PKT t=36694 TX ua=95 mt=P len=0
PKT t=36703 RX ua=95 mt=R len=7
PKT t=36708 TX ua=95 mt=P len=0
PKT t=36717 RX ua=95 mt=R len=7
PKT t=36722 TX ua=95 mt=P len=0
PKT t=36731 RX ua=95 mt=R len=7
PKT t=36736 TX ua=95 mt=P len=0
PKT t=36765 RX ua=95 mt=R len=7
PKT t=36770 TX ua=95 mt=P len=0
PKT t=36779 RX ua=95 mt=R len=7
PKT t=36784 TX ua=95 mt=P len=0
PKT t=36793 RX ua=95 mt=R len=7
PKT t=36801 TX ua=95 mt=P len=0
PKT t=36811 RX ua=95 mt=R len=7
PKT t=36816 TX ua=95 mt=P len=0
PKT t=36825 RX ua=95 mt=R len=7
PKT t=36830 TX ua=95 mt=P len=0
PKT t=36839 RX ua=95 mt=R len=7
PKT t=36844 TX ua=95 mt=P len=0
PKT t=36873 RX ua=95 mt=R len=7
PKT t=36878 TX ua=95 mt=T len=7
PKT t=36890 TX ua=95 mt=P len=0
PKT t=36901 RX ua=95 mt=R len=7
PKT t=36906 TX ua=95 mt=P len=0
PKT t=36915 RX ua=95 mt=R len=7
PKT t=36920 TX ua=95 mt=P len=0
PKT t=36929 RX ua=95 mt=R len=7
PKT t=36934 TX ua=95 mt=P len=0
PKT t=36943 RX ua=95 mt=R len=7
PKT t=36951 TX ua=95 mt=P len=0
PKT t=36977 RX ua=95 mt=R len=7
PKT t=36982 TX ua=95 mt=P len=0
PKT t=36991 RX ua=95 mt=R len=7
PKT t=36996 TX ua=95 mt=P len=0
PKT t=37005 RX ua=95 mt=R len=7
PKT t=37010 TX ua=95 mt=P len=0
PKT t=37019 RX ua=95 mt=R len=7
PKT t=37024 TX ua=95 mt=P len=0
PKT t=37033 RX ua=95 mt=R len=7
PKT t=37038 TX ua=95 mt=P len=0
PKT t=37051 RX ua=95 mt=R len=7
PKT t=37056 TX ua=95 mt=P len=0
PKT t=37081 RX ua=95 mt=R len=7
PKT t=37086 TX ua=95 mt=P len=0
PKT t=37095 RX ua=95 mt=R len=7
PKT t=37101 TX ua=95 mt=T len=7
PKT t=37114 TX ua=95 mt=P len=0
PKT t=37123 RX ua=95 mt=R len=7
PKT t=37128 TX ua=95 mt=P len=0
PKT t=37137 RX ua=95 mt=R len=7
PKT t=37142 TX ua=95 mt=P len=0
PKT t=37151 RX ua=95 mt=R len=7
PKT t=37156 TX ua=95 mt=P len=0
PKT t=37185 RX ua=95 mt=R len=7
PKT t=37190 TX ua=95 mt=P len=0
PKT t=37201 RX ua=95 mt=R len=7
PKT t=37206 TX ua=95 mt=P len=0
PKT t=37215 RX ua=95 mt=R len=7
PKT t=37220 TX ua=95 mt=P len=0
PKT t=37229 RX ua=95 mt=R len=7
PKT t=37234 TX ua=95 mt=P len=0
