PKT t=7332 TX ua=95 mt=P len=0
PKT t=7341 RX ua=95 mt=R len=7
PKT t=7346 TX ua=95 mt=P len=0
PKT t=7355 RX ua=95 mt=R len=7
PKT t=7360 TX ua=95 mt=T len=7
PKT t=7372 TX ua=95 mt=P len=0
PKT t=7391 RX ua=95 mt=R len=7
PKT t=7396 TX ua=95 mt=P len=0
PKT t=7406 RX ua=95 mt=R len=7
PKT t=7411 TX ua=95 mt=P len=0
PKT t=7421 RX ua=95 mt=R len=7
PKT t=7426 TX ua=95 mt=P len=0
PKT t=7436 RX ua=95 mt=R len=7
PKT t=7441 TX ua=95 mt=P len=0
PKT t=7451 RX ua=95 mt=R len=7
PKT t=7456 TX ua=95 mt=P len=0
PKT t=7491 RX ua=95 mt=R len=7
PKT t=7496 TX ua=95 mt=P len=0
PKT t=7506 RX ua=95 mt=R len=7
PKT t=7511 TX ua=95 mt=P len=0
PKT t=7521 RX ua=95 mt=R len=7
PKT t=7526 TX ua=95 mt=P len=0
PKT t=7536 RX ua=95 mt=R len=7
PKT t=7541 TX ua=95 mt=P len=0
PKT t=7551 RX ua=95 mt=R len=7
PKT t=7556 TX ua=95 mt=P len=0
PKT t=7589 RX ua=95 mt=R len=7
PKT t=7594 TX ua=95 mt=P len=0
PKT t=7604 RX ua=95 mt=R len=7
PKT t=7609 TX ua=95 mt=T len=7
PKT t=7621 TX ua=95 mt=P len=0
PKT t=7630 RX ua=95 mt=R len=7
PKT t=7635 TX ua=95 mt=P len=0
PKT t=7646 RX ua=95 mt=R len=7
PKT t=7651 TX ua=95 mt=P len=0
PKT t=7660 RX ua=95 mt=R len=7
PKT t=7665 TX ua=95 mt=P len=0
PKT t=7694 RX ua=95 mt=R len=7
PKT t=7699 TX ua=95 mt=P len=0
PKT t=7708 RX ua=95 mt=R len=7
PKT t=7713 TX ua=95 mt=P len=0
PKT t=7722 RX ua=95 mt=R len=7
PKT t=7727 TX ua=95 mt=P len=0
PKT t=7736 RX ua=95 mt=R len=7
PKT t=7741 TX ua=95 mt=P len=0
PKT t=7750 RX ua=95 mt=R len=7
PKT t=7755 TX ua=95 mt=P len=0
PKT t=7764 RX ua=95 mt=R len=7
PKT t=7769 TX ua=95 mt=P len=0
PKT t=7801 RX ua=95 mt=R len=7
PKT t=7806 TX ua=95 mt=P len=0
PKT t=7815 RX ua=95 mt=R len=7
PKT t=7820 TX ua=95 mt=P len=0
PKT t=7829 RX ua=95 mt=R len=7
PKT t=7834 TX ua=95 mt=P len=0
PKT t=7843 RX ua=95 mt=R len=7
PKT t=7848 TX ua=95 mt=T len=7
PKT t=7860 TX ua=95 mt=P len=0
PKT t=7869 RX ua=95 mt=R len=7
PKT t=7874 TX ua=95 mt=P len=0
PKT t=7903 RX ua=95 mt=R len=7
PKT t=7908 TX ua=95 mt=P len=0
PKT t=7917 RX ua=95 mt=R len=7
PKT t=7922 TX ua=95 mt=P len=0
PKT t=7931 RX ua=95 mt=R len=7
PKT t=7936 TX ua=95 mt=P len=0
PKT t=7945 RX ua=95 mt=R len=7
PKT t=7950 TX ua=95 mt=P len=0
PKT t=7959 RX ua=95 mt=R len=7
PKT t=7964 TX ua=95 mt=P len=0
PKT t=7973 RX ua=95 mt=R len=7
PKT t=7978 TX ua=95 mt=P len=0
PKT t=8008 RX ua=95 mt=R len=7
PKT t=8013 TX ua=95 mt=P len=0
PKT t=8023 RX ua=95 mt=R len=7
PKT t=8028 TX ua=95 mt=P len=0
PKT t=8037 RX ua=95 mt=R len=7
PKT t=8042 TX ua=95 mt=P len=0
PKT t=8051 RX ua=95 mt=R len=7
PKT t=8056 TX ua=95 mt=P len=0
PKT t=8065 RX ua=95 mt=R len=7
PKT t=8070 TX ua=95 mt=P len=0
PKT t=8079 RX ua=95 mt=R len=7
PKT t=8084 TX ua=95 mt=P len=0
PKT t=8118 RX ua=95 mt=R len=7
PKT t=8123 TX ua=95 mt=T len=7
PKT t=8135 TX ua=95 mt=P len=0
PKT t=8144 RX ua=95 mt=R len=7
PKT t=8149 TX ua=95 mt=P len=0
PKT t=8158 RX ua=95 mt=R len=7
PKT t=8163 TX ua=95 mt=P len=0
PKT t=8172 RX ua=95 mt=R len=7
PKT t=8177 TX ua=95 mt=P len=0
PKT t=8186 RX ua=95 mt=R len=7
PKT t=8191 TX ua=95 mt=P len=0
PKT t=8221 RX ua=95 mt=R len=7
PKT t=8226 TX ua=95 mt=P len=0
PKT t=8235 RX ua=95 mt=R len=7
PKT t=8240 TX ua=95 mt=P len=0
PKT t=8249 RX ua=95 mt=R len=7
PKT t=8254 TX ua=95 mt=P len=0
PKT t=8266 RX ua=95 mt=R len=7
PKT t=8271 TX ua=95 mt=P len=0
PKT t=8280 RX ua=95 mt=R len=7
PKT t=8285 TX ua=95 mt=P len=0
PKT t=8294 RX ua=95 mt=R len=7
PKT t=8299 TX ua=95 mt=P len=0
PKT t=8329 RX ua=95 mt=R len=7
PKT t=8333 TX ua=95 mt=P len=0
PKT t=8342 RX ua=95 mt=R len=7
PKT t=8347 TX ua=95 mt=T len=7
PKT t=8359 TX ua=95 mt=P len=0
PKT t=8368 RX ua=95 mt=R len=7
PKT t=8373 TX ua=95 mt=P len=0
PKT t=8382 RX ua=95 mt=R len=7
PKT t=8387 TX ua=95 mt=P len=0
PKT t=8396 RX ua=95 mt=R len=7
PKT t=8401 TX ua=95 mt=P len=0
PKT t=8430 RX ua=95 mt=R len=7
PKT t=8435 TX ua=95 mt=P len=0
PKT t=8444 RX ua=95 mt=R len=7
PKT t=8449 TX ua=95 mt=P len=0
PKT t=8458 RX ua=95 mt=R len=7
PKT t=8463 TX ua=95 mt=P len=0
PKT t=8472 RX ua=95 mt=R len=7
PKT t=8477 TX ua=95 mt=P len=0
PKT t=8486 RX ua=95 mt=R len=7
PKT t=8491 TX ua=95 mt=P len=0
PKT t=8500 RX ua=95 mt=R len=7
PKT t=8505 TX ua=95 mt=P len=0
PKT t=8534 RX ua=95 mt=R len=7
PKT t=8539 TX ua=95 mt=P len=0
PKT t=8548 RX ua=95 mt=R len=7
PKT t=8553 TX ua=95 mt=P len=0
PKT t=8562 RX ua=95 mt=R len=7
PKT t=8567 TX ua=95 mt=P len=0
PKT t=8576 RX ua=95 mt=R len=7
PKT t=8581 TX ua=95 mt=P len=0
PKT t=8590 RX ua=95 mt=R len=7
PKT t=8595 TX ua=95 mt=P len=0
PKT t=8604 RX ua=95 mt=R len=7
PKT t=8609 TX ua=95 mt=T len=7
PKT t=8621 TX ua=95 mt=P len=0
PKT t=8640 RX ua=95 mt=R len=7
PKT t=8645 TX ua=95 mt=P len=0
PKT t=8654 RX ua=95 mt=R len=7
PKT t=8659 TX ua=95 mt=P len=0
PKT t=8668 RX ua=95 mt=R len=7
PKT t=8673 TX ua=95 mt=P len=0
PKT t=8682 RX ua=95 mt=R len=7
PKT t=8687 TX ua=95 mt=P len=0
PKT t=8696 RX ua=95 mt=R len=7
PKT t=8701 TX ua=95 mt=P len=0
PKT t=8710 RX ua=95 mt=R len=7
PKT t=8715 TX ua=95 mt=P len=0
PKT t=8744 RX ua=95 mt=R len=7
PKT t=8749 TX ua=95 mt=P len=0
PKT t=8758 RX ua=95 mt=R len=7
PKT t=8763 TX ua=95 mt=P len=0
PKT t=8772 RX ua=95 mt=R len=7
PKT t=8777 TX ua=95 mt=P len=0
PKT t=8786 RX ua=95 mt=R len=7
PKT t=8791 TX ua=95 mt=P len=0
PKT t=8800 RX ua=95 mt=R len=7
PKT t=8805 TX ua=95 mt=P len=0
PKT t=8814 RX ua=95 mt=R len=7
PKT t=8819 TX ua=95 mt=P len=0
PKT t=8848 RX ua=95 mt=R len=7
PKT t=8853 TX ua=95 mt=T len=7
PKT t=8865 TX ua=95 mt=P len=0
PKT t=8874 RX ua=95 mt=R len=7
PKT t=8879 TX ua=95 mt=P len=0
PKT t=8888 RX ua=95 mt=R len=7
PKT t=8893 TX ua=95 mt=P len=0
PKT t=8902 RX ua=95 mt=R len=7
PKT t=8907 TX ua=95 mt=P len=0
PKT t=8916 RX ua=95 mt=R len=7
PKT t=8921 TX ua=95 mt=P len=0
PKT t=8950 RX ua=95 mt=R len=7
PKT t=8955 TX ua=95 mt=P len=0
PKT t=8964 RX ua=95 mt=R len=7
PKT t=8969 TX ua=95 mt=P len=0
PKT t=8978 RX ua=95 mt=R len=7
PKT t=8983 TX ua=95 mt=P len=0
PKT t=8992 RX ua=95 mt=R len=7
PKT t=8997 TX ua=95 mt=P len=0
PKT t=9006 RX ua=95 mt=R len=7
PKT t=9011 TX ua=95 mt=P len=0
PKT t=9020 RX ua=95 mt=R len=7
PKT t=9025 TX ua=95 mt=P len=0
PKT t=9054 RX ua=95 mt=R len=7
PKT t=9059 TX ua=95 mt=P len=0
PKT t=9068 RX ua=95 mt=R len=7
PKT t=9073 TX ua=95 mt=P len=0
PKT t=9082 RX ua=95 mt=R len=7
PKT t=9087 TX ua=95 mt=P len=0
PKT t=9096 RX ua=95 mt=R len=7
PKT t=9101 TX ua=95 mt=T len=7
PKT t=9113 TX ua=95 mt=P len=0
PKT t=9122 RX ua=95 mt=R len=7
PKT t=9127 TX ua=95 mt=P len=0
PKT t=9156 RX ua=95 mt=R len=7
PKT t=9161 TX ua=95 mt=P len=0
PKT t=9170 RX ua=95 mt=R len=7
PKT t=9175 TX ua=95 mt=P len=0
PKT t=9184 RX ua=95 mt=R len=7
PKT t=9189 TX ua=95 mt=P len=0
PKT t=9198 RX ua=95 mt=R len=7
PKT t=9203 TX ua=95 mt=P len=0
PKT t=9212 RX ua=95 mt=R len=7
PKT t=9217 TX ua=95 mt=P len=0
PKT t=9226 RX ua=95 mt=R len=7
PKT t=9231 TX ua=95 mt=P len=0
PKT t=9260 RX ua=95 mt=R len=7
PKT t=9265 TX ua=95 mt=P len=0
PKT t=9274 RX ua=95 mt=R len=7
PKT t=9279 TX ua=95 mt=P len=0
PKT t=9288 RX ua=95 mt=R len=7
PKT t=9293 TX ua=95 mt=P len=0
PKT t=9302 RX ua=95 mt=R len=7
PKT t=9307 TX ua=95 mt=P len=0
PKT t=9316 RX ua=95 mt=R len=7
PKT t=9321 TX ua=95 mt=P len=0
PKT t=9330 RX ua=95 mt=R len=7
PKT t=9335 TX ua=95 mt=P len=0
PKT t=9364 RX ua=95 mt=R len=7
PKT t=9369 TX ua=95 mt=T len=7
PKT t=9381 TX ua=95 mt=P len=0
PKT t=9391 RX ua=95 mt=R len=7
PKT t=9396 TX ua=95 mt=P len=0
PKT t=9406 RX ua=95 mt=R len=7
PKT t=9411 TX ua=95 mt=P len=0
PKT t=9421 RX ua=95 mt=R len=7
PKT t=9426 TX ua=95 mt=P len=0
PKT t=9436 RX ua=95 mt=R len=7
PKT t=9441 TX ua=95 mt=P len=0
PKT t=9470 RX ua=95 mt=R len=7
PKT t=9475 TX ua=95 mt=P len=0
PKT t=9485 RX ua=95 mt=R len=7
PKT t=9490 TX ua=95 mt=P len=0
PKT t=9500 RX ua=95 mt=R len=7
PKT t=9506 TX ua=95 mt=P len=0
PKT t=9516 RX ua=95 mt=R len=7
PKT t=9521 TX ua=95 mt=P len=0
PKT t=9531 RX ua=95 mt=R len=7
PKT t=9536 TX ua=95 mt=P len=0
PKT t=9569 RX ua=95 mt=R len=7
PKT t=9574 TX ua=95 mt=P len=0
PKT t=9584 RX ua=95 mt=R len=7
PKT t=9589 TX ua=95 mt=P len=0
PKT t=9599 RX ua=95 mt=R len=7
PKT t=9604 TX ua=95 mt=T len=7
PKT t=9616 TX ua=95 mt=P len=0
PKT t=9625 RX ua=95 mt=R len=7
PKT t=9630 TX ua=95 mt=P len=0
PKT t=9639 RX ua=95 mt=R len=7
PKT t=9644 TX ua=95 mt=P len=0
PKT t=9673 RX ua=95 mt=R len=7
PKT t=9678 TX ua=95 mt=P len=0
PKT t=9687 RX ua=95 mt=R len=7
PKT t=9692 TX ua=95 mt=P len=0
PKT t=9701 RX ua=95 mt=R len=7
PKT t=9706 TX ua=95 mt=P len=0
PKT t=9715 RX ua=95 mt=R len=7
PKT t=9720 TX ua=95 mt=P len=0
PKT t=9729 RX ua=95 mt=R len=7
PKT t=9734 TX ua=95 mt=P len=0
PKT t=9743 RX ua=95 mt=R len=7
PKT t=9748 TX ua=95 mt=P len=0
PKT t=9777 RX ua=95 mt=R len=7
PKT t=9782 TX ua=95 mt=P len=0
PKT t=9791 RX ua=95 mt=R len=7
PKT t=9796 TX ua=95 mt=P len=0
PKT t=9805 RX ua=95 mt=R len=7
PKT t=9810 TX ua=95 mt=P len=0
PKT t=9819 RX ua=95 mt=R len=7
PKT t=9824 TX ua=95 mt=P len=0
PKT t=9833 RX ua=95 mt=R len=7
PKT t=9838 TX ua=95 mt=P len=0
PKT t=9847 RX ua=95 mt=R len=7
PKT t=9852 TX ua=95 mt=T len=7
PKT t=9864 TX ua=95 mt=P len=0
PKT t=9883 RX ua=95 mt=R len=7
PKT t=9888 TX ua=95 mt=P len=0
PKT t=9897 RX ua=95 mt=R len=7
PKT t=9902 TX ua=95 mt=P len=0
PKT t=9911 RX ua=95 mt=R len=7
PKT t=9916 TX ua=95 mt=P len=0
PKT t=9925 RX ua=95 mt=R len=7
PKT t=9930 TX ua=95 mt=P len=0
PKT t=9939 RX ua=95 mt=R len=7
PKT t=9944 TX ua=95 mt=P len=0
PKT t=9953 RX ua=95 mt=R len=7
PKT t=9958 TX ua=95 mt=P len=0
PKT t=9987 RX ua=95 mt=R len=7
PKT t=9992 TX ua=95 mt=P len=0
PKT t=10001 RX ua=95 mt=R len=7
PKT t=10009 TX ua=95 mt=P len=0
PKT t=10018 RX ua=95 mt=R len=7
PKT t=10023 TX ua=95 mt=P len=0
PKT t=10032 RX ua=95 mt=R len=7
PKT t=10037 TX ua=95 mt=P len=0
PKT t=10046 RX ua=95 mt=R len=7
PKT t=10051 TX ua=95 mt=P len=0
PKT t=10060 RX ua=95 mt=R len=7
PKT t=10065 TX ua=95 mt=P len=0
PKT t=10094 RX ua=95 mt=R len=7
PKT t=10099 TX ua=95 mt=T len=7
PKT t=10112 TX ua=95 mt=P len=0
PKT t=10121 RX ua=95 mt=R len=7
PKT t=10126 TX ua=95 mt=T len=7
PKT t=10139 TX ua=95 mt=P len=0
PKT t=10148 RX ua=95 mt=R len=7
PKT t=10153 TX ua=96 mt=P len=0
PKT t=10411 TX ua=95 mt=P len=0
PKT t=10420 RX ua=95 mt=R len=7
PKT t=10425 TX ua=95 mt=T len=7
PKT t=10441 TX ua=95 mt=P len=0
PKT t=10450 RX ua=95 mt=R len=7
PKT t=10455 TX ua=95 mt=P len=0
PKT t=10464 RX ua=95 mt=R len=7
PKT t=10469 TX ua=95 mt=P len=0
PKT t=10498 RX ua=95 mt=R len=7
PKT t=10503 TX ua=95 mt=P len=0
PKT t=10512 RX ua=95 mt=R len=7
PKT t=10517 TX ua=95 mt=P len=0
PKT t=10526 RX ua=95 mt=R len=7
PKT t=10531 TX ua=95 mt=P len=0
PKT t=10540 RX ua=95 mt=R len=7
PKT t=10545 TX ua=95 mt=P len=0
PKT t=10554 RX ua=95 mt=R len=7
PKT t=10559 TX ua=95 mt=P len=0
PKT t=10568 RX ua=95 mt=R len=7
PKT t=10573 TX ua=95 mt=P len=0
PKT t=10602 RX ua=95 mt=R len=7
PKT t=10607 TX ua=95 mt=T len=7
PKT t=10620 TX ua=95 mt=P len=0
PKT t=10629 RX ua=95 mt=R len=7
PKT t=10634 TX ua=95 mt=P len=0
PKT t=10643 RX ua=95 mt=R len=7
PKT t=10648 TX ua=95 mt=P len=0
PKT t=10657 RX ua=95 mt=R len=7
PKT t=10662 TX ua=95 mt=P len=0
PKT t=10671 RX ua=95 mt=R len=7
PKT t=10676 TX ua=95 mt=P len=0
PKT t=10705 RX ua=95 mt=R len=7
PKT t=10710 TX ua=95 mt=P len=0
PKT t=10719 RX ua=95 mt=R len=7
PKT t=10724 TX ua=95 mt=P len=0
PKT t=10733 RX ua=95 mt=R len=7
PKT t=10738 TX ua=95 mt=P len=0
PKT t=10747 RX ua=95 mt=R len=7
PKT t=10752 TX ua=95 mt=P len=0
PKT t=10761 RX ua=95 mt=R len=7
PKT t=10766 TX ua=95 mt=P len=0
PKT t=10775 RX ua=95 mt=R len=7
PKT t=10780 TX ua=95 mt=P len=0
PKT t=10809 RX ua=95 mt=R len=7
PKT t=10814 TX ua=95 mt=P len=0
PKT t=10823 RX ua=95 mt=R len=7
PKT t=10828 TX ua=95 mt=P len=0
PKT t=10837 RX ua=95 mt=R len=7
PKT t=10842 TX ua=95 mt=P len=0
PKT t=10851 RX ua=95 mt=R len=7
PKT t=10856 TX ua=95 mt=T len=7
PKT t=10869 TX ua=95 mt=P len=0
PKT t=10878 RX ua=95 mt=R len=7
PKT t=10883 TX ua=95 mt=P len=0
PKT t=10912 RX ua=95 mt=R len=7
PKT t=10917 TX ua=95 mt=P len=0
PKT t=10926 RX ua=95 mt=R len=7
PKT t=10931 TX ua=95 mt=P len=0
PKT t=10940 RX ua=95 mt=R len=7
PKT t=10945 TX ua=95 mt=P len=0
PKT t=10954 RX ua=95 mt=R len=7
PKT t=10959 TX ua=95 mt=P len=0
PKT t=10968 RX ua=95 mt=R len=7
PKT t=10973 TX ua=95 mt=P len=0
PKT t=10982 RX ua=95 mt=R len=7
PKT t=10987 TX ua=95 mt=P len=0
PKT t=11016 RX ua=95 mt=R len=7
PKT t=11021 TX ua=95 mt=P len=0
PKT t=11030 RX ua=95 mt=R len=7
PKT t=11035 TX ua=95 mt=P len=0
PKT t=11044 RX ua=95 mt=R len=7
PKT t=11049 TX ua=95 mt=P len=0
PKT t=11058 RX ua=95 mt=R len=7
PKT t=11063 TX ua=95 mt=P len=0
PKT t=11072 RX ua=95 mt=R len=7
PKT t=11077 TX ua=95 mt=P len=0
PKT t=11086 RX ua=95 mt=R len=7
PKT t=11091 TX ua=95 mt=P len=0
PKT t=11120 RX ua=95 mt=R len=7
PKT t=11125 TX ua=95 mt=T len=7
PKT t=11137 TX ua=95 mt=P len=0
PKT t=11146 RX ua=95 mt=R len=7
PKT t=11151 TX ua=95 mt=P len=0
PKT t=11160 RX ua=95 mt=R len=7
PKT t=11165 TX ua=95 mt=P len=0
PKT t=11174 RX ua=95 mt=R len=7
PKT t=11179 TX ua=95 mt=P len=0
PKT t=11188 RX ua=95 mt=R len=7
PKT t=11193 TX ua=95 mt=P len=0
PKT t=11222 RX ua=95 mt=R len=7
PKT t=11227 TX ua=95 mt=P len=0
PKT t=11237 RX ua=95 mt=R len=7
PKT t=11242 TX ua=95 mt=P len=0
PKT t=11251 RX ua=95 mt=R len=7
PKT t=11256 TX ua=95 mt=P len=0
PKT t=11265 RX ua=95 mt=R len=7
PKT t=11270 TX ua=95 mt=P len=0
PKT t=11279 RX ua=95 mt=R len=7
PKT t=11284 TX ua=95 mt=P len=0
PKT t=11293 RX ua=95 mt=R len=7
PKT t=11298 TX ua=95 mt=P len=0
PKT t=11328 RX ua=95 mt=R len=7
PKT t=11333 TX ua=95 mt=P len=0
PKT t=11342 RX ua=95 mt=R len=7
PKT t=11347 TX ua=95 mt=T len=7
PKT t=11359 TX ua=95 mt=P len=0
PKT t=11369 RX ua=95 mt=R len=7
PKT t=11374 TX ua=95 mt=P len=0
PKT t=11384 RX ua=95 mt=R len=7
PKT t=11389 TX ua=95 mt=P len=0
PKT t=11399 RX ua=95 mt=R len=7
PKT t=11404 TX ua=95 mt=P len=0
PKT t=11433 RX ua=95 mt=R len=7
PKT t=11438 TX ua=95 mt=P len=0
PKT t=11448 RX ua=95 mt=R len=7
PKT t=11453 TX ua=95 mt=P len=0
PKT t=11463 RX ua=95 mt=R len=7
PKT t=11468 TX ua=95 mt=P len=0
PKT t=11478 RX ua=95 mt=R len=7
PKT t=11483 TX ua=95 mt=P len=0
PKT t=11493 RX ua=95 mt=R len=7
PKT t=11498 TX ua=95 mt=P len=0
PKT t=11532 RX ua=95 mt=R len=7
PKT t=11537 TX ua=95 mt=P len=0
PKT t=11547 RX ua=95 mt=R len=7
PKT t=11552 TX ua=95 mt=P len=0
PKT t=11562 RX ua=95 mt=R len=7
PKT t=11567 TX ua=95 mt=P len=0
PKT t=11577 RX ua=95 mt=R len=7
PKT t=11582 TX ua=95 mt=P len=0
PKT t=11592 RX ua=95 mt=R len=7
PKT t=11597 TX ua=95 mt=T len=7
PKT t=11609 TX ua=95 mt=P len=0
PKT t=11637 RX ua=95 mt=R len=7
PKT t=11642 TX ua=95 mt=P len=0
PKT t=11651 RX ua=95 mt=R len=7
PKT t=11656 TX ua=95 mt=P len=0
PKT t=11665 RX ua=95 mt=R len=7
PKT t=11670 TX ua=95 mt=P len=0
PKT t=11679 RX ua=95 mt=R len=7
PKT t=11684 TX ua=95 mt=P len=0
PKT t=11693 RX ua=95 mt=R len=7
PKT t=11698 TX ua=95 mt=P len=0
PKT t=11707 RX ua=95 mt=R len=7
PKT t=11712 TX ua=95 mt=P len=0
PKT t=11741 RX ua=95 mt=R len=7
PKT t=11746 TX ua=95 mt=P len=0
PKT t=11755 RX ua=95 mt=R len=7
PKT t=11760 TX ua=95 mt=P len=0
PKT t=11769 RX ua=95 mt=R len=7
PKT t=11774 TX ua=95 mt=P len=0
PKT t=11783 RX ua=95 mt=R len=7
PKT t=11788 TX ua=95 mt=P len=0
PKT t=11797 RX ua=95 mt=R len=7
PKT t=11802 TX ua=95 mt=P len=0
PKT t=11811 RX ua=95 mt=R len=7
PKT t=11816 TX ua=95 mt=P len=0
PKT t=11845 RX ua=95 mt=R len=7
PKT t=11850 TX ua=95 mt=T len=7
PKT t=11862 TX ua=95 mt=P len=0
PKT t=11871 RX ua=95 mt=R len=7
PKT t=11876 TX ua=95 mt=P len=0
PKT t=11885 RX ua=95 mt=R len=7
PKT t=11890 TX ua=95 mt=P len=0
PKT t=11899 RX ua=95 mt=R len=7
PKT t=11904 TX ua=95 mt=P len=0
PKT t=11913 RX ua=95 mt=R len=7
PKT t=11918 TX ua=95 mt=P len=0
PKT t=11947 RX ua=95 mt=R len=7
PKT t=11952 TX ua=95 mt=P len=0
PKT t=11961 RX ua=95 mt=R len=7
PKT t=11966 TX ua=95 mt=P len=0
PKT t=11975 RX ua=95 mt=R len=7
PKT t=11980 TX ua=95 mt=P len=0
PKT t=11989 RX ua=95 mt=R len=7
PKT t=11994 TX ua=95 mt=P len=0
PKT t=12003 RX ua=95 mt=R len=7
PKT t=12010 TX ua=95 mt=P len=0
PKT t=12019 RX ua=95 mt=R len=7
PKT t=12024 TX ua=95 mt=P len=0
PKT t=12053 RX ua=95 mt=R len=7
PKT t=12058 TX ua=95 mt=P len=0
PKT t=12067 RX ua=95 mt=R len=7
PKT t=12072 TX ua=95 mt=P len=0
PKT t=12081 RX ua=95 mt=R len=7
PKT t=12086 TX ua=95 mt=P len=0
PKT t=12095 RX ua=95 mt=R len=7
PKT t=12100 TX ua=95 mt=T len=7
PKT t=12112 TX ua=95 mt=P len=0
PKT t=12121 RX ua=95 mt=R len=7
PKT t=12126 TX ua=95 mt=P len=0
PKT t=12155 RX ua=95 mt=R len=7
PKT t=12160 TX ua=95 mt=P len=0
PKT t=12169 RX ua=95 mt=R len=7
PKT t=12174 TX ua=95 mt=P len=0
PKT t=12183 RX ua=95 mt=R len=7
PKT t=12188 TX ua=95 mt=P len=0
PKT t=12197 RX ua=95 mt=R len=7
PKT t=12202 TX ua=95 mt=P len=0
PKT t=12211 RX ua=95 mt=R len=7
PKT t=12216 TX ua=95 mt=P len=0
PKT t=12225 RX ua=95 mt=R len=7
PKT t=12230 TX ua=95 mt=P len=0
PKT t=12259 RX ua=95 mt=R len=7
PKT t=12264 TX ua=95 mt=P len=0
PKT t=12273 RX ua=95 mt=R len=7
PKT t=12278 TX ua=95 mt=P len=0
PKT t=12287 RX ua=95 mt=R len=7
PKT t=12292 TX ua=95 mt=P len=0
PKT t=12301 RX ua=95 mt=R len=7
PKT t=12306 TX ua=95 mt=P len=0
PKT t=12315 RX ua=95 mt=R len=7
PKT t=12320 TX ua=95 mt=P len=0
PKT t=12330 RX ua=95 mt=R len=7
PKT t=12335 TX ua=95 mt=P len=0
PKT t=12364 RX ua=95 mt=R len=7
PKT t=12369 TX ua=95 mt=T len=7
PKT t=12381 TX ua=95 mt=P len=0
PKT t=12390 RX ua=95 mt=R len=7
PKT t=12395 TX ua=95 mt=P len=0
PKT t=12405 RX ua=95 mt=R len=7
PKT t=12410 TX ua=95 mt=P len=0
PKT t=12419 RX ua=95 mt=R len=7
PKT t=12424 TX ua=95 mt=P len=0
PKT t=12433 RX ua=95 mt=R len=7
PKT t=12438 TX ua=95 mt=P len=0
PKT t=12468 RX ua=95 mt=R len=7
PKT t=12473 TX ua=95 mt=P len=0
PKT t=12482 RX ua=95 mt=R len=7
PKT t=12487 TX ua=95 mt=P len=0
PKT t=12496 RX ua=95 mt=R len=7
PKT t=12501 TX ua=95 mt=P len=0
PKT t=12510 RX ua=95 mt=R len=7
PKT t=12515 TX ua=95 mt=P len=0
PKT t=12524 RX ua=95 mt=R len=7
PKT t=12529 TX ua=95 mt=P len=0
PKT t=12538 RX ua=95 mt=R len=7
PKT t=12543 TX ua=95 mt=P len=0
PKT t=12572 RX ua=95 mt=R len=7
PKT t=12577 TX ua=95 mt=P len=0
PKT t=12586 RX ua=95 mt=R len=7
PKT t=12591 TX ua=95 mt=P len=0
PKT t=12600 RX ua=95 mt=R len=7
PKT t=12606 TX ua=95 mt=T len=7
PKT t=12618 TX ua=95 mt=P len=0
PKT t=12627 RX ua=95 mt=R len=7
PKT t=12632 TX ua=95 mt=P len=0
PKT t=12641 RX ua=95 mt=R len=7
PKT t=12646 TX ua=95 mt=P len=0
PKT t=12675 RX ua=95 mt=R len=7
PKT t=12680 TX ua=95 mt=P len=0
PKT t=12689 RX ua=95 mt=R len=7
PKT t=12694 TX ua=95 mt=P len=0
PKT t=12703 RX ua=95 mt=R len=7
PKT t=12708 TX ua=95 mt=P len=0
PKT t=12717 RX ua=95 mt=R len=7
PKT t=12722 TX ua=95 mt=P len=0
PKT t=12731 RX ua=95 mt=R len=7
PKT t=12736 TX ua=95 mt=P len=0
PKT t=12745 RX ua=95 mt=R len=7
PKT t=12750 TX ua=95 mt=P len=0
PKT t=12779 RX ua=95 mt=R len=7
PKT t=12784 TX ua=95 mt=P len=0
PKT t=12793 RX ua=95 mt=R len=7
PKT t=12798 TX ua=95 mt=P len=0
PKT t=12807 RX ua=95 mt=R len=7
PKT t=12812 TX ua=95 mt=P len=0
PKT t=12821 RX ua=95 mt=R len=7
PKT t=12826 TX ua=95 mt=P len=0
PKT t=12835 RX ua=95 mt=R len=7
PKT t=12840 TX ua=95 mt=P len=0
PKT t=12849 RX ua=95 mt=R len=7
PKT t=12854 TX ua=95 mt=T len=7
PKT t=12866 TX ua=95 mt=P len=0
PKT t=12885 RX ua=95 mt=R len=7
PKT t=12890 TX ua=95 mt=P len=0
PKT t=12899 RX ua=95 mt=R len=7
PKT t=12904 TX ua=95 mt=P len=0
PKT t=12916 RX ua=95 mt=R len=7
PKT t=12921 TX ua=95 mt=P len=0
PKT t=12930 RX ua=95 mt=R len=7
PKT t=12935 TX ua=95 mt=P len=0
PKT t=12944 RX ua=95 mt=R len=7
PKT t=12949 TX ua=95 mt=P len=0
PKT t=12983 RX ua=95 mt=R len=7
PKT t=12988 TX ua=95 mt=P len=0
PKT t=12997 RX ua=95 mt=R len=7
PKT t=13002 TX ua=95 mt=P len=0
PKT t=13011 RX ua=95 mt=R len=7
PKT t=13016 TX ua=95 mt=P len=0
PKT t=13025 RX ua=95 mt=R len=7
PKT t=13030 TX ua=95 mt=P len=0
PKT t=13039 RX ua=95 mt=R len=7
PKT t=13044 TX ua=95 mt=P len=0
PKT t=13053 RX ua=95 mt=R len=7
PKT t=13058 TX ua=95 mt=P len=0
PKT t=13087 RX ua=95 mt=R len=7
PKT t=13092 TX ua=95 mt=P len=0
PKT t=13101 RX ua=95 mt=R len=7
PKT t=13106 TX ua=95 mt=T len=7
PKT t=13119 TX ua=95 mt=P len=0
PKT t=13128 RX ua=95 mt=R len=7
PKT t=13133 TX ua=95 mt=P len=0
PKT t=13142 RX ua=95 mt=R len=7
PKT t=13147 TX ua=95 mt=P len=0
PKT t=13156 RX ua=95 mt=R len=7
PKT t=13161 TX ua=95 mt=P len=0
PKT t=13190 RX ua=95 mt=R len=7
PKT t=13195 TX ua=95 mt=P len=0
PKT t=13204 RX ua=95 mt=R len=7
PKT t=13209 TX ua=95 mt=P len=0
PKT t=13218 RX ua=95 mt=R len=7
PKT t=13226 TX ua=95 mt=P len=0
PKT t=13235 RX ua=95 mt=R len=7
PKT t=13240 TX ua=95 mt=P len=0
PKT t=13249 RX ua=95 mt=R len=7
PKT t=13254 TX ua=95 mt=P len=0
PKT t=13263 RX ua=95 mt=R len=7
PKT t=13268 TX ua=95 mt=P len=0
PKT t=13297 RX ua=95 mt=R len=7
PKT t=13302 TX ua=95 mt=P len=0
PKT t=13311 RX ua=95 mt=R len=7
PKT t=13316 TX ua=95 mt=P len=0
PKT t=13325 RX ua=95 mt=R len=7
PKT t=13330 TX ua=95 mt=P len=0
PKT t=13339 RX ua=95 mt=R len=7
PKT t=13344 TX ua=95 mt=P len=0
PKT t=13353 RX ua=95 mt=R len=7
PKT t=13358 TX ua=95 mt=T len=7
PKT t=13371 TX ua=95 mt=P len=0
PKT t=13399 RX ua=95 mt=R len=7
PKT t=13404 TX ua=95 mt=P len=0
PKT t=13414 RX ua=95 mt=R len=7
PKT t=13419 TX ua=95 mt=P len=0
PKT t=13429 RX ua=95 mt=R len=7
PKT t=13434 TX ua=95 mt=P len=0
PKT t=13444 RX ua=95 mt=R len=7
PKT t=13449 TX ua=95 mt=P len=0
PKT t=13459 RX ua=95 mt=R len=7
PKT t=13464 TX ua=95 mt=P len=0
PKT t=13498 RX ua=95 mt=R len=7
PKT t=13503 TX ua=95 mt=P len=0
PKT t=13513 RX ua=95 mt=R len=7
PKT t=13518 TX ua=95 mt=P len=0
PKT t=13528 RX ua=95 mt=R len=7
PKT t=13536 TX ua=95 mt=P len=0
PKT t=13546 RX ua=95 mt=R len=7
PKT t=13551 TX ua=95 mt=P len=0
PKT t=13561 RX ua=95 mt=R len=7
PKT t=13566 TX ua=95 mt=P len=0
PKT t=13598 RX ua=95 mt=R len=7
PKT t=13603 TX ua=95 mt=T len=7
PKT t=13616 TX ua=95 mt=P len=0
PKT t=13625 RX ua=95 mt=R len=7
PKT t=13630 TX ua=95 mt=P len=0
PKT t=13639 RX ua=95 mt=R len=7
PKT t=13644 TX ua=95 mt=P len=0
PKT t=13653 RX ua=95 mt=R len=7
PKT t=13658 TX ua=95 mt=P len=0
PKT t=13667 RX ua=95 mt=R len=7
PKT t=13672 TX ua=95 mt=P len=0
PKT t=13701 RX ua=95 mt=R len=7
PKT t=13706 TX ua=95 mt=P len=0
PKT t=13715 RX ua=95 mt=R len=7
PKT t=13720 TX ua=95 mt=P len=0
PKT t=13729 RX ua=95 mt=R len=7
PKT t=13734 TX ua=95 mt=P len=0
PKT t=13743 RX ua=95 mt=R len=7
PKT t=13748 TX ua=95 mt=P len=0
PKT t=13757 RX ua=95 mt=R len=7
PKT t=13762 TX ua=95 mt=P len=0
PKT t=13771 RX ua=95 mt=R len=7
PKT t=13776 TX ua=95 mt=P len=0
PKT t=13805 RX ua=95 mt=R len=7
PKT t=13810 TX ua=95 mt=P len=0
PKT t=13819 RX ua=95 mt=R len=7
PKT t=13824 TX ua=95 mt=P len=0
PKT t=13833 RX ua=95 mt=R len=7
PKT t=13838 TX ua=95 mt=P len=0
PKT t=13847 RX ua=95 mt=R len=7
PKT t=13852 TX ua=95 mt=T len=7
PKT t=13865 TX ua=95 mt=P len=0
PKT t=13874 RX ua=95 mt=R len=7
PKT t=13879 TX ua=95 mt=P len=0
PKT t=13908 RX ua=95 mt=R len=7
PKT t=13913 TX ua=95 mt=P len=0
PKT t=13922 RX ua=95 mt=R len=7
PKT t=13927 TX ua=95 mt=P len=0
PKT t=13936 RX ua=95 mt=R len=7
PKT t=13941 TX ua=95 mt=P len=0
PKT t=13950 RX ua=95 mt=R len=7
PKT t=13955 TX ua=95 mt=P len=0
PKT t=13964 RX ua=95 mt=R len=7
PKT t=13969 TX ua=95 mt=P len=0
PKT t=13978 RX ua=95 mt=R len=7
PKT t=13983 TX ua=95 mt=P len=0
PKT t=14012 RX ua=95 mt=R len=7
PKT t=14017 TX ua=95 mt=P len=0
PKT t=14026 RX ua=95 mt=R len=7
PKT t=14031 TX ua=95 mt=P len=0
PKT t=14040 RX ua=95 mt=R len=7
PKT t=14045 TX ua=95 mt=P len=0
PKT t=14054 RX ua=95 mt=R len=7
PKT t=14059 TX ua=95 mt=P len=0
PKT t=14068 RX ua=95 mt=R len=7
PKT t=14073 TX ua=95 mt=P len=0
PKT t=14082 RX ua=95 mt=R len=7
PKT t=14087 TX ua=95 mt=P len=0
PKT t=14121 RX ua=95 mt=R len=7
PKT t=14126 TX ua=95 mt=T len=7
PKT t=14138 TX ua=95 mt=P len=0
PKT t=14147 RX ua=95 mt=R len=7
PKT t=14152 TX ua=95 mt=P len=0
PKT t=14161 RX ua=95 mt=R len=7
PKT t=14166 TX ua=95 mt=P len=0
PKT t=14175 RX ua=95 mt=R len=7
PKT t=14180 TX ua=95 mt=P len=0
PKT t=14189 RX ua=95 mt=R len=7
PKT t=14194 TX ua=95 mt=P len=0
PKT t=14223 RX ua=95 mt=R len=7
PKT t=14228 TX ua=95 mt=P len=0
PKT t=14237 RX ua=95 mt=R len=7
PKT t=14242 TX ua=95 mt=P len=0
PKT t=14251 RX ua=95 mt=R len=7
PKT t=14256 TX ua=95 mt=P len=0
PKT t=14265 RX ua=95 mt=R len=7
PKT t=14270 TX ua=95 mt=P len=0
PKT t=14279 RX ua=95 mt=R len=7
PKT t=14284 TX ua=95 mt=P len=0
PKT t=14293 RX ua=95 mt=R len=7
PKT t=14298 TX ua=95 mt=P len=0
PKT t=14327 RX ua=95 mt=R len=7
PKT t=14332 TX ua=95 mt=P len=0
PKT t=14341 RX ua=95 mt=R len=7
PKT t=14346 TX ua=95 mt=P len=0
PKT t=14355 RX ua=95 mt=R len=7
PKT t=14360 TX ua=95 mt=T len=7
PKT t=14372 TX ua=95 mt=P len=0
PKT t=14381 RX ua=95 mt=R len=7
PKT t=14386 TX ua=95 mt=P len=0
PKT t=14395 RX ua=95 mt=R len=7
PKT t=14400 TX ua=95 mt=P len=0
PKT t=14429 RX ua=95 mt=R len=7
PKT t=14434 TX ua=95 mt=P len=0
PKT t=14443 RX ua=95 mt=R len=7
PKT t=14448 TX ua=95 mt=P len=0
PKT t=14458 RX ua=95 mt=R len=7
PKT t=14462 TX ua=95 mt=P len=0
PKT t=14471 RX ua=95 mt=R len=7
PKT t=14476 TX ua=95 mt=P len=0
PKT t=14485 RX ua=95 mt=R len=7
PKT t=14490 TX ua=95 mt=P len=0
PKT t=14499 RX ua=95 mt=R len=7
PKT t=14504 TX ua=95 mt=P len=0
PKT t=14533 RX ua=95 mt=R len=7
PKT t=14538 TX ua=95 mt=P len=0
PKT t=14547 RX ua=95 mt=R len=7
PKT t=14552 TX ua=95 mt=P len=0
PKT t=14561 RX ua=95 mt=R len=7
PKT t=14566 TX ua=95 mt=P len=0
PKT t=14576 RX ua=95 mt=R len=7
PKT t=14581 TX ua=95 mt=P len=0
PKT t=14590 RX ua=95 mt=R len=7
PKT t=14595 TX ua=95 mt=P len=0
PKT t=14604 RX ua=95 mt=R len=7
PKT t=14609 TX ua=95 mt=T len=7
PKT t=14621 TX ua=95 mt=P len=0
PKT t=14640 RX ua=95 mt=R len=7
PKT t=14645 TX ua=95 mt=P len=0
PKT t=14654 RX ua=95 mt=R len=7
PKT t=14659 TX ua=95 mt=P len=0
PKT t=14668 RX ua=95 mt=R len=7
PKT t=14673 TX ua=95 mt=P len=0
PKT t=14682 RX ua=95 mt=R len=7
PKT t=14687 TX ua=95 mt=P len=0
PKT t=14696 RX ua=95 mt=R len=7
PKT t=14701 TX ua=95 mt=P len=0
PKT t=14710 RX ua=95 mt=R len=7
PKT t=14715 TX ua=95 mt=P len=0
PKT t=14744 RX ua=95 mt=R len=7
PKT t=14749 TX ua=95 mt=P len=0
PKT t=14758 RX ua=95 mt=R len=7
PKT t=14763 TX ua=95 mt=P len=0
PKT t=14776 RX ua=95 mt=R len=7
PKT t=14781 TX ua=95 mt=P len=0
PKT t=14790 RX ua=95 mt=R len=7
PKT t=14795 TX ua=95 mt=P len=0
PKT t=14804 RX ua=95 mt=R len=7
PKT t=14809 TX ua=95 mt=P len=0
PKT t=14818 RX ua=95 mt=R len=7
PKT t=14823 TX ua=95 mt=P len=0
PKT t=14852 RX ua=95 mt=R len=7
PKT t=14857 TX ua=95 mt=T len=7
PKT t=14869 TX ua=95 mt=P len=0
PKT t=14878 RX ua=95 mt=R len=7
PKT t=14883 TX ua=95 mt=P len=0
PKT t=14892 RX ua=95 mt=R len=7
PKT t=14897 TX ua=95 mt=P len=0
PKT t=14906 RX ua=95 mt=R len=7
PKT t=14911 TX ua=95 mt=P len=0
PKT t=14920 RX ua=95 mt=R len=7
PKT t=14925 TX ua=95 mt=P len=0
PKT t=14954 RX ua=95 mt=R len=7
PKT t=14959 TX ua=95 mt=P len=0
PKT t=14968 RX ua=95 mt=R len=7
PKT t=14973 TX ua=95 mt=P len=0
PKT t=14982 RX ua=95 mt=R len=7
PKT t=14987 TX ua=95 mt=P len=0
PKT t=14996 RX ua=95 mt=R len=7
PKT t=15001 TX ua=95 mt=P len=0
PKT t=15010 RX ua=95 mt=R len=7
PKT t=15015 TX ua=95 mt=P len=0
PKT t=15024 RX ua=95 mt=R len=7
PKT t=15029 TX ua=95 mt=P len=0
PKT t=15058 RX ua=95 mt=R len=7
PKT t=15063 TX ua=95 mt=P len=0
PKT t=15072 RX ua=95 mt=R len=7
PKT t=15077 TX ua=95 mt=P len=0
PKT t=15086 RX ua=95 mt=R len=7
PKT t=15091 TX ua=95 mt=P len=0
PKT t=15100 RX ua=95 mt=R len=7
PKT t=15105 TX ua=95 mt=T len=7
PKT t=15117 TX ua=95 mt=P len=0
PKT t=15126 RX ua=95 mt=R len=7
PKT t=15131 TX ua=95 mt=P len=0
PKT t=15160 RX ua=95 mt=R len=7
PKT t=15165 TX ua=95 mt=P len=0
PKT t=15174 RX ua=95 mt=R len=7
PKT t=15179 TX ua=95 mt=P len=0
PKT t=15188 RX ua=95 mt=R len=7
PKT t=15193 TX ua=95 mt=P len=0
PKT t=15202 RX ua=95 mt=R len=7
PKT t=15207 TX ua=95 mt=P len=0
PKT t=15216 RX ua=95 mt=R len=7
PKT t=15221 TX ua=95 mt=P len=0
PKT t=15230 RX ua=95 mt=R len=7
PKT t=15235 TX ua=95 mt=P len=0
PKT t=15264 RX ua=95 mt=R len=7
PKT t=15269 TX ua=95 mt=P len=0
PKT t=15278 RX ua=95 mt=R len=7
PKT t=15283 TX ua=95 mt=P len=0
PKT t=15292 RX ua=95 mt=R len=7
PKT t=15297 TX ua=95 mt=P len=0
PKT t=15306 RX ua=95 mt=R len=7
PKT t=15311 TX ua=95 mt=P len=0
PKT t=15320 RX ua=95 mt=R len=7
PKT t=15325 TX ua=95 mt=P len=0
PKT t=15334 RX ua=95 mt=R len=7
PKT t=15339 TX ua=95 mt=P len=0
PKT t=15368 RX ua=95 mt=R len=7
PKT t=15373 TX ua=95 mt=T len=7
PKT t=15385 TX ua=95 mt=P len=0
PKT t=15396 RX ua=95 mt=R len=7
PKT t=15401 TX ua=95 mt=P len=0
PKT t=15411 RX ua=95 mt=R len=7
PKT t=15416 TX ua=95 mt=P len=0
PKT t=15426 RX ua=95 mt=R len=7
PKT t=15431 TX ua=95 mt=P len=0
PKT t=15441 RX ua=95 mt=R len=7
PKT t=15446 TX ua=95 mt=P len=0
PKT t=15475 RX ua=95 mt=R len=7
PKT t=15480 TX ua=95 mt=P len=0
PKT t=15490 RX ua=95 mt=R len=7
PKT t=15495 TX ua=95 mt=P len=0
PKT t=15505 RX ua=95 mt=R len=7
PKT t=15510 TX ua=95 mt=P len=0
PKT t=15520 RX ua=95 mt=R len=7
PKT t=15525 TX ua=95 mt=P len=0
PKT t=15535 RX ua=95 mt=R len=7
PKT t=15540 TX ua=95 mt=P len=0
PKT t=15551 RX ua=95 mt=R len=7
PKT t=15556 TX ua=95 mt=P len=0
PKT t=15584 RX ua=95 mt=R len=7
PKT t=15589 TX ua=95 mt=P len=0
PKT t=15599 RX ua=95 mt=R len=7
PKT t=15604 TX ua=95 mt=T len=7
PKT t=15616 TX ua=95 mt=P len=0
PKT t=15625 RX ua=95 mt=R len=7
PKT t=15630 TX ua=95 mt=P len=0
PKT t=15639 RX ua=95 mt=R len=7
PKT t=15644 TX ua=95 mt=P len=0
PKT t=15653 RX ua=95 mt=R len=7
PKT t=15658 TX ua=95 mt=P len=0
PKT t=15687 RX ua=95 mt=R len=7
PKT t=15692 TX ua=95 mt=P len=0
PKT t=15701 RX ua=95 mt=R len=7
PKT t=15706 TX ua=95 mt=P len=0
PKT t=15715 RX ua=95 mt=R len=7
PKT t=15720 TX ua=95 mt=P len=0
PKT t=15729 RX ua=95 mt=R len=7
PKT t=15734 TX ua=95 mt=P len=0
PKT t=15743 RX ua=95 mt=R len=7
PKT t=15748 TX ua=95 mt=P len=0
PKT t=15757 RX ua=95 mt=R len=7
PKT t=15762 TX ua=95 mt=P len=0
PKT t=15791 RX ua=95 mt=R len=7
PKT t=15796 TX ua=95 mt=P len=0
PKT t=15806 RX ua=95 mt=R len=7
PKT t=15811 TX ua=95 mt=P len=0
PKT t=15820 RX ua=95 mt=R len=7
PKT t=15825 TX ua=95 mt=P len=0
PKT t=15834 RX ua=95 mt=R len=7
PKT t=15839 TX ua=95 mt=P len=0
PKT t=15848 RX ua=95 mt=R len=7
PKT t=15853 TX ua=95 mt=T len=7
PKT t=15868 TX ua=95 mt=P len=0
PKT t=15893 RX ua=95 mt=R len=7
PKT t=15898 TX ua=95 mt=P len=0
PKT t=15907 RX ua=95 mt=R len=7
PKT t=15912 TX ua=95 mt=P len=0
PKT t=15921 RX ua=95 mt=R len=7
PKT t=15926 TX ua=95 mt=P len=0
PKT t=15935 RX ua=95 mt=R len=7
PKT t=15940 TX ua=95 mt=P len=0
PKT t=15949 RX ua=95 mt=R len=7
PKT t=15954 TX ua=95 mt=P len=0
PKT t=15963 RX ua=95 mt=R len=7
PKT t=15968 TX ua=95 mt=P len=0
PKT t=15997 RX ua=95 mt=R len=7
PKT t=16002 TX ua=95 mt=P len=0
PKT t=16012 RX ua=95 mt=R len=7
PKT t=16017 TX ua=95 mt=P len=0
PKT t=16026 RX ua=95 mt=R len=7
PKT t=16031 TX ua=95 mt=P len=0
PKT t=16040 RX ua=95 mt=R len=7
PKT t=16045 TX ua=95 mt=P len=0
PKT t=16054 RX ua=95 mt=R len=7
PKT t=16059 TX ua=95 mt=P len=0
PKT t=16068 RX ua=95 mt=R len=7
PKT t=16073 TX ua=95 mt=P len=0
PKT t=16102 RX ua=95 mt=R len=7
PKT t=16107 TX ua=95 mt=T len=7
PKT t=16119 TX ua=95 mt=P len=0
PKT t=16128 RX ua=95 mt=R len=7
PKT t=16133 TX ua=95 mt=P len=0
PKT t=16142 RX ua=95 mt=R len=7
PKT t=16147 TX ua=95 mt=P len=0
PKT t=16156 RX ua=95 mt=R len=7
PKT t=16161 TX ua=95 mt=P len=0
PKT t=16171 RX ua=95 mt=R len=7
PKT t=16176 TX ua=95 mt=P len=0
PKT t=16204 RX ua=95 mt=R len=7
PKT t=16209 TX ua=95 mt=P len=0
PKT t=16218 RX ua=95 mt=R len=7
PKT t=16223 TX ua=95 mt=P len=0
PKT t=16232 RX ua=95 mt=R len=7
PKT t=16237 TX ua=95 mt=P len=0
PKT t=16246 RX ua=95 mt=R len=7
PKT t=16251 TX ua=95 mt=P len=0
PKT t=16260 RX ua=95 mt=R len=7
PKT t=16265 TX ua=95 mt=P len=0
PKT t=16274 RX ua=95 mt=R len=7
PKT t=16279 TX ua=95 mt=P len=0
PKT t=16308 RX ua=95 mt=R len=7
PKT t=16313 TX ua=95 mt=P len=0
PKT t=16326 RX ua=95 mt=R len=7
PKT t=16331 TX ua=95 mt=P len=0
PKT t=16340 RX ua=95 mt=R len=7
PKT t=16345 TX ua=95 mt=P len=0
PKT t=16354 RX ua=95 mt=R len=7
PKT t=16359 TX ua=95 mt=T len=7
PKT t=16371 TX ua=95 mt=P len=0
PKT t=16380 RX ua=95 mt=R len=7
PKT t=16385 TX ua=95 mt=P len=0
PKT t=16414 RX ua=95 mt=R len=7
PKT t=16419 TX ua=95 mt=P len=0
PKT t=16428 RX ua=95 mt=R len=7
PKT t=16433 TX ua=95 mt=P len=0
PKT t=16442 RX ua=95 mt=R len=7
PKT t=16447 TX ua=95 mt=P len=0
PKT t=16456 RX ua=95 mt=R len=7
PKT t=16461 TX ua=95 mt=P len=0
PKT t=16470 RX ua=95 mt=R len=7
PKT t=16475 TX ua=95 mt=P len=0
PKT t=16484 RX ua=95 mt=R len=7
PKT t=16489 TX ua=95 mt=P len=0
PKT t=16518 RX ua=95 mt=R len=7
PKT t=16523 TX ua=95 mt=P len=0
PKT t=16532 RX ua=95 mt=R len=7
PKT t=16537 TX ua=95 mt=P len=0
PKT t=16546 RX ua=95 mt=R len=7
PKT t=16551 TX ua=95 mt=P len=0
PKT t=16560 RX ua=95 mt=R len=7
PKT t=16565 TX ua=95 mt=P len=0
PKT t=16574 RX ua=95 mt=R len=7
PKT t=16579 TX ua=95 mt=P len=0
PKT t=16588 RX ua=95 mt=R len=7
PKT t=16593 TX ua=95 mt=P len=0
PKT t=16622 RX ua=95 mt=R len=7
PKT t=16627 TX ua=95 mt=T len=7
PKT t=16641 TX ua=95 mt=P len=0
PKT t=16650 RX ua=95 mt=R len=7
PKT t=16655 TX ua=95 mt=P len=0
PKT t=16664 RX ua=95 mt=R len=7
PKT t=16669 TX ua=95 mt=P len=0
PKT t=16678 RX ua=95 mt=R len=7
PKT t=16683 TX ua=95 mt=P len=0
PKT t=16692 RX ua=95 mt=R len=7
PKT t=16697 TX ua=95 mt=P len=0
PKT t=16726 RX ua=95 mt=R len=7
PKT t=16731 TX ua=95 mt=P len=0
PKT t=16740 RX ua=95 mt=R len=7
PKT t=16745 TX ua=95 mt=P len=0
PKT t=16754 RX ua=95 mt=R len=7
PKT t=16759 TX ua=95 mt=P len=0
PKT t=16768 RX ua=95 mt=R len=7
PKT t=16773 TX ua=95 mt=P len=0
PKT t=16782 RX ua=95 mt=R len=7
PKT t=16787 TX ua=95 mt=P len=0
PKT t=16796 RX ua=95 mt=R len=7
PKT t=16801 TX ua=95 mt=P len=0
PKT t=16831 RX ua=95 mt=R len=7
PKT t=16836 TX ua=95 mt=P len=0
PKT t=16845 RX ua=95 mt=R len=7
PKT t=16850 TX ua=95 mt=T len=7
PKT t=16862 TX ua=95 mt=P len=0
PKT t=16871 RX ua=95 mt=R len=7
PKT t=16876 TX ua=95 mt=P len=0
PKT t=16885 RX ua=95 mt=R len=7
PKT t=16890 TX ua=95 mt=P len=0
PKT t=16899 RX ua=95 mt=R len=7
PKT t=16904 TX ua=95 mt=P len=0
PKT t=16933 RX ua=95 mt=R len=7
PKT t=16938 TX ua=95 mt=P len=0
PKT t=16948 RX ua=95 mt=R len=7
PKT t=16953 TX ua=95 mt=P len=0
PKT t=16962 RX ua=95 mt=R len=7
PKT t=16967 TX ua=95 mt=P len=0
PKT t=16976 RX ua=95 mt=R len=7
PKT t=16981 TX ua=95 mt=P len=0
PKT t=16990 RX ua=95 mt=R len=7
PKT t=16995 TX ua=95 mt=P len=0
PKT t=17004 RX ua=95 mt=R len=7
PKT t=17009 TX ua=95 mt=P len=0
PKT t=17038 RX ua=95 mt=R len=7
PKT t=17043 TX ua=95 mt=P len=0
PKT t=17052 RX ua=95 mt=R len=7
PKT t=17057 TX ua=95 mt=P len=0
PKT t=17066 RX ua=95 mt=R len=7
PKT t=17071 TX ua=95 mt=P len=0
PKT t=17080 RX ua=95 mt=R len=7
PKT t=17085 TX ua=95 mt=P len=0
PKT t=17094 RX ua=95 mt=R len=7
PKT t=17101 TX ua=95 mt=T len=7
PKT t=17113 TX ua=95 mt=P len=0
PKT t=17141 RX ua=95 mt=R len=7
PKT t=17146 TX ua=95 mt=P len=0
PKT t=17155 RX ua=95 mt=R len=7
PKT t=17160 TX ua=95 mt=P len=0
PKT t=17169 RX ua=95 mt=R len=7
PKT t=17174 TX ua=95 mt=P len=0
PKT t=17183 RX ua=95 mt=R len=7
PKT t=17188 TX ua=95 mt=P len=0
PKT t=17197 RX ua=95 mt=R len=7
PKT t=17202 TX ua=95 mt=P len=0
PKT t=17211 RX ua=95 mt=R len=7
PKT t=17216 TX ua=95 mt=P len=0
PKT t=17245 RX ua=95 mt=R len=7
PKT t=17250 TX ua=95 mt=P len=0
PKT t=17259 RX ua=95 mt=R len=7
PKT t=17264 TX ua=95 mt=P len=0
PKT t=17273 RX ua=95 mt=R len=7
PKT t=17278 TX ua=95 mt=P len=0
PKT t=17287 RX ua=95 mt=R len=7
PKT t=17292 TX ua=95 mt=P len=0
PKT t=17302 RX ua=95 mt=R len=7
PKT t=17307 TX ua=95 mt=P len=0
PKT t=17316 RX ua=95 mt=R len=7
PKT t=17321 TX ua=95 mt=P len=0
PKT t=17350 RX ua=95 mt=R len=7
PKT t=17355 TX ua=95 mt=T len=7
PKT t=17367 TX ua=95 mt=P len=0
PKT t=17377 RX ua=95 mt=R len=7
PKT t=17382 TX ua=95 mt=P len=0
PKT t=17392 RX ua=95 mt=R len=7
PKT t=17397 TX ua=95 mt=P len=0
PKT t=17411 RX ua=95 mt=R len=7
PKT t=17416 TX ua=95 mt=P len=0
PKT t=17426 RX ua=95 mt=R len=7
PKT t=17431 TX ua=95 mt=P len=0
PKT t=17460 RX ua=95 mt=R len=7
PKT t=17465 TX ua=95 mt=P len=0
PKT t=17475 RX ua=95 mt=R len=7
PKT t=17480 TX ua=95 mt=P len=0
PKT t=17490 RX ua=95 mt=R len=7
PKT t=17495 TX ua=95 mt=P len=0
PKT t=17505 RX ua=95 mt=R len=7
PKT t=17510 TX ua=95 mt=P len=0
PKT t=17520 RX ua=95 mt=R len=7
PKT t=17525 TX ua=95 mt=P len=0
PKT t=17535 RX ua=95 mt=R len=7
PKT t=17540 TX ua=95 mt=P len=0
PKT t=17569 RX ua=95 mt=R len=7
PKT t=17574 TX ua=95 mt=P len=0
PKT t=17584 RX ua=95 mt=R len=7
PKT t=17589 TX ua=95 mt=P len=0
PKT t=17599 RX ua=95 mt=R len=7
PKT t=17604 TX ua=95 mt=T len=7
PKT t=17616 TX ua=95 mt=P len=0
PKT t=17626 RX ua=95 mt=R len=7
PKT t=17630 TX ua=95 mt=P len=0
PKT t=17639 RX ua=95 mt=R len=7
PKT t=17644 TX ua=95 mt=P len=0
PKT t=17673 RX ua=95 mt=R len=7
PKT t=17678 TX ua=95 mt=P len=0
PKT t=17687 RX ua=95 mt=R len=7
PKT t=17692 TX ua=95 mt=P len=0
PKT t=17701 RX ua=95 mt=R len=7
PKT t=17706 TX ua=95 mt=P len=0
PKT t=17715 RX ua=95 mt=R len=7
PKT t=17721 TX ua=95 mt=P len=0
PKT t=17730 RX ua=95 mt=R len=7
PKT t=17735 TX ua=95 mt=P len=0
PKT t=17744 RX ua=95 mt=R len=7
PKT t=17749 TX ua=95 mt=P len=0
PKT t=17778 RX ua=95 mt=R len=7
PKT t=17783 TX ua=95 mt=P len=0
PKT t=17792 RX ua=95 mt=R len=7
PKT t=17797 TX ua=95 mt=P len=0
PKT t=17806 RX ua=95 mt=R len=7
PKT t=17811 TX ua=95 mt=P len=0
PKT t=17820 RX ua=95 mt=R len=7
PKT t=17825 TX ua=95 mt=P len=0
PKT t=17834 RX ua=95 mt=R len=7
PKT t=17839 TX ua=95 mt=P len=0
PKT t=17848 RX ua=95 mt=R len=7
PKT t=17853 TX ua=95 mt=T len=7
PKT t=17865 TX ua=95 mt=P len=0
PKT t=17884 RX ua=95 mt=R len=7
PKT t=17889 TX ua=95 mt=P len=0
PKT t=17898 RX ua=95 mt=R len=7
PKT t=17903 TX ua=95 mt=P len=0
PKT t=17912 RX ua=95 mt=R len=7
PKT t=17917 TX ua=95 mt=P len=0
PKT t=17926 RX ua=95 mt=R len=7
PKT t=17931 TX ua=95 mt=P len=0
PKT t=17940 RX ua=95 mt=R len=7
PKT t=17945 TX ua=95 mt=P len=0
PKT t=17954 RX ua=95 mt=R len=7
PKT t=17959 TX ua=95 mt=P len=0
PKT t=17988 RX ua=95 mt=R len=7
PKT t=17993 TX ua=95 mt=P len=0
PKT t=18002 RX ua=95 mt=R len=7
PKT t=18007 TX ua=95 mt=P len=0
PKT t=18016 RX ua=95 mt=R len=7
PKT t=18021 TX ua=95 mt=P len=0
PKT t=18031 RX ua=95 mt=R len=7
PKT t=18036 TX ua=95 mt=P len=0
PKT t=18045 RX ua=95 mt=R len=7
PKT t=18050 TX ua=95 mt=P len=0
PKT t=18059 RX ua=95 mt=R len=7
PKT t=18064 TX ua=95 mt=P len=0
PKT t=18093 RX ua=95 mt=R len=7
PKT t=18098 TX ua=95 mt=T len=7
PKT t=18111 TX ua=95 mt=P len=0
PKT t=18120 RX ua=95 mt=R len=7
PKT t=18125 TX ua=95 mt=T len=7
PKT t=18138 TX ua=95 mt=P len=0
PKT t=18147 RX ua=95 mt=R len=7
PKT t=18152 TX ua=95 mt=P len=0
PKT t=18161 RX ua=95 mt=R len=7
PKT t=18166 TX ua=95 mt=P len=0
PKT t=18195 RX ua=95 mt=R len=7
PKT t=18200 TX ua=95 mt=P len=0
PKT t=18209 RX ua=95 mt=R len=7
PKT t=18214 TX ua=95 mt=P len=0
PKT t=18223 RX ua=95 mt=R len=7
PKT t=18228 TX ua=95 mt=P len=0
PKT t=18237 RX ua=95 mt=R len=7
PKT t=18242 TX ua=95 mt=P len=0
PKT t=18251 RX ua=95 mt=R len=7
PKT t=18256 TX ua=95 mt=P len=0
PKT t=18265 RX ua=95 mt=R len=7
PKT t=18270 TX ua=95 mt=P len=0
PKT t=18299 RX ua=95 mt=R len=7
PKT t=18304 TX ua=95 mt=P len=0
PKT t=18313 RX ua=95 mt=R len=7
PKT t=18318 TX ua=95 mt=P len=0
PKT t=18327 RX ua=95 mt=R len=7
PKT t=18332 TX ua=95 mt=P len=0
PKT t=18341 RX ua=95 mt=R len=7
PKT t=18346 TX ua=95 mt=P len=0
PKT t=18355 RX ua=95 mt=R len=7
PKT t=18360 TX ua=95 mt=T len=7
PKT t=18373 TX ua=95 mt=P len=0
PKT t=18400 RX ua=95 mt=R len=7
PKT t=18405 TX ua=95 mt=P len=0
PKT t=18414 RX ua=95 mt=R len=7
PKT t=18419 TX ua=96 mt=I len=13
PKT t=18927 TX ua=96 mt=T len=4
PKT t=18938 TX ua=95 mt=P len=0
PKT t=18947 RX ua=95 mt=R len=7
PKT t=18952 TX ua=96 mt=P len=0
PKT t=19210 TX ua=95 mt=P len=0
PKT t=19219 RX ua=95 mt=R len=7
PKT t=19224 TX ua=95 mt=T len=7
PKT t=19236 TX ua=95 mt=P len=0
PKT t=19245 RX ua=95 mt=R len=7
PKT t=19250 TX ua=95 mt=P len=0
PKT t=19259 RX ua=95 mt=R len=7
PKT t=19264 TX ua=95 mt=P len=0
PKT t=19273 RX ua=95 mt=R len=7
PKT t=19278 TX ua=95 mt=P len=0
PKT t=19307 RX ua=95 mt=R len=7
PKT t=19312 TX ua=95 mt=P len=0
PKT t=19322 RX ua=95 mt=R len=7
PKT t=19327 TX ua=95 mt=P len=0
PKT t=19336 RX ua=95 mt=R len=7
PKT t=19341 TX ua=95 mt=P len=0
PKT t=19350 RX ua=95 mt=R len=7
PKT t=19355 TX ua=95 mt=T len=7
PKT t=19367 TX ua=95 mt=P len=0
PKT t=19377 RX ua=95 mt=R len=7
PKT t=19382 TX ua=95 mt=P len=0
PKT t=19411 RX ua=95 mt=R len=7
PKT t=19416 TX ua=95 mt=P len=0
PKT t=19426 RX ua=95 mt=R len=7
PKT t=19431 TX ua=95 mt=P len=0
PKT t=19441 RX ua=95 mt=R len=7
PKT t=19446 TX ua=95 mt=P len=0
PKT t=19456 RX ua=95 mt=R len=7
PKT t=19461 TX ua=95 mt=P len=0
PKT t=19471 RX ua=95 mt=R len=7
PKT t=19476 TX ua=95 mt=P len=0
PKT t=19486 RX ua=95 mt=R len=7
PKT t=19491 TX ua=95 mt=P len=0
PKT t=19520 RX ua=95 mt=R len=7
PKT t=19525 TX ua=95 mt=P len=0
PKT t=19535 RX ua=95 mt=R len=7
PKT t=19540 TX ua=95 mt=P len=0
PKT t=19550 RX ua=95 mt=R len=7
PKT t=19555 TX ua=95 mt=P len=0
PKT t=19565 RX ua=95 mt=R len=7
PKT t=19570 TX ua=95 mt=P len=0
PKT t=19581 RX ua=95 mt=R len=7
PKT t=19586 TX ua=95 mt=P len=0
PKT t=19596 RX ua=95 mt=R len=7
PKT t=19601 TX ua=95 mt=T len=7
PKT t=19613 TX ua=95 mt=P len=0
PKT t=19631 RX ua=95 mt=R len=7
PKT t=19636 TX ua=95 mt=P len=0
PKT t=19645 RX ua=95 mt=R len=7
PKT t=19650 TX ua=95 mt=P len=0
PKT t=19659 RX ua=95 mt=R len=7
PKT t=19664 TX ua=95 mt=P len=0
PKT t=19673 RX ua=95 mt=R len=7
PKT t=19678 TX ua=95 mt=P len=0
PKT t=19687 RX ua=95 mt=R len=7
PKT t=19692 TX ua=95 mt=P len=0
PKT t=19701 RX ua=95 mt=R len=7
PKT t=19706 TX ua=95 mt=P len=0
PKT t=19736 RX ua=95 mt=R len=7
PKT t=19741 TX ua=95 mt=P len=0
PKT t=19750 RX ua=95 mt=R len=7
PKT t=19755 TX ua=95 mt=P len=0
PKT t=19764 RX ua=95 mt=R len=7
PKT t=19769 TX ua=95 mt=P len=0
PKT t=19778 RX ua=95 mt=R len=7
PKT t=19783 TX ua=95 mt=P len=0
PKT t=19792 RX ua=95 mt=R len=7
PKT t=19797 TX ua=95 mt=P len=0
PKT t=19806 RX ua=95 mt=R len=7
PKT t=19811 TX ua=95 mt=P len=0
PKT t=19840 RX ua=95 mt=R len=7
PKT t=19845 TX ua=95 mt=P len=0
PKT t=19855 RX ua=95 mt=R len=7
PKT t=19860 TX ua=95 mt=T len=7
PKT t=19872 TX ua=95 mt=P len=0
PKT t=19881 RX ua=95 mt=R len=7
PKT t=19886 TX ua=95 mt=P len=0
PKT t=19895 RX ua=95 mt=R len=7
PKT t=19900 TX ua=95 mt=P len=0
PKT t=19909 RX ua=95 mt=R len=7
PKT t=19914 TX ua=95 mt=P len=0
PKT t=19943 RX ua=95 mt=R len=7
PKT t=19948 TX ua=95 mt=P len=0
PKT t=19957 RX ua=95 mt=R len=7
PKT t=19962 TX ua=95 mt=P len=0
PKT t=19971 RX ua=95 mt=R len=7
PKT t=19976 TX ua=95 mt=P len=0
PKT t=19985 RX ua=95 mt=R len=7
PKT t=19990 TX ua=95 mt=P len=0
PKT t=19999 RX ua=95 mt=R len=7
PKT t=20004 TX ua=95 mt=P len=0
PKT t=20014 RX ua=95 mt=R len=7
PKT t=20019 TX ua=95 mt=P len=0
PKT t=20047 RX ua=95 mt=R len=7
PKT t=20052 TX ua=95 mt=P len=0
PKT t=20061 RX ua=95 mt=R len=7
PKT t=20066 TX ua=95 mt=P len=0
PKT t=20075 RX ua=95 mt=R len=7
PKT t=20080 TX ua=95 mt=P len=0
PKT t=20089 RX ua=95 mt=R len=7
PKT t=20094 TX ua=95 mt=P len=0
PKT t=20103 RX ua=95 mt=R len=7
PKT t=20108 TX ua=95 mt=T len=7
PKT t=20120 TX ua=95 mt=P len=0
PKT t=20153 RX ua=95 mt=R len=7
PKT t=20158 TX ua=95 mt=P len=0
PKT t=20167 RX ua=95 mt=R len=7
PKT t=20172 TX ua=95 mt=P len=0
PKT t=20181 RX ua=95 mt=R len=7
PKT t=20186 TX ua=95 mt=P len=0
PKT t=20195 RX ua=95 mt=R len=7
PKT t=20201 TX ua=95 mt=P len=0
PKT t=20211 RX ua=95 mt=R len=7
PKT t=20216 TX ua=95 mt=P len=0
PKT t=20248 RX ua=95 mt=R len=7
PKT t=20253 TX ua=95 mt=P len=0
PKT t=20262 RX ua=95 mt=R len=7
PKT t=20267 TX ua=95 mt=P len=0
PKT t=20276 RX ua=95 mt=R len=7
PKT t=20281 TX ua=95 mt=P len=0
PKT t=20290 RX ua=95 mt=R len=7
PKT t=20295 TX ua=95 mt=P len=0
PKT t=20304 RX ua=95 mt=R len=7
PKT t=20309 TX ua=95 mt=P len=0
PKT t=20318 RX ua=95 mt=R len=7
PKT t=20323 TX ua=95 mt=P len=0
PKT t=20356 RX ua=95 mt=R len=7
PKT t=20361 TX ua=95 mt=T len=7
PKT t=20373 TX ua=95 mt=P len=0
PKT t=20382 RX ua=95 mt=R len=7
PKT t=20387 TX ua=95 mt=P len=0
PKT t=20396 RX ua=95 mt=R len=7
PKT t=20401 TX ua=95 mt=P len=0
PKT t=20410 RX ua=95 mt=R len=7
PKT t=20415 TX ua=95 mt=P len=0
PKT t=20424 RX ua=95 mt=R len=7
PKT t=20429 TX ua=95 mt=P len=0
PKT t=20458 RX ua=95 mt=R len=7
PKT t=20463 TX ua=95 mt=P len=0
PKT t=20472 RX ua=95 mt=R len=7
PKT t=20477 TX ua=95 mt=P len=0
PKT t=20486 RX ua=95 mt=R len=7
PKT t=20491 TX ua=95 mt=P len=0
PKT t=20500 RX ua=95 mt=R len=7
PKT t=20505 TX ua=95 mt=P len=0
PKT t=20514 RX ua=95 mt=R len=7
PKT t=20519 TX ua=95 mt=P len=0
PKT t=20528 RX ua=95 mt=R len=7
PKT t=20533 TX ua=95 mt=P len=0
PKT t=20562 RX ua=95 mt=R len=7
PKT t=20567 TX ua=95 mt=P len=0
PKT t=20576 RX ua=95 mt=R len=7
PKT t=20581 TX ua=95 mt=P len=0
PKT t=20590 RX ua=95 mt=R len=7
PKT t=20595 TX ua=95 mt=P len=0
PKT t=20604 RX ua=95 mt=R len=7
PKT t=20609 TX ua=95 mt=T len=7
PKT t=20621 TX ua=95 mt=P len=0
PKT t=20630 RX ua=95 mt=R len=7
PKT t=20635 TX ua=95 mt=P len=0
PKT t=20666 RX ua=95 mt=R len=7
PKT t=20671 TX ua=95 mt=P len=0
PKT t=20680 RX ua=95 mt=R len=7
PKT t=20685 TX ua=95 mt=P len=0
PKT t=20694 RX ua=95 mt=R len=7
PKT t=20699 TX ua=95 mt=P len=0
PKT t=20708 RX ua=95 mt=R len=7
PKT t=20713 TX ua=95 mt=P len=0
PKT t=20722 RX ua=95 mt=R len=7
PKT t=20727 TX ua=95 mt=P len=0
PKT t=20736 RX ua=95 mt=R len=7
PKT t=20741 TX ua=95 mt=P len=0
PKT t=20770 RX ua=95 mt=R len=7
PKT t=20775 TX ua=95 mt=P len=0
PKT t=20784 RX ua=95 mt=R len=7
PKT t=20789 TX ua=95 mt=P len=0
PKT t=20798 RX ua=95 mt=R len=7
PKT t=20803 TX ua=95 mt=P len=0
PKT t=20812 RX ua=95 mt=R len=7
PKT t=20817 TX ua=95 mt=P len=0
PKT t=20826 RX ua=95 mt=R len=7
PKT t=20831 TX ua=95 mt=P len=0
PKT t=20840 RX ua=95 mt=R len=7
PKT t=20845 TX ua=95 mt=P len=0
PKT t=20874 RX ua=95 mt=R len=7
PKT t=20879 TX ua=95 mt=T len=7
PKT t=20891 TX ua=95 mt=P len=0
PKT t=20900 RX ua=95 mt=R len=7
PKT t=20905 TX ua=95 mt=P len=0
PKT t=20914 RX ua=95 mt=R len=7
PKT t=20919 TX ua=95 mt=P len=0
PKT t=20928 RX ua=95 mt=R len=7
PKT t=20933 TX ua=95 mt=P len=0
PKT t=20942 RX ua=95 mt=R len=7
PKT t=20947 TX ua=95 mt=P len=0
PKT t=20976 RX ua=95 mt=R len=7
PKT t=20981 TX ua=95 mt=P len=0
PKT t=20990 RX ua=95 mt=R len=7
PKT t=20995 TX ua=95 mt=P len=0
PKT t=21004 RX ua=95 mt=R len=7
PKT t=21009 TX ua=95 mt=P len=0
PKT t=21018 RX ua=95 mt=R len=7
PKT t=21023 TX ua=95 mt=P len=0
PKT t=21032 RX ua=95 mt=R len=7
PKT t=21037 TX ua=95 mt=P len=0
PKT t=21046 RX ua=95 mt=R len=7
PKT t=21051 TX ua=95 mt=P len=0
PKT t=21080 RX ua=95 mt=R len=7
PKT t=21085 TX ua=95 mt=P len=0
PKT t=21094 RX ua=95 mt=R len=7
PKT t=21099 TX ua=95 mt=T len=7
PKT t=21112 TX ua=95 mt=P len=0
PKT t=21121 RX ua=95 mt=R len=7
PKT t=21126 TX ua=95 mt=P len=0
PKT t=21135 RX ua=95 mt=R len=7
PKT t=21140 TX ua=95 mt=P len=0
PKT t=21149 RX ua=95 mt=R len=7
PKT t=21154 TX ua=95 mt=P len=0
PKT t=21183 RX ua=95 mt=R len=7
PKT t=21188 TX ua=95 mt=P len=0
PKT t=21197 RX ua=95 mt=R len=7
PKT t=21202 TX ua=95 mt=P len=0
PKT t=21211 RX ua=95 mt=R len=7
PKT t=21216 TX ua=95 mt=P len=0
PKT t=21225 RX ua=95 mt=R len=7
PKT t=21230 TX ua=95 mt=P len=0
PKT t=21239 RX ua=95 mt=R len=7
PKT t=21244 TX ua=95 mt=P len=0
PKT t=21253 RX ua=95 mt=R len=7
PKT t=21258 TX ua=95 mt=P len=0
PKT t=21287 RX ua=95 mt=R len=7
PKT t=21292 TX ua=95 mt=P len=0
PKT t=21301 RX ua=95 mt=R len=7
PKT t=21306 TX ua=95 mt=P len=0
PKT t=21315 RX ua=95 mt=R len=7
PKT t=21320 TX ua=95 mt=P len=0
PKT t=21329 RX ua=95 mt=R len=7
PKT t=21334 TX ua=95 mt=P len=0
PKT t=21343 RX ua=95 mt=R len=7
PKT t=21348 TX ua=95 mt=T len=7
PKT t=21361 TX ua=95 mt=P len=0
PKT t=21389 RX ua=95 mt=R len=7
PKT t=21394 TX ua=95 mt=P len=0
PKT t=21404 RX ua=95 mt=R len=7
PKT t=21409 TX ua=95 mt=P len=0
PKT t=21419 RX ua=95 mt=R len=7
PKT t=21424 TX ua=95 mt=P len=0
PKT t=21434 RX ua=95 mt=R len=7
PKT t=21441 TX ua=95 mt=P len=0
PKT t=21451 RX ua=95 mt=R len=7
PKT t=21456 TX ua=95 mt=P len=0
PKT t=21488 RX ua=95 mt=R len=7
PKT t=21493 TX ua=95 mt=P len=0
PKT t=21503 RX ua=95 mt=R len=7
PKT t=21508 TX ua=95 mt=P len=0
PKT t=21518 RX ua=95 mt=R len=7
PKT t=21523 TX ua=95 mt=P len=0
PKT t=21533 RX ua=95 mt=R len=7
PKT t=21538 TX ua=95 mt=P len=0
PKT t=21548 RX ua=95 mt=R len=7
PKT t=21553 TX ua=95 mt=P len=0
PKT t=21563 RX ua=95 mt=R len=7
PKT t=21568 TX ua=95 mt=P len=0
PKT t=21597 RX ua=95 mt=R len=7
PKT t=21602 TX ua=95 mt=T len=7
PKT t=21615 TX ua=95 mt=P len=0
PKT t=21624 RX ua=95 mt=R len=7
PKT t=21629 TX ua=95 mt=P len=0
PKT t=21638 RX ua=95 mt=R len=7
PKT t=21643 TX ua=95 mt=P len=0
PKT t=21652 RX ua=95 mt=R len=7
PKT t=21657 TX ua=95 mt=P len=0
PKT t=21666 RX ua=95 mt=R len=7
PKT t=21671 TX ua=95 mt=P len=0
PKT t=21700 RX ua=95 mt=R len=7
PKT t=21705 TX ua=95 mt=P len=0
PKT t=21714 RX ua=95 mt=R len=7
PKT t=21719 TX ua=95 mt=P len=0
PKT t=21728 RX ua=95 mt=R len=7
PKT t=21733 TX ua=95 mt=P len=0
PKT t=21742 RX ua=95 mt=R len=7
PKT t=21747 TX ua=95 mt=P len=0
PKT t=21756 RX ua=95 mt=R len=7
PKT t=21761 TX ua=95 mt=P len=0
PKT t=21770 RX ua=95 mt=R len=7
PKT t=21775 TX ua=95 mt=P len=0
PKT t=21804 RX ua=95 mt=R len=7
PKT t=21809 TX ua=95 mt=P len=0
PKT t=21818 RX ua=95 mt=R len=7
PKT t=21823 TX ua=95 mt=P len=0
PKT t=21832 RX ua=95 mt=R len=7
PKT t=21837 TX ua=95 mt=P len=0
PKT t=21846 RX ua=95 mt=R len=7
PKT t=21851 TX ua=95 mt=T len=7
PKT t=21864 TX ua=95 mt=P len=0
PKT t=21873 RX ua=95 mt=R len=7
PKT t=21878 TX ua=95 mt=P len=0
PKT t=21907 RX ua=95 mt=R len=7
PKT t=21912 TX ua=95 mt=P len=0
PKT t=21921 RX ua=95 mt=R len=7
PKT t=21926 TX ua=95 mt=P len=0
PKT t=21935 RX ua=95 mt=R len=7
PKT t=21940 TX ua=95 mt=P len=0
PKT t=21949 RX ua=95 mt=R len=7
PKT t=21954 TX ua=95 mt=P len=0
PKT t=21963 RX ua=95 mt=R len=7
PKT t=21968 TX ua=95 mt=P len=0
PKT t=21977 RX ua=95 mt=R len=7
PKT t=21982 TX ua=95 mt=P len=0
PKT t=22015 RX ua=95 mt=R len=7
PKT t=22020 TX ua=95 mt=P len=0
PKT t=22029 RX ua=95 mt=R len=7
PKT t=22034 TX ua=95 mt=P len=0
PKT t=22043 RX ua=95 mt=R len=7
PKT t=22048 TX ua=95 mt=P len=0
PKT t=22061 RX ua=95 mt=R len=7
PKT t=22066 TX ua=95 mt=P len=0
PKT t=22075 RX ua=95 mt=R len=7
PKT t=22080 TX ua=95 mt=P len=0
PKT t=22111 RX ua=95 mt=R len=7
PKT t=22116 TX ua=95 mt=T len=7
PKT t=22128 TX ua=95 mt=P len=0
PKT t=22137 RX ua=95 mt=R len=7
PKT t=22142 TX ua=95 mt=P len=0
PKT t=22153 RX ua=95 mt=R len=7
PKT t=22158 TX ua=95 mt=P len=0
PKT t=22167 RX ua=95 mt=R len=7
PKT t=22172 TX ua=95 mt=P len=0
PKT t=22181 RX ua=95 mt=R len=7
PKT t=22186 TX ua=95 mt=P len=0
PKT t=22216 RX ua=95 mt=R len=7
PKT t=22221 TX ua=95 mt=P len=0
PKT t=22230 RX ua=95 mt=R len=7
PKT t=22235 TX ua=95 mt=P len=0
PKT t=22244 RX ua=95 mt=R len=7
PKT t=22249 TX ua=95 mt=P len=0
PKT t=22258 RX ua=95 mt=R len=7
PKT t=22263 TX ua=95 mt=P len=0
PKT t=22272 RX ua=95 mt=R len=7
PKT t=22277 TX ua=95 mt=P len=0
PKT t=22286 RX ua=95 mt=R len=7
PKT t=22291 TX ua=95 mt=P len=0
PKT t=22320 RX ua=95 mt=R len=7
PKT t=22325 TX ua=95 mt=P len=0
PKT t=22334 RX ua=95 mt=R len=7
PKT t=22339 TX ua=95 mt=P len=0
PKT t=22348 RX ua=95 mt=R len=7
PKT t=22353 TX ua=95 mt=T len=7
PKT t=22365 TX ua=95 mt=P len=0
PKT t=22374 RX ua=95 mt=R len=7
PKT t=22379 TX ua=95 mt=P len=0
PKT t=22388 RX ua=95 mt=R len=7
PKT t=22393 TX ua=95 mt=P len=0
PKT t=22422 RX ua=95 mt=R len=7
PKT t=22427 TX ua=95 mt=P len=0
PKT t=22436 RX ua=95 mt=R len=7
PKT t=22441 TX ua=95 mt=P len=0
PKT t=22450 RX ua=95 mt=R len=7
PKT t=22455 TX ua=95 mt=P len=0
PKT t=22464 RX ua=95 mt=R len=7
PKT t=22469 TX ua=95 mt=P len=0
PKT t=22478 RX ua=95 mt=R len=7
PKT t=22483 TX ua=95 mt=P len=0
PKT t=22492 RX ua=95 mt=R len=7
PKT t=22497 TX ua=95 mt=P len=0
PKT t=22526 RX ua=95 mt=R len=7
PKT t=22531 TX ua=95 mt=P len=0
PKT t=22540 RX ua=95 mt=R len=7
PKT t=22545 TX ua=95 mt=P len=0
PKT t=22554 RX ua=95 mt=R len=7
PKT t=22559 TX ua=95 mt=P len=0
PKT t=22568 RX ua=95 mt=R len=7
PKT t=22573 TX ua=95 mt=P len=0
PKT t=22582 RX ua=95 mt=R len=7
PKT t=22587 TX ua=95 mt=P len=0
PKT t=22596 RX ua=95 mt=R len=7
PKT t=22601 TX ua=95 mt=T len=7
PKT t=22613 TX ua=95 mt=P len=0
PKT t=22632 RX ua=95 mt=R len=7
PKT t=22637 TX ua=95 mt=P len=0
PKT t=22646 RX ua=95 mt=R len=7
PKT t=22651 TX ua=95 mt=P len=0
PKT t=22660 RX ua=95 mt=R len=7
PKT t=22665 TX ua=95 mt=P len=0
PKT t=22674 RX ua=95 mt=R len=7
PKT t=22681 TX ua=95 mt=P len=0
PKT t=22690 RX ua=95 mt=R len=7
PKT t=22695 TX ua=95 mt=P len=0
PKT t=22704 RX ua=95 mt=R len=7
PKT t=22709 TX ua=95 mt=P len=0
PKT t=22738 RX ua=95 mt=R len=7
PKT t=22743 TX ua=95 mt=P len=0
PKT t=22752 RX ua=95 mt=R len=7
PKT t=22757 TX ua=95 mt=P len=0
PKT t=22766 RX ua=95 mt=R len=7
PKT t=22771 TX ua=95 mt=P len=0
PKT t=22780 RX ua=95 mt=R len=7
PKT t=22785 TX ua=95 mt=P len=0
PKT t=22794 RX ua=95 mt=R len=7
PKT t=22799 TX ua=95 mt=P len=0
PKT t=22808 RX ua=95 mt=R len=7
PKT t=22813 TX ua=95 mt=P len=0
PKT t=22842 RX ua=95 mt=R len=7
PKT t=22847 TX ua=95 mt=T len=7
PKT t=22859 TX ua=95 mt=P len=0
PKT t=22868 RX ua=95 mt=R len=7
PKT t=22873 TX ua=95 mt=P len=0
PKT t=22882 RX ua=95 mt=R len=7
PKT t=22887 TX ua=95 mt=P len=0
PKT t=22896 RX ua=95 mt=R len=7
PKT t=22901 TX ua=95 mt=P len=0
PKT t=22910 RX ua=95 mt=R len=7
PKT t=22915 TX ua=95 mt=P len=0
PKT t=22944 RX ua=95 mt=R len=7
PKT t=22949 TX ua=95 mt=P len=0
PKT t=22958 RX ua=95 mt=R len=7
PKT t=22963 TX ua=95 mt=P len=0
PKT t=22972 RX ua=95 mt=R len=7
PKT t=22977 TX ua=95 mt=P len=0
PKT t=22986 RX ua=95 mt=R len=7
PKT t=22991 TX ua=95 mt=P len=0
PKT t=23000 RX ua=95 mt=R len=7
PKT t=23005 TX ua=95 mt=P len=0
PKT t=23014 RX ua=95 mt=R len=7
PKT t=23019 TX ua=95 mt=P len=0
PKT t=23048 RX ua=95 mt=R len=7
PKT t=23053 TX ua=95 mt=P len=0
PKT t=23062 RX ua=95 mt=R len=7
PKT t=23067 TX ua=95 mt=P len=0
PKT t=23076 RX ua=95 mt=R len=7
PKT t=23081 TX ua=95 mt=P len=0
PKT t=23090 RX ua=95 mt=R len=7
PKT t=23095 TX ua=95 mt=P len=0
PKT t=23104 RX ua=95 mt=R len=7
PKT t=23109 TX ua=95 mt=T len=7
PKT t=23121 TX ua=95 mt=P len=0
PKT t=23149 RX ua=95 mt=R len=7
PKT t=23154 TX ua=95 mt=P len=0
PKT t=23163 RX ua=95 mt=R len=7
PKT t=23168 TX ua=95 mt=P len=0
PKT t=23177 RX ua=95 mt=R len=7
PKT t=23182 TX ua=95 mt=P len=0
PKT t=23191 RX ua=95 mt=R len=7
PKT t=23196 TX ua=95 mt=P len=0
PKT t=23205 RX ua=95 mt=R len=7
PKT t=23210 TX ua=95 mt=P len=0
PKT t=23219 RX ua=95 mt=R len=7
PKT t=23224 TX ua=95 mt=P len=0
PKT t=23253 RX ua=95 mt=R len=7
PKT t=23258 TX ua=95 mt=P len=0
PKT t=23267 RX ua=95 mt=R len=7
PKT t=23272 TX ua=95 mt=P len=0
PKT t=23281 RX ua=95 mt=R len=7
PKT t=23286 TX ua=95 mt=P len=0
PKT t=23295 RX ua=95 mt=R len=7
PKT t=23301 TX ua=95 mt=P len=0
PKT t=23310 RX ua=95 mt=R len=7
PKT t=23315 TX ua=95 mt=P len=0
PKT t=23324 RX ua=95 mt=R len=7
PKT t=23329 TX ua=95 mt=P len=0
PKT t=23358 RX ua=95 mt=R len=7
PKT t=23363 TX ua=95 mt=T len=7
PKT t=23375 TX ua=95 mt=P len=0
PKT t=23385 RX ua=95 mt=R len=7
PKT t=23390 TX ua=95 mt=P len=0
PKT t=23400 RX ua=95 mt=R len=7
PKT t=23405 TX ua=95 mt=P len=0
PKT t=23415 RX ua=95 mt=R len=7
PKT t=23420 TX ua=95 mt=P len=0
PKT t=23430 RX ua=95 mt=R len=7
PKT t=23435 TX ua=95 mt=P len=0
PKT t=23464 RX ua=95 mt=R len=7
PKT t=23469 TX ua=95 mt=P len=0
PKT t=23479 RX ua=95 mt=R len=7
PKT t=23484 TX ua=95 mt=P len=0
PKT t=23494 RX ua=95 mt=R len=7
PKT t=23499 TX ua=95 mt=P len=0
PKT t=23509 RX ua=95 mt=R len=7
PKT t=23514 TX ua=95 mt=P len=0
PKT t=23524 RX ua=95 mt=R len=7
PKT t=23529 TX ua=95 mt=P len=0
PKT t=23539 RX ua=95 mt=R len=7
PKT t=23544 TX ua=95 mt=P len=0
PKT t=23573 RX ua=95 mt=R len=7
PKT t=23578 TX ua=95 mt=P len=0
PKT t=23588 RX ua=95 mt=R len=7
PKT t=23593 TX ua=95 mt=P len=0
PKT t=23603 RX ua=95 mt=R len=7
PKT t=23611 TX ua=95 mt=T len=7
PKT t=23623 TX ua=95 mt=P len=0
PKT t=23632 RX ua=95 mt=R len=7
PKT t=23637 TX ua=95 mt=P len=0
PKT t=23646 RX ua=95 mt=R len=7
PKT t=23651 TX ua=95 mt=P len=0
PKT t=23681 RX ua=95 mt=R len=7
PKT t=23686 TX ua=95 mt=P len=0
PKT t=23695 RX ua=95 mt=R len=7
PKT t=23700 TX ua=95 mt=P len=0
PKT t=23709 RX ua=95 mt=R len=7
PKT t=23714 TX ua=95 mt=P len=0
PKT t=23723 RX ua=95 mt=R len=7
PKT t=23728 TX ua=95 mt=P len=0
PKT t=23737 RX ua=95 mt=R len=7
PKT t=23742 TX ua=95 mt=P len=0
PKT t=23751 RX ua=95 mt=R len=7
PKT t=23756 TX ua=95 mt=P len=0
PKT t=23786 RX ua=95 mt=R len=7
PKT t=23791 TX ua=95 mt=P len=0
PKT t=23800 RX ua=95 mt=R len=7
PKT t=23805 TX ua=95 mt=P len=0
PKT t=23814 RX ua=95 mt=R len=7
PKT t=23819 TX ua=95 mt=P len=0
PKT t=23828 RX ua=95 mt=R len=7
PKT t=23833 TX ua=95 mt=P len=0
PKT t=23842 RX ua=95 mt=R len=7
PKT t=23847 TX ua=95 mt=T len=7
PKT t=23859 TX ua=95 mt=P len=0
PKT t=23887 RX ua=95 mt=R len=7
PKT t=23892 TX ua=95 mt=P len=0
PKT t=23901 RX ua=95 mt=R len=7
PKT t=23906 TX ua=95 mt=P len=0
PKT t=23915 RX ua=95 mt=R len=7
PKT t=23921 TX ua=95 mt=P len=0
PKT t=23930 RX ua=95 mt=R len=7
PKT t=23935 TX ua=95 mt=P len=0
PKT t=23944 RX ua=95 mt=R len=7
PKT t=23949 TX ua=95 mt=P len=0
PKT t=23958 RX ua=95 mt=R len=7
PKT t=23963 TX ua=95 mt=P len=0
PKT t=23992 RX ua=95 mt=R len=7
PKT t=23997 TX ua=95 mt=P len=0
PKT t=24006 RX ua=95 mt=R len=7
PKT t=24011 TX ua=95 mt=P len=0
PKT t=24020 RX ua=95 mt=R len=7
PKT t=24025 TX ua=95 mt=P len=0
PKT t=24034 RX ua=95 mt=R len=7
PKT t=24039 TX ua=95 mt=P len=0
PKT t=24048 RX ua=95 mt=R len=7
PKT t=24053 TX ua=95 mt=P len=0
PKT t=24062 RX ua=95 mt=R len=7
PKT t=24067 TX ua=95 mt=P len=0
PKT t=24096 RX ua=95 mt=R len=7
PKT t=24101 TX ua=95 mt=T len=7
PKT t=24113 TX ua=95 mt=P len=0
PKT t=24122 RX ua=95 mt=R len=7
PKT t=24127 TX ua=95 mt=P len=0
PKT t=24136 RX ua=95 mt=R len=7
PKT t=24141 TX ua=95 mt=P len=0
PKT t=24150 RX ua=95 mt=R len=7
PKT t=24155 TX ua=95 mt=P len=0
PKT t=24164 RX ua=95 mt=R len=7
PKT t=24169 TX ua=95 mt=P len=0
PKT t=24198 RX ua=95 mt=R len=7
PKT t=24203 TX ua=95 mt=P len=0
PKT t=24212 RX ua=95 mt=R len=7
PKT t=24217 TX ua=95 mt=P len=0
PKT t=24226 RX ua=95 mt=R len=7
PKT t=24231 TX ua=95 mt=P len=0
PKT t=24240 RX ua=95 mt=R len=7
PKT t=24245 TX ua=95 mt=P len=0
PKT t=24254 RX ua=95 mt=R len=7
PKT t=24259 TX ua=95 mt=P len=0
PKT t=24268 RX ua=95 mt=R len=7
PKT t=24273 TX ua=95 mt=P len=0
PKT t=24302 RX ua=95 mt=R len=7
PKT t=24307 TX ua=95 mt=P len=0
PKT t=24316 RX ua=95 mt=R len=7
PKT t=24321 TX ua=95 mt=P len=0
PKT t=24330 RX ua=95 mt=R len=7
PKT t=24335 TX ua=95 mt=P len=0
PKT t=24344 RX ua=95 mt=R len=7
PKT t=24349 TX ua=95 mt=T len=7
PKT t=24361 TX ua=95 mt=P len=0
PKT t=24370 RX ua=95 mt=R len=7
PKT t=24375 TX ua=95 mt=P len=0
PKT t=24404 RX ua=95 mt=R len=7
PKT t=24409 TX ua=95 mt=P len=0
PKT t=24418 RX ua=95 mt=R len=7
PKT t=24423 TX ua=95 mt=P len=0
PKT t=24432 RX ua=95 mt=R len=7
PKT t=24437 TX ua=95 mt=P len=0
PKT t=24446 RX ua=95 mt=R len=7
PKT t=24451 TX ua=95 mt=P len=0
PKT t=24460 RX ua=95 mt=R len=7
PKT t=24465 TX ua=95 mt=P len=0
PKT t=24474 RX ua=95 mt=R len=7
PKT t=24479 TX ua=95 mt=P len=0
PKT t=24508 RX ua=95 mt=R len=7
PKT t=24513 TX ua=95 mt=P len=0
PKT t=24522 RX ua=95 mt=R len=7
PKT t=24527 TX ua=95 mt=P len=0
PKT t=24536 RX ua=95 mt=R len=7
PKT t=24541 TX ua=95 mt=P len=0
PKT t=24550 RX ua=95 mt=R len=7
PKT t=24555 TX ua=95 mt=P len=0
PKT t=24564 RX ua=95 mt=R len=7
PKT t=24569 TX ua=95 mt=P len=0
PKT t=24578 RX ua=95 mt=R len=7
PKT t=24583 TX ua=95 mt=P len=0
PKT t=24613 RX ua=95 mt=R len=7
PKT t=24618 TX ua=95 mt=T len=7
PKT t=24630 TX ua=95 mt=P len=0
PKT t=24639 RX ua=95 mt=R len=7
PKT t=24644 TX ua=95 mt=P len=0
PKT t=24653 RX ua=95 mt=R len=7
PKT t=24658 TX ua=95 mt=P len=0
PKT t=24667 RX ua=95 mt=R len=7
PKT t=24672 TX ua=95 mt=P len=0
PKT t=24681 RX ua=95 mt=R len=7
PKT t=24686 TX ua=95 mt=P len=0
PKT t=24715 RX ua=95 mt=R len=7
PKT t=24720 TX ua=95 mt=P len=0
PKT t=24729 RX ua=95 mt=R len=7
PKT t=24734 TX ua=95 mt=P len=0
PKT t=24743 RX ua=95 mt=R len=7
PKT t=24748 TX ua=95 mt=P len=0
PKT t=24757 RX ua=95 mt=R len=7
PKT t=24762 TX ua=95 mt=P len=0
PKT t=24771 RX ua=95 mt=R len=7
PKT t=24776 TX ua=95 mt=P len=0
PKT t=24785 RX ua=95 mt=R len=7
PKT t=24790 TX ua=95 mt=P len=0
PKT t=24819 RX ua=95 mt=R len=7
PKT t=24824 TX ua=95 mt=P len=0
PKT t=24833 RX ua=95 mt=R len=7
PKT t=24838 TX ua=95 mt=P len=0
PKT t=24851 RX ua=95 mt=R len=7
PKT t=24856 TX ua=95 mt=T len=7
PKT t=24868 TX ua=95 mt=P len=0
PKT t=24877 RX ua=95 mt=R len=7
PKT t=24882 TX ua=95 mt=P len=0
PKT t=24891 RX ua=95 mt=R len=7
PKT t=24896 TX ua=95 mt=P len=0
PKT t=24925 RX ua=95 mt=R len=7
PKT t=24930 TX ua=95 mt=P len=0
PKT t=24939 RX ua=95 mt=R len=7
PKT t=24944 TX ua=95 mt=P len=0
PKT t=24953 RX ua=95 mt=R len=7
PKT t=24958 TX ua=95 mt=P len=0
PKT t=24967 RX ua=95 mt=R len=7
PKT t=24972 TX ua=95 mt=P len=0
PKT t=24981 RX ua=95 mt=R len=7
PKT t=24986 TX ua=95 mt=P len=0
PKT t=24995 RX ua=95 mt=R len=7
PKT t=25000 TX ua=95 mt=P len=0
PKT t=25029 RX ua=95 mt=R len=7
PKT t=25034 TX ua=95 mt=P len=0
PKT t=25043 RX ua=95 mt=R len=7
PKT t=25048 TX ua=95 mt=P len=0
PKT t=25057 RX ua=95 mt=R len=7
PKT t=25062 TX ua=95 mt=P len=0
PKT t=25071 RX ua=95 mt=R len=7
PKT t=25076 TX ua=95 mt=P len=0
PKT t=25085 RX ua=95 mt=R len=7
PKT t=25090 TX ua=95 mt=P len=0
PKT t=25099 RX ua=95 mt=R len=7
PKT t=25104 TX ua=95 mt=T len=7
PKT t=25116 TX ua=95 mt=P len=0
PKT t=25135 RX ua=95 mt=R len=7
PKT t=25140 TX ua=95 mt=P len=0
PKT t=25149 RX ua=95 mt=R len=7
PKT t=25154 TX ua=95 mt=P len=0
PKT t=25163 RX ua=95 mt=R len=7
PKT t=25168 TX ua=95 mt=P len=0
PKT t=25177 RX ua=95 mt=R len=7
PKT t=25182 TX ua=95 mt=P len=0
PKT t=25191 RX ua=95 mt=R len=7
PKT t=25196 TX ua=95 mt=P len=0
PKT t=25205 RX ua=95 mt=R len=7
PKT t=25210 TX ua=95 mt=P len=0
PKT t=25239 RX ua=95 mt=R len=7
PKT t=25244 TX ua=95 mt=P len=0
PKT t=25253 RX ua=95 mt=R len=7
PKT t=25258 TX ua=95 mt=P len=0
PKT t=25267 RX ua=95 mt=R len=7
PKT t=25272 TX ua=95 mt=P len=0
PKT t=25281 RX ua=95 mt=R len=7
PKT t=25286 TX ua=95 mt=P len=0
PKT t=25295 RX ua=95 mt=R len=7
PKT t=25300 TX ua=95 mt=P len=0
PKT t=25309 RX ua=95 mt=R len=7
PKT t=25316 TX ua=95 mt=P len=0
PKT t=25343 RX ua=95 mt=R len=7
PKT t=25348 TX ua=95 mt=T len=7
PKT t=25360 TX ua=95 mt=P len=0
PKT t=25370 RX ua=95 mt=R len=7
PKT t=25375 TX ua=95 mt=P len=0
PKT t=25385 RX ua=95 mt=R len=7
PKT t=25390 TX ua=95 mt=P len=0
PKT t=25400 RX ua=95 mt=R len=7
PKT t=25405 TX ua=95 mt=P len=0
PKT t=25415 RX ua=95 mt=R len=7
PKT t=25420 TX ua=95 mt=P len=0
PKT t=25449 RX ua=95 mt=R len=7
PKT t=25454 TX ua=95 mt=P len=0
PKT t=25464 RX ua=95 mt=R len=7
PKT t=25471 TX ua=95 mt=P len=0
PKT t=25481 RX ua=95 mt=R len=7
PKT t=25486 TX ua=95 mt=P len=0
PKT t=25496 RX ua=95 mt=R len=7
PKT t=25501 TX ua=95 mt=P len=0
PKT t=25511 RX ua=95 mt=R len=7
PKT t=25516 TX ua=95 mt=P len=0
PKT t=25548 RX ua=95 mt=R len=7
PKT t=25553 TX ua=95 mt=P len=0
PKT t=25563 RX ua=95 mt=R len=7
PKT t=25568 TX ua=95 mt=P len=0
PKT t=25578 RX ua=95 mt=R len=7
PKT t=25583 TX ua=95 mt=P len=0
PKT t=25593 RX ua=95 mt=R len=7
PKT t=25598 TX ua=95 mt=T len=7
PKT t=25610 TX ua=95 mt=P len=0
PKT t=25619 RX ua=95 mt=R len=7
PKT t=25626 TX ua=95 mt=P len=0
PKT t=25653 RX ua=95 mt=R len=7
PKT t=25658 TX ua=95 mt=P len=0
PKT t=25667 RX ua=95 mt=R len=7
PKT t=25672 TX ua=95 mt=P len=0
PKT t=25681 RX ua=95 mt=R len=7
PKT t=25686 TX ua=95 mt=P len=0
PKT t=25695 RX ua=95 mt=R len=7
PKT t=25700 TX ua=95 mt=P len=0
PKT t=25709 RX ua=95 mt=R len=7
PKT t=25714 TX ua=95 mt=P len=0
PKT t=25723 RX ua=95 mt=R len=7
PKT t=25728 TX ua=95 mt=P len=0
PKT t=25758 RX ua=95 mt=R len=7
PKT t=25762 TX ua=95 mt=P len=0
PKT t=25771 RX ua=95 mt=R len=7
PKT t=25776 TX ua=95 mt=P len=0
PKT t=25785 RX ua=95 mt=R len=7
PKT t=25790 TX ua=95 mt=P len=0
PKT t=25799 RX ua=95 mt=R len=7
PKT t=25804 TX ua=95 mt=P len=0
PKT t=25813 RX ua=95 mt=R len=7
PKT t=25818 TX ua=95 mt=P len=0
PKT t=25827 RX ua=95 mt=R len=7
PKT t=25832 TX ua=95 mt=P len=0
PKT t=25861 RX ua=95 mt=R len=7
PKT t=25866 TX ua=95 mt=T len=7
PKT t=25878 TX ua=95 mt=P len=0
PKT t=25887 RX ua=95 mt=R len=7
PKT t=25892 TX ua=95 mt=P len=0
PKT t=25901 RX ua=95 mt=R len=7
PKT t=25906 TX ua=95 mt=P len=0
PKT t=25915 RX ua=95 mt=R len=7
PKT t=25920 TX ua=95 mt=P len=0
PKT t=25929 RX ua=95 mt=R len=7
PKT t=25936 TX ua=95 mt=P len=0
PKT t=25963 RX ua=95 mt=R len=7
PKT t=25968 TX ua=95 mt=P len=0
PKT t=25977 RX ua=95 mt=R len=7
PKT t=25982 TX ua=95 mt=P len=0
PKT t=25991 RX ua=95 mt=R len=7
PKT t=25996 TX ua=95 mt=P len=0
PKT t=26005 RX ua=95 mt=R len=7
PKT t=26010 TX ua=95 mt=P len=0
PKT t=26019 RX ua=95 mt=R len=7
PKT t=26024 TX ua=95 mt=P len=0
PKT t=26033 RX ua=95 mt=R len=7
PKT t=26038 TX ua=95 mt=P len=0
PKT t=26067 RX ua=95 mt=R len=7
PKT t=26072 TX ua=95 mt=P len=0
PKT t=26081 RX ua=95 mt=R len=7
PKT t=26086 TX ua=95 mt=P len=0
PKT t=26095 RX ua=95 mt=R len=7
PKT t=26100 TX ua=95 mt=T len=7
PKT t=26113 TX ua=95 mt=P len=0
PKT t=26122 RX ua=95 mt=R len=7
PKT t=26127 TX ua=95 mt=T len=7
PKT t=26140 TX ua=95 mt=P len=0
PKT t=26172 RX ua=95 mt=R len=7
PKT t=26177 TX ua=95 mt=P len=0
PKT t=26186 RX ua=95 mt=R len=7
PKT t=26191 TX ua=95 mt=P len=0
PKT t=26200 RX ua=95 mt=R len=7
PKT t=26205 TX ua=95 mt=P len=0
PKT t=26214 RX ua=95 mt=R len=7
PKT t=26219 TX ua=95 mt=P len=0
PKT t=26228 RX ua=95 mt=R len=7
PKT t=26233 TX ua=95 mt=P len=0
PKT t=26246 RX ua=95 mt=R len=7
PKT t=26251 TX ua=95 mt=P len=0
PKT t=26276 RX ua=95 mt=R len=7
PKT t=26281 TX ua=95 mt=P len=0
PKT t=26290 RX ua=95 mt=R len=7
PKT t=26295 TX ua=95 mt=P len=0
PKT t=26304 RX ua=95 mt=R len=7
PKT t=26309 TX ua=95 mt=P len=0
PKT t=26318 RX ua=95 mt=R len=7
PKT t=26323 TX ua=95 mt=P len=0
PKT t=26332 RX ua=95 mt=R len=7
PKT t=26337 TX ua=95 mt=P len=0
PKT t=26346 RX ua=95 mt=R len=7
PKT t=26351 TX ua=95 mt=T len=7
PKT t=26364 TX ua=95 mt=P len=0
PKT t=26382 RX ua=95 mt=R len=7
PKT t=26387 TX ua=95 mt=P len=0
PKT t=26396 RX ua=95 mt=R len=7
PKT t=26401 TX ua=95 mt=P len=0
PKT t=26410 RX ua=95 mt=R len=7
PKT t=26415 TX ua=95 mt=P len=0
PKT t=26424 RX ua=95 mt=R len=7
PKT t=26429 TX ua=95 mt=P len=0
PKT t=26438 RX ua=95 mt=R len=7
PKT t=26443 TX ua=95 mt=P len=0
PKT t=26452 RX ua=95 mt=R len=7
PKT t=26457 TX ua=95 mt=P len=0
PKT t=26486 RX ua=95 mt=R len=7
PKT t=26491 TX ua=95 mt=P len=0
PKT t=26500 RX ua=95 mt=R len=7
PKT t=26505 TX ua=95 mt=P len=0
PKT t=26514 RX ua=95 mt=R len=7
PKT t=26519 TX ua=95 mt=P len=0
PKT t=26528 RX ua=95 mt=R len=7
PKT t=26533 TX ua=95 mt=P len=0
PKT t=26542 RX ua=95 mt=R len=7
PKT t=26547 TX ua=95 mt=P len=0
PKT t=26556 RX ua=95 mt=R len=7
PKT t=26561 TX ua=95 mt=P len=0
PKT t=26590 RX ua=95 mt=R len=7
PKT t=26595 TX ua=95 mt=P len=0
PKT t=26604 RX ua=95 mt=R len=7
PKT t=26609 TX ua=95 mt=T len=7
PKT t=26622 TX ua=95 mt=P len=0
PKT t=26631 RX ua=95 mt=R len=7
PKT t=26636 TX ua=95 mt=P len=0
PKT t=26645 RX ua=95 mt=R len=7
PKT t=26650 TX ua=95 mt=P len=0
PKT t=26659 RX ua=95 mt=R len=7
PKT t=26664 TX ua=95 mt=P len=0
PKT t=26693 RX ua=95 mt=R len=7
PKT t=26698 TX ua=95 mt=P len=0
PKT t=26711 RX ua=95 mt=R len=7
PKT t=26716 TX ua=95 mt=P len=0
PKT t=26725 RX ua=95 mt=R len=7
PKT t=26730 TX ua=95 mt=P len=0
PKT t=26739 RX ua=95 mt=R len=7
PKT t=26744 TX ua=95 mt=P len=0
PKT t=26753 RX ua=95 mt=R len=7
PKT t=26758 TX ua=95 mt=P len=0
PKT t=26767 RX ua=95 mt=R len=7
PKT t=26772 TX ua=95 mt=P len=0
PKT t=26801 RX ua=95 mt=R len=7
PKT t=26806 TX ua=95 mt=P len=0
PKT t=26815 RX ua=95 mt=R len=7
PKT t=26820 TX ua=95 mt=P len=0
PKT t=26829 RX ua=95 mt=R len=7
PKT t=26834 TX ua=95 mt=P len=0
PKT t=26843 RX ua=95 mt=R len=7
PKT t=26848 TX ua=95 mt=T len=7
PKT t=26861 TX ua=95 mt=P len=0
PKT t=26870 RX ua=95 mt=R len=7
PKT t=26875 TX ua=95 mt=P len=0
PKT t=26904 RX ua=95 mt=R len=7
PKT t=26909 TX ua=95 mt=P len=0
PKT t=26918 RX ua=95 mt=R len=7
PKT t=26923 TX ua=95 mt=P len=0
PKT t=26932 RX ua=95 mt=R len=7
PKT t=26937 TX ua=95 mt=P len=0
PKT t=26946 RX ua=95 mt=R len=7
PKT t=26951 TX ua=95 mt=P len=0
PKT t=26960 RX ua=95 mt=R len=7
PKT t=26965 TX ua=95 mt=P len=0
PKT t=26974 RX ua=95 mt=R len=7
PKT t=26979 TX ua=95 mt=P len=0
PKT t=27008 RX ua=95 mt=R len=7
PKT t=27013 TX ua=95 mt=P len=0
PKT t=27022 RX ua=95 mt=R len=7
PKT t=27027 TX ua=95 mt=P len=0
PKT t=27036 RX ua=95 mt=R len=7
PKT t=27041 TX ua=95 mt=P len=0
PKT t=27050 RX ua=95 mt=R len=7
PKT t=27055 TX ua=95 mt=P len=0
PKT t=27064 RX ua=95 mt=R len=7
PKT t=27069 TX ua=95 mt=P len=0
PKT t=27078 RX ua=95 mt=R len=7
PKT t=27083 TX ua=95 mt=P len=0
PKT t=27112 RX ua=95 mt=R len=7
PKT t=27117 TX ua=95 mt=T len=7
PKT t=27129 TX ua=95 mt=P len=0
PKT t=27138 RX ua=95 mt=R len=7
PKT t=27143 TX ua=95 mt=P len=0
PKT t=27152 RX ua=95 mt=R len=7
PKT t=27157 TX ua=95 mt=P len=0
PKT t=27166 RX ua=95 mt=R len=7
PKT t=27171 TX ua=95 mt=P len=0
PKT t=27180 RX ua=95 mt=R len=7
PKT t=27185 TX ua=95 mt=P len=0
PKT t=27214 RX ua=95 mt=R len=7
PKT t=27219 TX ua=95 mt=P len=0
PKT t=27228 RX ua=95 mt=R len=7
PKT t=27233 TX ua=95 mt=P len=0
PKT t=27242 RX ua=95 mt=R len=7
PKT t=27247 TX ua=95 mt=P len=0
PKT t=27256 RX ua=95 mt=R len=7
PKT t=27261 TX ua=95 mt=P len=0
PKT t=27270 RX ua=95 mt=R len=7
PKT t=27275 TX ua=95 mt=P len=0
PKT t=27284 RX ua=95 mt=R len=7
PKT t=27289 TX ua=95 mt=P len=0
PKT t=27318 RX ua=95 mt=R len=7
PKT t=27323 TX ua=95 mt=P len=0
PKT t=27332 RX ua=95 mt=R len=7
PKT t=27337 TX ua=95 mt=P len=0
PKT t=27346 RX ua=95 mt=R len=7
PKT t=27351 TX ua=95 mt=T len=7
PKT t=27363 TX ua=95 mt=P len=0
PKT t=27373 RX ua=95 mt=R len=7
PKT t=27378 TX ua=95 mt=P len=0
PKT t=27388 RX ua=95 mt=R len=7
PKT t=27393 TX ua=95 mt=P len=0
PKT t=27422 RX ua=95 mt=R len=7
PKT t=27427 TX ua=95 mt=P len=0
PKT t=27437 RX ua=95 mt=R len=7
PKT t=27442 TX ua=95 mt=P len=0
PKT t=27452 RX ua=95 mt=R len=7
PKT t=27457 TX ua=95 mt=P len=0
PKT t=27467 RX ua=95 mt=R len=7
PKT t=27472 TX ua=95 mt=P len=0
PKT t=27486 RX ua=95 mt=R len=7
PKT t=27491 TX ua=95 mt=P len=0
PKT t=27521 RX ua=95 mt=R len=7
PKT t=27526 TX ua=95 mt=P len=0
PKT t=27536 RX ua=95 mt=R len=7
PKT t=27541 TX ua=95 mt=P len=0
PKT t=27551 RX ua=95 mt=R len=7
PKT t=27556 TX ua=95 mt=P len=0
PKT t=27566 RX ua=95 mt=R len=7
PKT t=27571 TX ua=95 mt=P len=0
PKT t=27581 RX ua=95 mt=R len=7
PKT t=27586 TX ua=95 mt=P len=0
PKT t=27596 RX ua=95 mt=R len=7
PKT t=27601 TX ua=95 mt=T len=7
PKT t=27613 TX ua=95 mt=P len=0
PKT t=27632 RX ua=95 mt=R len=7
PKT t=27637 TX ua=95 mt=P len=0
PKT t=27646 RX ua=95 mt=R len=7
PKT t=27651 TX ua=95 mt=P len=0
PKT t=27660 RX ua=95 mt=R len=7
PKT t=27665 TX ua=95 mt=P len=0
PKT t=27674 RX ua=95 mt=R len=7
PKT t=27679 TX ua=95 mt=P len=0
PKT t=27688 RX ua=95 mt=R len=7
PKT t=27693 TX ua=95 mt=P len=0
PKT t=27702 RX ua=95 mt=R len=7
PKT t=27707 TX ua=95 mt=P len=0
PKT t=27736 RX ua=95 mt=R len=7
PKT t=27741 TX ua=95 mt=P len=0
PKT t=27750 RX ua=95 mt=R len=7
PKT t=27755 TX ua=95 mt=P len=0
PKT t=27764 RX ua=95 mt=R len=7
PKT t=27769 TX ua=95 mt=P len=0
PKT t=27778 RX ua=95 mt=R len=7
PKT t=27783 TX ua=95 mt=P len=0
PKT t=27796 RX ua=95 mt=R len=7
PKT t=27801 TX ua=95 mt=P len=0
PKT t=27810 RX ua=95 mt=R len=7
PKT t=27815 TX ua=95 mt=P len=0
PKT t=27844 RX ua=95 mt=R len=7
PKT t=27849 TX ua=95 mt=T len=7
PKT t=27861 TX ua=95 mt=P len=0
PKT t=27870 RX ua=95 mt=R len=7
PKT t=27875 TX ua=95 mt=P len=0
PKT t=27884 RX ua=95 mt=R len=7
PKT t=27889 TX ua=95 mt=P len=0
PKT t=27898 RX ua=95 mt=R len=7
PKT t=27903 TX ua=95 mt=P len=0
PKT t=27912 RX ua=95 mt=R len=7
PKT t=27917 TX ua=95 mt=P len=0
PKT t=27946 RX ua=95 mt=R len=7
PKT t=27951 TX ua=95 mt=P len=0
PKT t=27960 RX ua=95 mt=R len=7
PKT t=27965 TX ua=95 mt=P len=0
PKT t=27974 RX ua=95 mt=R len=7
PKT t=27979 TX ua=95 mt=P len=0
PKT t=27988 RX ua=95 mt=R len=7
PKT t=27993 TX ua=95 mt=P len=0
PKT t=28002 RX ua=95 mt=R len=7
PKT t=28007 TX ua=95 mt=P len=0
PKT t=28018 RX ua=95 mt=R len=7
PKT t=28023 TX ua=95 mt=P len=0
PKT t=28050 RX ua=95 mt=R len=7
PKT t=28055 TX ua=95 mt=P len=0
PKT t=28064 RX ua=95 mt=R len=7
PKT t=28069 TX ua=95 mt=P len=0
PKT t=28078 RX ua=95 mt=R len=7
PKT t=28083 TX ua=95 mt=P len=0
PKT t=28092 RX ua=95 mt=R len=7
PKT t=28097 TX ua=95 mt=T len=7
PKT t=28111 TX ua=95 mt=P len=0
PKT t=28120 RX ua=95 mt=R len=7
PKT t=28125 TX ua=95 mt=P len=0
PKT t=28154 RX ua=95 mt=R len=7
PKT t=28159 TX ua=95 mt=P len=0
PKT t=28168 RX ua=95 mt=R len=7
PKT t=28173 TX ua=95 mt=P len=0
PKT t=28182 RX ua=95 mt=R len=7
PKT t=28187 TX ua=95 mt=P len=0
PKT t=28196 RX ua=95 mt=R len=7
PKT t=28201 TX ua=95 mt=P len=0
PKT t=28210 RX ua=95 mt=R len=7
PKT t=28215 TX ua=95 mt=P len=0
PKT t=28225 RX ua=95 mt=R len=7
PKT t=28230 TX ua=95 mt=P len=0
PKT t=28261 RX ua=95 mt=R len=7
PKT t=28266 TX ua=95 mt=P len=0
PKT t=28275 RX ua=95 mt=R len=7
PKT t=28280 TX ua=95 mt=P len=0
PKT t=28289 RX ua=95 mt=R len=7
PKT t=28294 TX ua=95 mt=P len=0
PKT t=28303 RX ua=95 mt=R len=7
PKT t=28308 TX ua=95 mt=P len=0
PKT t=28317 RX ua=95 mt=R len=7
PKT t=28322 TX ua=95 mt=P len=0
PKT t=28331 RX ua=95 mt=R len=7
PKT t=28336 TX ua=95 mt=P len=0
PKT t=28365 RX ua=95 mt=R len=7
PKT t=28370 TX ua=95 mt=T len=7
PKT t=28382 TX ua=95 mt=P len=0
PKT t=28391 RX ua=95 mt=R len=7
PKT t=28396 TX ua=95 mt=P len=0
PKT t=28405 RX ua=95 mt=R len=7
PKT t=28410 TX ua=95 mt=P len=0
PKT t=28419 RX ua=95 mt=R len=7
PKT t=28424 TX ua=95 mt=P len=0
PKT t=28433 RX ua=95 mt=R len=7
PKT t=28438 TX ua=95 mt=P len=0
PKT t=28467 RX ua=95 mt=R len=7
PKT t=28472 TX ua=95 mt=P len=0
PKT t=28481 RX ua=95 mt=R len=7
PKT t=28486 TX ua=95 mt=P len=0
PKT t=28495 RX ua=95 mt=R len=7
PKT t=28500 TX ua=95 mt=P len=0
PKT t=28509 RX ua=95 mt=R len=7
PKT t=28514 TX ua=95 mt=P len=0
PKT t=28523 RX ua=95 mt=R len=7
PKT t=28528 TX ua=95 mt=P len=0
PKT t=28537 RX ua=95 mt=R len=7
PKT t=28542 TX ua=95 mt=P len=0
PKT t=28571 RX ua=95 mt=R len=7
PKT t=28576 TX ua=95 mt=P len=0
PKT t=28585 RX ua=95 mt=R len=7
PKT t=28590 TX ua=95 mt=P len=0
PKT t=28599 RX ua=95 mt=R len=7
PKT t=28604 TX ua=95 mt=T len=7
PKT t=28616 TX ua=95 mt=P len=0
PKT t=28625 RX ua=95 mt=R len=7
PKT t=28630 TX ua=95 mt=P len=0
PKT t=28639 RX ua=95 mt=R len=7
PKT t=28644 TX ua=95 mt=P len=0
PKT t=28673 RX ua=95 mt=R len=7
PKT t=28678 TX ua=95 mt=P len=0
PKT t=28687 RX ua=95 mt=R len=7
PKT t=28692 TX ua=95 mt=P len=0
PKT t=28701 RX ua=95 mt=R len=7
PKT t=28706 TX ua=95 mt=P len=0
PKT t=28715 RX ua=95 mt=R len=7
PKT t=28720 TX ua=95 mt=P len=0
PKT t=28729 RX ua=95 mt=R len=7
PKT t=28734 TX ua=95 mt=P len=0
PKT t=28743 RX ua=95 mt=R len=7
PKT t=28748 TX ua=95 mt=P len=0
PKT t=28777 RX ua=95 mt=R len=7
PKT t=28782 TX ua=95 mt=P len=0
PKT t=28791 RX ua=95 mt=R len=7
PKT t=28796 TX ua=95 mt=P len=0
PKT t=28805 RX ua=95 mt=R len=7
PKT t=28810 TX ua=95 mt=P len=0
PKT t=28819 RX ua=95 mt=R len=7
PKT t=28824 TX ua=95 mt=P len=0
PKT t=28834 RX ua=95 mt=R len=7
PKT t=28839 TX ua=95 mt=P len=0
PKT t=28848 RX ua=95 mt=R len=7
PKT t=28853 TX ua=95 mt=T len=7
PKT t=28865 TX ua=95 mt=P len=0
PKT t=28884 RX ua=95 mt=R len=7
PKT t=28889 TX ua=95 mt=P len=0
PKT t=28898 RX ua=95 mt=R len=7
PKT t=28903 TX ua=95 mt=P len=0
PKT t=28912 RX ua=95 mt=R len=7
PKT t=28917 TX ua=95 mt=P len=0
PKT t=28926 RX ua=95 mt=R len=7
PKT t=28931 TX ua=95 mt=P len=0
PKT t=28940 RX ua=95 mt=R len=7
PKT t=28945 TX ua=95 mt=P len=0
PKT t=28954 RX ua=95 mt=R len=7
PKT t=28959 TX ua=95 mt=P len=0
PKT t=28988 RX ua=95 mt=R len=7
PKT t=28993 TX ua=95 mt=P len=0
PKT t=29002 RX ua=95 mt=R len=7
PKT t=29007 TX ua=95 mt=P len=0
PKT t=29017 RX ua=95 mt=R len=7
PKT t=29022 TX ua=95 mt=P len=0
PKT t=29031 RX ua=95 mt=R len=7
PKT t=29036 TX ua=95 mt=P len=0
PKT t=29045 RX ua=95 mt=R len=7
PKT t=29050 TX ua=95 mt=P len=0
PKT t=29059 RX ua=95 mt=R len=7
PKT t=29064 TX ua=95 mt=P len=0
PKT t=29093 RX ua=95 mt=R len=7
PKT t=29098 TX ua=95 mt=T len=7
PKT t=29111 TX ua=95 mt=P len=0
PKT t=29120 RX ua=95 mt=R len=7
PKT t=29125 TX ua=95 mt=P len=0
PKT t=29134 RX ua=95 mt=R len=7
PKT t=29139 TX ua=95 mt=P len=0
PKT t=29148 RX ua=95 mt=R len=7
PKT t=29153 TX ua=95 mt=P len=0
PKT t=29162 RX ua=95 mt=R len=7
PKT t=29167 TX ua=95 mt=P len=0
PKT t=29196 RX ua=95 mt=R len=7
PKT t=29201 TX ua=95 mt=P len=0
PKT t=29210 RX ua=95 mt=R len=7
PKT t=29215 TX ua=95 mt=P len=0
PKT t=29224 RX ua=95 mt=R len=7
PKT t=29229 TX ua=95 mt=P len=0
PKT t=29238 RX ua=95 mt=R len=7
PKT t=29243 TX ua=95 mt=P len=0
PKT t=29252 RX ua=95 mt=R len=7
PKT t=29257 TX ua=95 mt=P len=0
PKT t=29266 RX ua=95 mt=R len=7
PKT t=29271 TX ua=95 mt=P len=0
PKT t=29300 RX ua=95 mt=R len=7
PKT t=29305 TX ua=95 mt=P len=0
PKT t=29314 RX ua=95 mt=R len=7
PKT t=29319 TX ua=95 mt=P len=0
PKT t=29328 RX ua=95 mt=R len=7
PKT t=29333 TX ua=95 mt=P len=0
PKT t=29346 RX ua=95 mt=R len=7
PKT t=29351 TX ua=95 mt=T len=7
PKT t=29364 TX ua=95 mt=P len=0
PKT t=29374 RX ua=95 mt=R len=7
PKT t=29379 TX ua=95 mt=P len=0
PKT t=29408 RX ua=95 mt=R len=7
PKT t=29413 TX ua=95 mt=P len=0
PKT t=29423 RX ua=95 mt=R len=7
PKT t=29428 TX ua=95 mt=P len=0
PKT t=29438 RX ua=95 mt=R len=7
PKT t=29443 TX ua=95 mt=P len=0
PKT t=29453 RX ua=95 mt=R len=7
PKT t=29458 TX ua=95 mt=P len=0
PKT t=29468 RX ua=95 mt=R len=7
PKT t=29473 TX ua=95 mt=P len=0
PKT t=29483 RX ua=95 mt=R len=7
PKT t=29488 TX ua=95 mt=P len=0
PKT t=29517 RX ua=95 mt=R len=7
PKT t=29522 TX ua=95 mt=P len=0
PKT t=29532 RX ua=95 mt=R len=7
PKT t=29537 TX ua=95 mt=P len=0
PKT t=29547 RX ua=95 mt=R len=7
PKT t=29552 TX ua=95 mt=P len=0
PKT t=29562 RX ua=95 mt=R len=7
PKT t=29567 TX ua=95 mt=P len=0
PKT t=29577 RX ua=95 mt=R len=7
PKT t=29582 TX ua=95 mt=P len=0
PKT t=29592 RX ua=95 mt=R len=7
PKT t=29597 TX ua=95 mt=T len=7
PKT t=29610 TX ua=95 mt=P len=0
PKT t=29627 RX ua=95 mt=R len=7
PKT t=29632 TX ua=95 mt=P len=0
PKT t=29641 RX ua=95 mt=R len=7
PKT t=29646 TX ua=95 mt=P len=0
PKT t=29656 RX ua=95 mt=R len=7
PKT t=29661 TX ua=95 mt=P len=0
PKT t=29670 RX ua=95 mt=R len=7
PKT t=29675 TX ua=95 mt=P len=0
PKT t=29684 RX ua=95 mt=R len=7
PKT t=29689 TX ua=95 mt=P len=0
PKT t=29698 RX ua=95 mt=R len=7
PKT t=29703 TX ua=95 mt=P len=0
PKT t=29732 RX ua=95 mt=R len=7
PKT t=29737 TX ua=95 mt=P len=0
PKT t=29746 RX ua=95 mt=R len=7
PKT t=29751 TX ua=95 mt=P len=0
PKT t=29760 RX ua=95 mt=R len=7
PKT t=29765 TX ua=95 mt=P len=0
PKT t=29774 RX ua=95 mt=R len=7
PKT t=29779 TX ua=95 mt=P len=0
PKT t=29788 RX ua=95 mt=R len=7
PKT t=29793 TX ua=95 mt=P len=0
PKT t=29802 RX ua=95 mt=R len=7
PKT t=29807 TX ua=95 mt=P len=0
PKT t=29836 RX ua=95 mt=R len=7
PKT t=29841 TX ua=95 mt=P len=0
PKT t=29850 RX ua=95 mt=R len=7
PKT t=29855 TX ua=95 mt=T len=7
PKT t=29868 TX ua=95 mt=P len=0
PKT t=29877 RX ua=95 mt=R len=7
PKT t=29882 TX ua=95 mt=P len=0
PKT t=29891 RX ua=95 mt=R len=7
PKT t=29896 TX ua=95 mt=P len=0
PKT t=29905 RX ua=95 mt=R len=7
PKT t=29910 TX ua=95 mt=P len=0
PKT t=29939 RX ua=95 mt=R len=7
PKT t=29944 TX ua=95 mt=P len=0
PKT t=29953 RX ua=95 mt=R len=7
PKT t=29958 TX ua=95 mt=P len=0
PKT t=29967 RX ua=95 mt=R len=7
PKT t=29972 TX ua=95 mt=P len=0
PKT t=29981 RX ua=95 mt=R len=7
PKT t=29986 TX ua=95 mt=P len=0
PKT t=29995 RX ua=95 mt=R len=7
PKT t=30000 TX ua=95 mt=P len=0
PKT t=30009 RX ua=95 mt=R len=7
PKT t=30014 TX ua=95 mt=P len=0
PKT t=30043 RX ua=95 mt=R len=7
PKT t=30048 TX ua=95 mt=P len=0
PKT t=30057 RX ua=95 mt=R len=7
PKT t=30062 TX ua=95 mt=P len=0
PKT t=30071 RX ua=95 mt=R len=7
PKT t=30076 TX ua=95 mt=P len=0
PKT t=30085 RX ua=95 mt=R len=7
PKT t=30090 TX ua=95 mt=P len=0
PKT t=30099 RX ua=95 mt=R len=7
PKT t=30104 TX ua=95 mt=T len=7
PKT t=30116 TX ua=95 mt=P len=0
PKT t=30145 RX ua=95 mt=R len=7
PKT t=30150 TX ua=95 mt=P len=0
PKT t=30159 RX ua=95 mt=R len=7
PKT t=30164 TX ua=95 mt=P len=0
PKT t=30173 RX ua=95 mt=R len=7
PKT t=30178 TX ua=95 mt=P len=0
PKT t=30187 RX ua=95 mt=R len=7
PKT t=30192 TX ua=95 mt=P len=0
PKT t=30201 RX ua=95 mt=R len=7
PKT t=30206 TX ua=95 mt=P len=0
PKT t=30215 RX ua=95 mt=R len=7
PKT t=30220 TX ua=95 mt=P len=0
PKT t=30249 RX ua=95 mt=R len=7
PKT t=30254 TX ua=95 mt=P len=0
PKT t=30263 RX ua=95 mt=R len=7
PKT t=30268 TX ua=95 mt=P len=0
PKT t=30277 RX ua=95 mt=R len=7
PKT t=30282 TX ua=95 mt=P len=0
PKT t=30291 RX ua=95 mt=R len=7
PKT t=30296 TX ua=95 mt=P len=0
PKT t=30305 RX ua=95 mt=R len=7
PKT t=30310 TX ua=95 mt=P len=0
PKT t=30319 RX ua=95 mt=R len=7
PKT t=30324 TX ua=95 mt=P len=0
PKT t=30353 RX ua=95 mt=R len=7
PKT t=30358 TX ua=95 mt=T len=7
PKT t=30370 TX ua=95 mt=P len=0
PKT t=30379 RX ua=95 mt=R len=7
PKT t=30384 TX ua=95 mt=P len=0
PKT t=30393 RX ua=95 mt=R len=7
PKT t=30398 TX ua=95 mt=P len=0
PKT t=30407 RX ua=95 mt=R len=7
PKT t=30412 TX ua=95 mt=P len=0
PKT t=30421 RX ua=95 mt=R len=7
PKT t=30426 TX ua=95 mt=P len=0
PKT t=30455 RX ua=95 mt=R len=7
PKT t=30460 TX ua=95 mt=P len=0
PKT t=30469 RX ua=95 mt=R len=7
PKT t=30474 TX ua=95 mt=P len=0
PKT t=30483 RX ua=95 mt=R len=7
PKT t=30488 TX ua=95 mt=P len=0
PKT t=30499 RX ua=95 mt=R len=7
PKT t=30504 TX ua=95 mt=P len=0
PKT t=30513 RX ua=95 mt=R len=7
PKT t=30518 TX ua=95 mt=P len=0
PKT t=30527 RX ua=95 mt=R len=7
PKT t=30532 TX ua=95 mt=P len=0
PKT t=30561 RX ua=95 mt=R len=7
PKT t=30566 TX ua=95 mt=P len=0
PKT t=30575 RX ua=95 mt=R len=7
PKT t=30580 TX ua=95 mt=P len=0
PKT t=30589 RX ua=95 mt=R len=7
PKT t=30594 TX ua=95 mt=P len=0
PKT t=30603 RX ua=95 mt=R len=7
PKT t=30608 TX ua=95 mt=T len=7
PKT t=30620 TX ua=95 mt=P len=0
PKT t=30629 RX ua=95 mt=R len=7
PKT t=30634 TX ua=95 mt=P len=0
PKT t=30663 RX ua=95 mt=R len=7
PKT t=30668 TX ua=95 mt=P len=0
PKT t=30678 RX ua=95 mt=R len=7
PKT t=30683 TX ua=95 mt=P len=0
PKT t=30692 RX ua=95 mt=R len=7
PKT t=30697 TX ua=95 mt=P len=0
PKT t=30706 RX ua=95 mt=R len=7
PKT t=30711 TX ua=95 mt=P len=0
PKT t=30720 RX ua=95 mt=R len=7
PKT t=30725 TX ua=95 mt=P len=0
PKT t=30734 RX ua=95 mt=R len=7
PKT t=30741 TX ua=95 mt=P len=0
PKT t=30768 RX ua=95 mt=R len=7
PKT t=30773 TX ua=95 mt=P len=0
PKT t=30782 RX ua=95 mt=R len=7
PKT t=30787 TX ua=95 mt=P len=0
PKT t=30796 RX ua=95 mt=R len=7
PKT t=30801 TX ua=95 mt=P len=0
PKT t=30810 RX ua=95 mt=R len=7
PKT t=30815 TX ua=95 mt=P len=0
PKT t=30824 RX ua=95 mt=R len=7
PKT t=30829 TX ua=95 mt=P len=0
PKT t=30838 RX ua=95 mt=R len=7
PKT t=30843 TX ua=95 mt=P len=0
PKT t=30872 RX ua=95 mt=R len=7
PKT t=30877 TX ua=95 mt=T len=7
PKT t=30889 TX ua=95 mt=P len=0
PKT t=30898 RX ua=95 mt=R len=7
PKT t=30903 TX ua=95 mt=P len=0
PKT t=30912 RX ua=95 mt=R len=7
PKT t=30917 TX ua=95 mt=P len=0
PKT t=30926 RX ua=95 mt=R len=7
PKT t=30931 TX ua=95 mt=P len=0
PKT t=30941 RX ua=95 mt=R len=7
PKT t=30946 TX ua=95 mt=P len=0
PKT t=30974 RX ua=95 mt=R len=7
PKT t=30979 TX ua=95 mt=P len=0
PKT t=30988 RX ua=95 mt=R len=7
PKT t=30993 TX ua=95 mt=P len=0
PKT t=31003 RX ua=95 mt=R len=7
PKT t=31008 TX ua=95 mt=P len=0
PKT t=31017 RX ua=95 mt=R len=7
PKT t=31022 TX ua=95 mt=P len=0
PKT t=31031 RX ua=95 mt=R len=7
PKT t=31036 TX ua=95 mt=P len=0
PKT t=31045 RX ua=95 mt=R len=7
PKT t=31051 TX ua=95 mt=P len=0
PKT t=31079 RX ua=95 mt=R len=7
PKT t=31084 TX ua=95 mt=P len=0
PKT t=31093 RX ua=95 mt=R len=7
PKT t=31098 TX ua=95 mt=T len=7
PKT t=31110 TX ua=95 mt=P len=0
PKT t=31120 RX ua=95 mt=R len=7
PKT t=31125 TX ua=95 mt=P len=0
PKT t=31134 RX ua=95 mt=R len=7
PKT t=31139 TX ua=95 mt=P len=0
PKT t=31148 RX ua=95 mt=R len=7
PKT t=31153 TX ua=95 mt=P len=0
PKT t=31182 RX ua=95 mt=R len=7
PKT t=31187 TX ua=95 mt=P len=0
PKT t=31196 RX ua=95 mt=R len=7
PKT t=31201 TX ua=95 mt=P len=0
PKT t=31210 RX ua=95 mt=R len=7
PKT t=31215 TX ua=95 mt=P len=0
PKT t=31224 RX ua=95 mt=R len=7
PKT t=31229 TX ua=95 mt=P len=0
PKT t=31238 RX ua=95 mt=R len=7
PKT t=31243 TX ua=95 mt=P len=0
PKT t=31252 RX ua=95 mt=R len=7
PKT t=31257 TX ua=95 mt=P len=0
PKT t=31286 RX ua=95 mt=R len=7
PKT t=31291 TX ua=95 mt=P len=0
PKT t=31300 RX ua=95 mt=R len=7
PKT t=31305 TX ua=95 mt=P len=0
PKT t=31314 RX ua=95 mt=R len=7
PKT t=31319 TX ua=95 mt=P len=0
PKT t=31328 RX ua=95 mt=R len=7
PKT t=31333 TX ua=95 mt=P len=0
PKT t=31342 RX ua=95 mt=R len=7
PKT t=31347 TX ua=95 mt=T len=7
PKT t=31361 TX ua=95 mt=P len=0
PKT t=31387 RX ua=95 mt=R len=7
PKT t=31392 TX ua=95 mt=P len=0
PKT t=31402 RX ua=95 mt=R len=7
PKT t=31407 TX ua=95 mt=P len=0
PKT t=31417 RX ua=95 mt=R len=7
PKT t=31422 TX ua=95 mt=P len=0
PKT t=31432 RX ua=95 mt=R len=7
PKT t=31437 TX ua=95 mt=P len=0
PKT t=31447 RX ua=95 mt=R len=7
PKT t=31452 TX ua=95 mt=P len=0
PKT t=31462 RX ua=95 mt=R len=7
PKT t=31467 TX ua=95 mt=P len=0
PKT t=31496 RX ua=95 mt=R len=7
PKT t=31501 TX ua=95 mt=P len=0
PKT t=31511 RX ua=95 mt=R len=7
PKT t=31516 TX ua=95 mt=P len=0
PKT t=31526 RX ua=95 mt=R len=7
PKT t=31531 TX ua=95 mt=P len=0
PKT t=31541 RX ua=95 mt=R len=7
PKT t=31546 TX ua=95 mt=P len=0
PKT t=31556 RX ua=95 mt=R len=7
PKT t=31561 TX ua=95 mt=P len=0
PKT t=31571 RX ua=95 mt=R len=7
PKT t=31576 TX ua=95 mt=P len=0
PKT t=31605 RX ua=95 mt=R len=7
PKT t=31610 TX ua=95 mt=T len=7
PKT t=31622 TX ua=95 mt=P len=0
PKT t=31631 RX ua=95 mt=R len=7
PKT t=31636 TX ua=95 mt=P len=0
PKT t=31646 RX ua=95 mt=R len=7
PKT t=31651 TX ua=95 mt=P len=0
PKT t=31660 RX ua=95 mt=R len=7
PKT t=31665 TX ua=95 mt=P len=0
PKT t=31674 RX ua=95 mt=R len=7
PKT t=31679 TX ua=95 mt=P len=0
PKT t=31708 RX ua=95 mt=R len=7
PKT t=31713 TX ua=95 mt=P len=0
PKT t=31722 RX ua=95 mt=R len=7
PKT t=31727 TX ua=95 mt=P len=0
PKT t=31736 RX ua=95 mt=R len=7
PKT t=31741 TX ua=95 mt=P len=0
PKT t=31750 RX ua=95 mt=R len=7
PKT t=31755 TX ua=95 mt=P len=0
PKT t=31765 RX ua=95 mt=R len=7
PKT t=31769 TX ua=95 mt=P len=0
PKT t=31778 RX ua=95 mt=R len=7
PKT t=31783 TX ua=95 mt=P len=0
PKT t=31813 RX ua=95 mt=R len=7
PKT t=31818 TX ua=95 mt=P len=0
PKT t=31827 RX ua=95 mt=R len=7
PKT t=31832 TX ua=95 mt=P len=0
PKT t=31841 RX ua=95 mt=R len=7
PKT t=31846 TX ua=95 mt=P len=0
PKT t=31855 RX ua=95 mt=R len=7
PKT t=31860 TX ua=95 mt=T len=7
PKT t=31872 TX ua=95 mt=P len=0
PKT t=31881 RX ua=95 mt=R len=7
PKT t=31886 TX ua=95 mt=P len=0
PKT t=31915 RX ua=95 mt=R len=7
PKT t=31920 TX ua=95 mt=P len=0
PKT t=31929 RX ua=95 mt=R len=7
PKT t=31934 TX ua=95 mt=P len=0
PKT t=31943 RX ua=95 mt=R len=7
PKT t=31948 TX ua=95 mt=P len=0
PKT t=31957 RX ua=95 mt=R len=7
PKT t=31962 TX ua=95 mt=P len=0
PKT t=31971 RX ua=95 mt=R len=7
PKT t=31976 TX ua=95 mt=P len=0
PKT t=31985 RX ua=95 mt=R len=7
PKT t=31990 TX ua=95 mt=P len=0
PKT t=32020 RX ua=95 mt=R len=7
PKT t=32025 TX ua=95 mt=P len=0
PKT t=32034 RX ua=95 mt=R len=7
PKT t=32039 TX ua=95 mt=P len=0
PKT t=32048 RX ua=95 mt=R len=7
PKT t=32053 TX ua=95 mt=P len=0
PKT t=32062 RX ua=95 mt=R len=7
PKT t=32067 TX ua=95 mt=P len=0
PKT t=32076 RX ua=95 mt=R len=7
PKT t=32081 TX ua=95 mt=P len=0
PKT t=32090 RX ua=95 mt=R len=7
PKT t=32095 TX ua=95 mt=P len=0
PKT t=32124 RX ua=95 mt=R len=7
PKT t=32129 TX ua=95 mt=T len=7
PKT t=32143 TX ua=95 mt=P len=0
PKT t=32152 RX ua=95 mt=R len=7
PKT t=32157 TX ua=95 mt=P len=0
PKT t=32166 RX ua=95 mt=R len=7
PKT t=32171 TX ua=95 mt=P len=0
PKT t=32180 RX ua=95 mt=R len=7
PKT t=32185 TX ua=95 mt=P len=0
PKT t=32194 RX ua=95 mt=R len=7
PKT t=32199 TX ua=95 mt=P len=0
PKT t=32228 RX ua=95 mt=R len=7
PKT t=32233 TX ua=95 mt=P len=0
PKT t=32242 RX ua=95 mt=R len=7
PKT t=32247 TX ua=95 mt=P len=0
PKT t=32256 RX ua=95 mt=R len=7
PKT t=32261 TX ua=95 mt=P len=0
PKT t=32270 RX ua=95 mt=R len=7
PKT t=32275 TX ua=95 mt=P len=0
PKT t=32284 RX ua=95 mt=R len=7
PKT t=32291 TX ua=95 mt=P len=0
PKT t=32300 RX ua=95 mt=R len=7
PKT t=32305 TX ua=95 mt=P len=0
PKT t=32334 RX ua=95 mt=R len=7
PKT t=32339 TX ua=95 mt=P len=0
PKT t=32348 RX ua=95 mt=R len=7
PKT t=32353 TX ua=95 mt=T len=7
PKT t=32365 TX ua=95 mt=P len=0
PKT t=32374 RX ua=95 mt=R len=7
PKT t=32379 TX ua=95 mt=P len=0
PKT t=32388 RX ua=95 mt=R len=7
PKT t=32393 TX ua=95 mt=P len=0
PKT t=32402 RX ua=95 mt=R len=7
PKT t=32407 TX ua=95 mt=P len=0
PKT t=32436 RX ua=95 mt=R len=7
PKT t=32441 TX ua=95 mt=P len=0
PKT t=32450 RX ua=95 mt=R len=7
PKT t=32455 TX ua=95 mt=P len=0
PKT t=32464 RX ua=95 mt=R len=7
PKT t=32469 TX ua=95 mt=P len=0
PKT t=32478 RX ua=95 mt=R len=7
PKT t=32483 TX ua=95 mt=P len=0
PKT t=32492 RX ua=95 mt=R len=7
PKT t=32497 TX ua=95 mt=P len=0
PKT t=32506 RX ua=95 mt=R len=7
PKT t=32511 TX ua=95 mt=P len=0
PKT t=32540 RX ua=95 mt=R len=7
PKT t=32545 TX ua=95 mt=P len=0
PKT t=32555 RX ua=95 mt=R len=7
PKT t=32560 TX ua=95 mt=P len=0
PKT t=32569 RX ua=95 mt=R len=7
PKT t=32574 TX ua=95 mt=P len=0
PKT t=32583 RX ua=95 mt=R len=7
PKT t=32588 TX ua=95 mt=P len=0
PKT t=32601 RX ua=95 mt=R len=7
PKT t=32606 TX ua=95 mt=T len=7
PKT t=32618 TX ua=95 mt=P len=0
PKT t=32646 RX ua=95 mt=R len=7
PKT t=32651 TX ua=95 mt=P len=0
PKT t=32660 RX ua=95 mt=R len=7
PKT t=32665 TX ua=95 mt=P len=0
PKT t=32674 RX ua=95 mt=R len=7
PKT t=32679 TX ua=95 mt=P len=0
PKT t=32688 RX ua=95 mt=R len=7
PKT t=32693 TX ua=95 mt=P len=0
PKT t=32702 RX ua=95 mt=R len=7
PKT t=32707 TX ua=95 mt=P len=0
PKT t=32716 RX ua=95 mt=R len=7
PKT t=32721 TX ua=95 mt=P len=0
PKT t=32750 RX ua=95 mt=R len=7
PKT t=32756 TX ua=95 mt=P len=0
PKT t=32765 RX ua=95 mt=R len=7
PKT t=32770 TX ua=95 mt=P len=0
PKT t=32779 RX ua=95 mt=R len=7
PKT t=32784 TX ua=95 mt=P len=0
PKT t=32793 RX ua=95 mt=R len=7
PKT t=32798 TX ua=95 mt=P len=0
PKT t=32807 RX ua=95 mt=R len=7
PKT t=32812 TX ua=95 mt=P len=0
PKT t=32821 RX ua=95 mt=R len=7
PKT t=32826 TX ua=95 mt=P len=0
PKT t=32855 RX ua=95 mt=R len=7
PKT t=32860 TX ua=95 mt=T len=7
PKT t=32872 TX ua=95 mt=P len=0
PKT t=32881 RX ua=95 mt=R len=7
PKT t=32886 TX ua=95 mt=P len=0
PKT t=32895 RX ua=95 mt=R len=7
PKT t=32900 TX ua=95 mt=P len=0
PKT t=32911 RX ua=95 mt=R len=7
PKT t=32916 TX ua=95 mt=P len=0
PKT t=32925 RX ua=95 mt=R len=7
PKT t=32930 TX ua=95 mt=P len=0
PKT t=32959 RX ua=95 mt=R len=7
PKT t=32964 TX ua=95 mt=P len=0
PKT t=32973 RX ua=95 mt=R len=7
PKT t=32978 TX ua=95 mt=P len=0
PKT t=32987 RX ua=95 mt=R len=7
PKT t=32992 TX ua=95 mt=P len=0
PKT t=33001 RX ua=95 mt=R len=7
PKT t=33006 TX ua=95 mt=P len=0
PKT t=33015 RX ua=95 mt=R len=7
PKT t=33020 TX ua=95 mt=P len=0
PKT t=33029 RX ua=95 mt=R len=7
PKT t=33034 TX ua=95 mt=P len=0
PKT t=33066 RX ua=95 mt=R len=7
PKT t=33071 TX ua=95 mt=P len=0
PKT t=33080 RX ua=95 mt=R len=7
PKT t=33085 TX ua=95 mt=P len=0
PKT t=33094 RX ua=95 mt=R len=7
PKT t=33099 TX ua=95 mt=T len=7
PKT t=33111 TX ua=95 mt=P len=0
PKT t=33120 RX ua=95 mt=R len=7
PKT t=33125 TX ua=95 mt=P len=0
PKT t=33134 RX ua=95 mt=R len=7
PKT t=33139 TX ua=95 mt=P len=0
PKT t=33168 RX ua=95 mt=R len=7
PKT t=33173 TX ua=95 mt=P len=0
PKT t=33182 RX ua=95 mt=R len=7
PKT t=33187 TX ua=95 mt=P len=0
PKT t=33196 RX ua=95 mt=R len=7
PKT t=33201 TX ua=95 mt=P len=0
PKT t=33210 RX ua=95 mt=R len=7
PKT t=33215 TX ua=95 mt=P len=0
PKT t=33224 RX ua=95 mt=R len=7
PKT t=33229 TX ua=95 mt=P len=0
PKT t=33238 RX ua=95 mt=R len=7
PKT t=33243 TX ua=95 mt=P len=0
PKT t=33273 RX ua=95 mt=R len=7
PKT t=33278 TX ua=95 mt=P len=0
PKT t=33287 RX ua=95 mt=R len=7
PKT t=33292 TX ua=95 mt=P len=0
PKT t=33301 RX ua=95 mt=R len=7
PKT t=33306 TX ua=95 mt=P len=0
PKT t=33315 RX ua=95 mt=R len=7
PKT t=33320 TX ua=95 mt=P len=0
PKT t=33329 RX ua=95 mt=R len=7
PKT t=33334 TX ua=95 mt=P len=0
PKT t=33343 RX ua=95 mt=R len=7
PKT t=33348 TX ua=95 mt=T len=7
PKT t=33360 TX ua=95 mt=P len=0
PKT t=33380 RX ua=95 mt=R len=7
PKT t=33385 TX ua=95 mt=P len=0
PKT t=33395 RX ua=95 mt=R len=7
PKT t=33400 TX ua=95 mt=P len=0
PKT t=33410 RX ua=95 mt=R len=7
PKT t=33415 TX ua=95 mt=P len=0
PKT t=33425 RX ua=95 mt=R len=7
PKT t=33430 TX ua=95 mt=P len=0
PKT t=33440 RX ua=95 mt=R len=7
PKT t=33445 TX ua=95 mt=P len=0
PKT t=33477 RX ua=95 mt=R len=7
PKT t=33482 TX ua=95 mt=P len=0
PKT t=33492 RX ua=95 mt=R len=7
PKT t=33497 TX ua=95 mt=P len=0
PKT t=33507 RX ua=95 mt=R len=7
PKT t=33512 TX ua=95 mt=P len=0
PKT t=33522 RX ua=95 mt=R len=7
PKT t=33527 TX ua=95 mt=P len=0
PKT t=33537 RX ua=95 mt=R len=7
PKT t=33542 TX ua=95 mt=P len=0
PKT t=33552 RX ua=95 mt=R len=7
PKT t=33557 TX ua=95 mt=P len=0
PKT t=33586 RX ua=95 mt=R len=7
PKT t=33591 TX ua=95 mt=P len=0
PKT t=33601 RX ua=95 mt=R len=7
PKT t=33606 TX ua=95 mt=T len=7
PKT t=33618 TX ua=95 mt=P len=0
PKT t=33627 RX ua=95 mt=R len=7
PKT t=33632 TX ua=95 mt=P len=0
PKT t=33641 RX ua=95 mt=R len=7
PKT t=33646 TX ua=95 mt=P len=0
PKT t=33655 RX ua=95 mt=R len=7
PKT t=33660 TX ua=95 mt=P len=0
PKT t=33689 RX ua=95 mt=R len=7
PKT t=33694 TX ua=95 mt=P len=0
PKT t=33703 RX ua=95 mt=R len=7
PKT t=33708 TX ua=95 mt=P len=0
PKT t=33717 RX ua=95 mt=R len=7
PKT t=33722 TX ua=95 mt=P len=0
PKT t=33731 RX ua=95 mt=R len=7
PKT t=33736 TX ua=95 mt=P len=0
PKT t=33745 RX ua=95 mt=R len=7
PKT t=33750 TX ua=95 mt=P len=0
PKT t=33759 RX ua=95 mt=R len=7
PKT t=33764 TX ua=95 mt=P len=0
PKT t=33793 RX ua=95 mt=R len=7
PKT t=33798 TX ua=95 mt=P len=0
PKT t=33807 RX ua=95 mt=R len=7
PKT t=33812 TX ua=95 mt=P len=0
PKT t=33821 RX ua=95 mt=R len=7
PKT t=33826 TX ua=95 mt=P len=0
PKT t=33835 RX ua=95 mt=R len=7
PKT t=33841 TX ua=95 mt=P len=0
PKT t=33850 RX ua=95 mt=R len=7
PKT t=33855 TX ua=95 mt=T len=7
PKT t=33867 TX ua=95 mt=P len=0
PKT t=33895 RX ua=95 mt=R len=7
PKT t=33900 TX ua=95 mt=P len=0
PKT t=33909 RX ua=95 mt=R len=7
PKT t=33914 TX ua=95 mt=P len=0
PKT t=33923 RX ua=95 mt=R len=7
PKT t=33928 TX ua=95 mt=P len=0
PKT t=33937 RX ua=95 mt=R len=7
PKT t=33942 TX ua=95 mt=P len=0
PKT t=33951 RX ua=95 mt=R len=7
PKT t=33956 TX ua=95 mt=P len=0
PKT t=33965 RX ua=95 mt=R len=7
PKT t=33970 TX ua=95 mt=P len=0
PKT t=33999 RX ua=95 mt=R len=7
PKT t=34004 TX ua=95 mt=P len=0
PKT t=34013 RX ua=95 mt=R len=7
PKT t=34021 TX ua=95 mt=P len=0
PKT t=34030 RX ua=95 mt=R len=7
PKT t=34035 TX ua=95 mt=P len=0
PKT t=34044 RX ua=95 mt=R len=7
PKT t=34049 TX ua=95 mt=P len=0
PKT t=34058 RX ua=95 mt=R len=7
PKT t=34063 TX ua=95 mt=P len=0
PKT t=34072 RX ua=95 mt=R len=7
PKT t=34077 TX ua=95 mt=P len=0
PKT t=34106 RX ua=95 mt=R len=7
PKT t=34111 TX ua=95 mt=T len=7
PKT t=34124 TX ua=95 mt=P len=0
PKT t=34133 RX ua=95 mt=R len=7
PKT t=34138 TX ua=95 mt=T len=7
PKT t=34151 TX ua=95 mt=P len=0
PKT t=34160 RX ua=95 mt=R len=7
PKT t=34165 TX ua=95 mt=P len=0
PKT t=34174 RX ua=95 mt=R len=7
PKT t=34179 TX ua=95 mt=P len=0
PKT t=34213 RX ua=95 mt=R len=7
PKT t=34218 TX ua=95 mt=P len=0
PKT t=34227 RX ua=95 mt=R len=7
PKT t=34232 TX ua=95 mt=P len=0
PKT t=34241 RX ua=95 mt=R len=7
PKT t=34246 TX ua=95 mt=P len=0
PKT t=34255 RX ua=95 mt=R len=7
PKT t=34260 TX ua=95 mt=P len=0
PKT t=34269 RX ua=95 mt=R len=7
PKT t=34274 TX ua=95 mt=P len=0
PKT t=34283 RX ua=95 mt=R len=7
PKT t=34288 TX ua=95 mt=P len=0
PKT t=34317 RX ua=95 mt=R len=7
PKT t=34322 TX ua=95 mt=P len=0
PKT t=34331 RX ua=95 mt=R len=7
PKT t=34336 TX ua=95 mt=P len=0
PKT t=34345 RX ua=95 mt=R len=7
PKT t=34350 TX ua=95 mt=T len=7
PKT t=34363 TX ua=95 mt=P len=0
PKT t=34372 RX ua=95 mt=R len=7
PKT t=34377 TX ua=95 mt=P len=0
PKT t=34386 RX ua=95 mt=R len=7
PKT t=34391 TX ua=95 mt=P len=0
PKT t=34420 RX ua=95 mt=R len=7
PKT t=34425 TX ua=95 mt=P len=0
PKT t=34434 RX ua=95 mt=R len=7
PKT t=34439 TX ua=95 mt=P len=0
PKT t=34448 RX ua=95 mt=R len=7
PKT t=34453 TX ua=95 mt=P len=0
PKT t=34462 RX ua=95 mt=R len=7
PKT t=34467 TX ua=95 mt=P len=0
PKT t=34476 RX ua=95 mt=R len=7
PKT t=34481 TX ua=95 mt=P len=0
PKT t=34490 RX ua=95 mt=R len=7
PKT t=34495 TX ua=95 mt=P len=0
PKT t=34524 RX ua=95 mt=R len=7
PKT t=34529 TX ua=95 mt=P len=0
PKT t=34538 RX ua=95 mt=R len=7
PKT t=34543 TX ua=95 mt=P len=0
PKT t=34552 RX ua=95 mt=R len=7
PKT t=34557 TX ua=95 mt=P len=0
PKT t=34566 RX ua=95 mt=R len=7
PKT t=34571 TX ua=95 mt=P len=0
PKT t=34580 RX ua=95 mt=R len=7
PKT t=34585 TX ua=95 mt=P len=0
PKT t=34594 RX ua=95 mt=R len=7
PKT t=34599 TX ua=95 mt=T len=7
PKT t=34612 TX ua=95 mt=P len=0
PKT t=34630 RX ua=95 mt=R len=7
PKT t=34635 TX ua=95 mt=P len=0
PKT t=34644 RX ua=95 mt=R len=7
PKT t=34649 TX ua=95 mt=P len=0
PKT t=34658 RX ua=95 mt=R len=7
PKT t=34663 TX ua=95 mt=P len=0
PKT t=34672 RX ua=95 mt=R len=7
PKT t=34677 TX ua=95 mt=P len=0
PKT t=34686 RX ua=95 mt=R len=7
PKT t=34691 TX ua=95 mt=P len=0
PKT t=34700 RX ua=95 mt=R len=7
PKT t=34705 TX ua=95 mt=P len=0
PKT t=34734 RX ua=95 mt=R len=7
PKT t=34739 TX ua=95 mt=P len=0
PKT t=34748 RX ua=95 mt=R len=7
PKT t=34753 TX ua=95 mt=P len=0
PKT t=34762 RX ua=95 mt=R len=7
PKT t=34767 TX ua=95 mt=P len=0
PKT t=34776 RX ua=95 mt=R len=7
PKT t=34781 TX ua=95 mt=P len=0
PKT t=34790 RX ua=95 mt=R len=7
PKT t=34795 TX ua=95 mt=P len=0
PKT t=34804 RX ua=95 mt=R len=7
PKT t=34809 TX ua=95 mt=P len=0
PKT t=34838 RX ua=95 mt=R len=7
PKT t=34843 TX ua=95 mt=P len=0
PKT t=34852 RX ua=95 mt=R len=7
PKT t=34857 TX ua=95 mt=T len=7
PKT t=34870 TX ua=95 mt=P len=0
PKT t=34879 RX ua=95 mt=R len=7
PKT t=34884 TX ua=95 mt=P len=0
PKT t=34893 RX ua=95 mt=R len=7
PKT t=34898 TX ua=95 mt=P len=0
PKT t=34907 RX ua=95 mt=R len=7
PKT t=34912 TX ua=95 mt=P len=0
PKT t=34941 RX ua=95 mt=R len=7
PKT t=34946 TX ua=95 mt=P len=0
PKT t=34955 RX ua=95 mt=R len=7
PKT t=34960 TX ua=95 mt=P len=0
PKT t=34970 RX ua=95 mt=R len=7
PKT t=34974 TX ua=95 mt=P len=0
PKT t=34983 RX ua=95 mt=R len=7
PKT t=34988 TX ua=95 mt=P len=0
PKT t=34997 RX ua=95 mt=R len=7
PKT t=35002 TX ua=95 mt=P len=0
PKT t=35011 RX ua=95 mt=R len=7
PKT t=35016 TX ua=95 mt=P len=0
PKT t=35045 RX ua=95 mt=R len=7
PKT t=35050 TX ua=95 mt=P len=0
PKT t=35059 RX ua=95 mt=R len=7
PKT t=35064 TX ua=95 mt=P len=0
PKT t=35073 RX ua=95 mt=R len=7
PKT t=35081 TX ua=95 mt=P len=0
PKT t=35090 RX ua=95 mt=R len=7
PKT t=35095 TX ua=95 mt=P len=0
PKT t=35104 RX ua=95 mt=R len=7
PKT t=35109 TX ua=95 mt=T len=7
PKT t=35121 TX ua=95 mt=P len=0
PKT t=35149 RX ua=95 mt=R len=7
PKT t=35154 TX ua=95 mt=P len=0
PKT t=35163 RX ua=95 mt=R len=7
PKT t=35168 TX ua=95 mt=P len=0
PKT t=35177 RX ua=95 mt=R len=7
PKT t=35182 TX ua=95 mt=P len=0
PKT t=35191 RX ua=95 mt=R len=7
PKT t=35196 TX ua=95 mt=P len=0
PKT t=35205 RX ua=95 mt=R len=7
PKT t=35210 TX ua=96 mt=P len=0
PKT t=35468 TX ua=95 mt=P len=0
PKT t=35477 RX ua=95 mt=R len=7
PKT t=35482 TX ua=95 mt=T len=7
PKT t=35494 TX ua=95 mt=P len=0
PKT t=35504 RX ua=95 mt=R len=7
PKT t=35509 TX ua=95 mt=P len=0
PKT t=35519 RX ua=95 mt=R len=7
PKT t=35524 TX ua=95 mt=P len=0
PKT t=35553 RX ua=95 mt=R len=7
PKT t=35558 TX ua=95 mt=P len=0
PKT t=35568 RX ua=95 mt=R len=7
PKT t=35573 TX ua=95 mt=P len=0
PKT t=35583 RX ua=95 mt=R len=7
PKT t=35588 TX ua=95 mt=P len=0
PKT t=35598 RX ua=95 mt=R len=7
PKT t=35603 TX ua=95 mt=T len=7
PKT t=35615 TX ua=95 mt=P len=0
PKT t=35624 RX ua=95 mt=R len=7
PKT t=35629 TX ua=95 mt=P len=0
PKT t=35658 RX ua=95 mt=R len=7
PKT t=35663 TX ua=95 mt=P len=0
PKT t=35673 RX ua=95 mt=R len=7
PKT t=35678 TX ua=95 mt=P len=0
PKT t=35687 RX ua=95 mt=R len=7
PKT t=35692 TX ua=95 mt=P len=0
PKT t=35701 RX ua=95 mt=R len=7
PKT t=35706 TX ua=95 mt=P len=0
PKT t=35715 RX ua=95 mt=R len=7
PKT t=35720 TX ua=95 mt=P len=0
PKT t=35729 RX ua=95 mt=R len=7
PKT t=35734 TX ua=95 mt=P len=0
PKT t=35763 RX ua=95 mt=R len=7
PKT t=35768 TX ua=95 mt=P len=0
PKT t=35777 RX ua=95 mt=R len=7
PKT t=35782 TX ua=95 mt=P len=0
PKT t=35791 RX ua=95 mt=R len=7
PKT t=35796 TX ua=95 mt=P len=0
PKT t=35806 RX ua=95 mt=R len=7
PKT t=35810 TX ua=95 mt=P len=0
PKT t=35819 RX ua=95 mt=R len=7
PKT t=35824 TX ua=95 mt=P len=0
PKT t=35833 RX ua=95 mt=R len=7
PKT t=35838 TX ua=95 mt=P len=0
PKT t=35867 RX ua=95 mt=R len=7
PKT t=35872 TX ua=95 mt=T len=7
PKT t=35884 TX ua=95 mt=P len=0
PKT t=35893 RX ua=95 mt=R len=7
PKT t=35898 TX ua=95 mt=P len=0
PKT t=35907 RX ua=95 mt=R len=7
PKT t=35912 TX ua=95 mt=P len=0
PKT t=35921 RX ua=95 mt=R len=7
PKT t=35926 TX ua=95 mt=P len=0
PKT t=35935 RX ua=95 mt=R len=7
PKT t=35940 TX ua=95 mt=P len=0
PKT t=35969 RX ua=95 mt=R len=7
PKT t=35974 TX ua=95 mt=P len=0
PKT t=35983 RX ua=95 mt=R len=7
PKT t=35988 TX ua=95 mt=P len=0
PKT t=35997 RX ua=95 mt=R len=7
PKT t=36002 TX ua=95 mt=P len=0
PKT t=36011 RX ua=95 mt=R len=7
PKT t=36016 TX ua=95 mt=P len=0
PKT t=36025 RX ua=95 mt=R len=7
PKT t=36030 TX ua=95 mt=P len=0
PKT t=36039 RX ua=95 mt=R len=7
PKT t=36044 TX ua=95 mt=P len=0
PKT t=36073 RX ua=95 mt=R len=7
PKT t=36078 TX ua=95 mt=P len=0
PKT t=36087 RX ua=95 mt=R len=7
PKT t=36092 TX ua=95 mt=P len=0
PKT t=36101 RX ua=95 mt=R len=7
PKT t=36106 TX ua=95 mt=T len=7
PKT t=36118 TX ua=95 mt=P len=0
PKT t=36127 RX ua=95 mt=R len=7
PKT t=36132 TX ua=95 mt=P len=0
PKT t=36141 RX ua=95 mt=R len=7
PKT t=36146 TX ua=95 mt=P len=0
PKT t=36175 RX ua=95 mt=R len=7
PKT t=36180 TX ua=95 mt=P len=0
PKT t=36189 RX ua=95 mt=R len=7
PKT t=36194 TX ua=95 mt=P len=0
PKT t=36203 RX ua=95 mt=R len=7
PKT t=36208 TX ua=95 mt=P len=0
PKT t=36217 RX ua=95 mt=R len=7
PKT t=36222 TX ua=95 mt=P len=0
PKT t=36231 RX ua=95 mt=R len=7
PKT t=36236 TX ua=95 mt=P len=0
PKT t=36245 RX ua=95 mt=R len=7
PKT t=36250 TX ua=95 mt=P len=0
PKT t=36279 RX ua=95 mt=R len=7
PKT t=36284 TX ua=95 mt=P len=0
PKT t=36293 RX ua=95 mt=R len=7
PKT t=36298 TX ua=95 mt=P len=0
PKT t=36307 RX ua=95 mt=R len=7
PKT t=36312 TX ua=95 mt=P len=0
PKT t=36321 RX ua=95 mt=R len=7
PKT t=36326 TX ua=95 mt=P len=0
PKT t=36335 RX ua=95 mt=R len=7
PKT t=36340 TX ua=95 mt=P len=0
PKT t=36349 RX ua=95 mt=R len=7
PKT t=36354 TX ua=95 mt=T len=7
PKT t=36366 TX ua=95 mt=P len=0
PKT t=36386 RX ua=95 mt=R len=7
PKT t=36391 TX ua=95 mt=P len=0
PKT t=36400 RX ua=95 mt=R len=7
PKT t=36405 TX ua=95 mt=P len=0
PKT t=36414 RX ua=95 mt=R len=7
PKT t=36419 TX ua=95 mt=P len=0
PKT t=36428 RX ua=95 mt=R len=7
PKT t=36433 TX ua=95 mt=P len=0
PKT t=36442 RX ua=95 mt=R len=7
PKT t=36447 TX ua=95 mt=P len=0
PKT t=36456 RX ua=95 mt=R len=7
PKT t=36461 TX ua=95 mt=P len=0
PKT t=36490 RX ua=95 mt=R len=7
PKT t=36495 TX ua=95 mt=P len=0
PKT t=36504 RX ua=95 mt=R len=7
PKT t=36509 TX ua=95 mt=P len=0
PKT t=36518 RX ua=95 mt=R len=7
PKT t=36523 TX ua=95 mt=P len=0
PKT t=36532 RX ua=95 mt=R len=7
PKT t=36537 TX ua=95 mt=P len=0
PKT t=36546 RX ua=95 mt=R len=7
PKT t=36551 TX ua=95 mt=P len=0
PKT t=36560 RX ua=95 mt=R len=7
PKT t=36565 TX ua=95 mt=P len=0
PKT t=36594 RX ua=95 mt=R len=7
PKT t=36599 TX ua=95 mt=T len=7
PKT t=36611 TX ua=95 mt=P len=0
PKT t=36620 RX ua=95 mt=R len=7
PKT t=36625 TX ua=95 mt=P len=0
PKT t=36634 RX ua=95 mt=R len=7
PKT t=36639 TX ua=95 mt=P len=0
PKT t=36648 RX ua=95 mt=R len=7
PKT t=36653 TX ua=95 mt=P len=0
PKT t=36662 RX ua=95 mt=R len=7
PKT t=36667 TX ua=95 mt=P len=0
PKT t=36696 RX ua=95 mt=R len=7
PKT t=36701 TX ua=95 mt=P len=0
PKT t=36710 RX ua=95 mt=R len=7
PKT t=36715 TX ua=95 mt=P len=0
PKT t=36724 RX ua=95 mt=R len=7
PKT t=36729 TX ua=95 mt=P len=0
PKT t=36738 RX ua=95 mt=R len=7
PKT t=36743 TX ua=95 mt=P len=0
PKT t=36752 RX ua=95 mt=R len=7
PKT t=36757 TX ua=95 mt=P len=0
PKT t=36766 RX ua=95 mt=R len=7
PKT t=36771 TX ua=95 mt=P len=0
PKT t=36801 RX ua=95 mt=R len=7
PKT t=36806 TX ua=95 mt=P len=0
PKT t=36815 RX ua=95 mt=R len=7
PKT t=36820 TX ua=95 mt=P len=0
PKT t=36829 RX ua=95 mt=R len=7
PKT t=36834 TX ua=95 mt=P len=0
PKT t=36843 RX ua=95 mt=R len=7
PKT t=36848 TX ua=95 mt=T len=7
PKT t=36860 TX ua=95 mt=P len=0
PKT t=36870 RX ua=95 mt=R len=7
PKT t=36875 TX ua=95 mt=P len=0
PKT t=36904 RX ua=95 mt=R len=7
PKT t=36909 TX ua=95 mt=P len=0
PKT t=36918 RX ua=95 mt=R len=7
PKT t=36923 TX ua=95 mt=P len=0
PKT t=36932 RX ua=95 mt=R len=7
PKT t=36937 TX ua=95 mt=P len=0
PKT t=36946 RX ua=95 mt=R len=7
PKT t=36951 TX ua=95 mt=P len=0
PKT t=36960 RX ua=95 mt=R len=7
PKT t=36965 TX ua=95 mt=P len=0
PKT t=36974 RX ua=95 mt=R len=7
PKT t=36979 TX ua=95 mt=P len=0
PKT t=37008 RX ua=95 mt=R len=7
PKT t=37013 TX ua=95 mt=P len=0
PKT t=37022 RX ua=95 mt=R len=7
PKT t=37027 TX ua=95 mt=P len=0
PKT t=37036 RX ua=95 mt=R len=7
PKT t=37041 TX ua=95 mt=P len=0
PKT t=37050 RX ua=95 mt=R len=7
PKT t=37055 TX ua=95 mt=P len=0
PKT t=37064 RX ua=95 mt=R len=7
PKT t=37069 TX ua=95 mt=P len=0
PKT t=37078 RX ua=95 mt=R len=7
PKT t=37083 TX ua=95 mt=P len=0
PKT t=37112 RX ua=95 mt=R len=7
PKT t=37117 TX ua=95 mt=T len=7
PKT t=37130 TX ua=95 mt=P len=0
PKT t=37139 RX ua=95 mt=R len=7
PKT t=37144 TX ua=95 mt=P len=0
PKT t=37153 RX ua=95 mt=R len=7
PKT t=37158 TX ua=95 mt=P len=0
PKT t=37167 RX ua=95 mt=R len=7
PKT t=37172 TX ua=95 mt=P len=0
PKT t=37181 RX ua=95 mt=R len=7
PKT t=37186 TX ua=95 mt=P len=0
PKT t=37215 RX ua=95 mt=R len=7
PKT t=37220 TX ua=95 mt=P len=0
PKT t=37229 RX ua=95 mt=R len=7
PKT t=37234 TX ua=95 mt=P len=0
PKT t=37243 RX ua=95 mt=R len=7
PKT t=37251 TX ua=95 mt=P len=0
PKT t=37260 RX ua=95 mt=R len=7
PKT t=37265 TX ua=95 mt=P len=0
PKT t=37274 RX ua=95 mt=R len=7
PKT t=37279 TX ua=95 mt=P len=0
PKT t=37288 RX ua=95 mt=R len=7
PKT t=37293 TX ua=95 mt=P len=0
PKT t=37322 RX ua=95 mt=R len=7
PKT t=37327 TX ua=95 mt=P len=0
PKT t=37336 RX ua=95 mt=R len=7
PKT t=37341 TX ua=95 mt=P len=0
PKT t=37350 RX ua=95 mt=R len=7
PKT t=37355 TX ua=95 mt=T len=7
PKT t=37368 TX ua=95 mt=P len=0
PKT t=37378 RX ua=95 mt=R len=7
PKT t=37383 TX ua=95 mt=P len=0
PKT t=37393 RX ua=95 mt=R len=7
PKT t=37398 TX ua=95 mt=P len=0
PKT t=37427 RX ua=95 mt=R len=7
PKT t=37432 TX ua=95 mt=P len=0
PKT t=37442 RX ua=95 mt=R len=7
PKT t=37447 TX ua=95 mt=P len=0
PKT t=37457 RX ua=95 mt=R len=7
PKT t=37462 TX ua=95 mt=P len=0
PKT t=37472 RX ua=95 mt=R len=7
PKT t=37477 TX ua=95 mt=P len=0
PKT t=37487 RX ua=95 mt=R len=7
PKT t=37492 TX ua=95 mt=P len=0
PKT t=37502 RX ua=95 mt=R len=7
PKT t=37507 TX ua=95 mt=P len=0
